row_index,name_ko,name_ja,name_en,category,affiliation,source_store,source_url,source_url_is_generic,source_url_is_product_detail,strategy,provider_status,automation_safety,priority,query,search_url
920,치이카와 러버 스트랩 (치이카와),ちいかわ ラバーストラップ (ちいかわ),,키링,치이카와,엔스카이,,False,False,official_search,search_only,candidate_provider_script_required,10,ちいかわ ラバーストラップ (ちいかわ),https://www.enskyshop.com/products/list?name=%E3%81%A1%E3%81%84%E3%81%8B%E3%82%8F%20%E3%83%A9%E3%83%90%E3%83%BC%E3%82%B9%E3%83%88%E3%83%A9%E3%83%83%E3%83%97%20%28%E3%81%A1%E3%81%84%E3%81%8B%E3%82%8F%29
921,치이카와 러버 스트랩 (하치와레),ちいかわ ラバーストラップ (ハチワレ),,키링,치이카와,엔스카이,,False,False,official_search,search_only,candidate_provider_script_required,10,ちいかわ ラバーストラップ (ハチワレ),https://www.enskyshop.com/products/list?name=%E3%81%A1%E3%81%84%E3%81%8B%E3%82%8F%20%E3%83%A9%E3%83%90%E3%83%BC%E3%82%B9%E3%83%88%E3%83%A9%E3%83%83%E3%83%97%20%28%E3%83%8F%E3%83%81%E3%83%AF%E3%83%AC%29
922,치이카와 러버 스트랩 (우사기),ちいかわ ラバーストラップ (うさぎ),,키링,치이카와,엔스카이,,False,False,official_search,search_only,candidate_provider_script_required,10,ちいかわ ラバーストラップ (うさぎ),https://www.enskyshop.com/products/list?name=%E3%81%A1%E3%81%84%E3%81%8B%E3%82%8F%20%E3%83%A9%E3%83%90%E3%83%BC%E3%82%B9%E3%83%88%E3%83%A9%E3%83%83%E3%83%97%20%28%E3%81%86%E3%81%95%E3%81%8E%29
923,치이카와 모치푸니 러버 스트랩 (모몽가),ちいかわ もちぷにラバーストラップ (モモンガ),,키링,치이카와,엔스카이,,False,False,official_search,search_only,candidate_provider_script_required,10,ちいかわ もちぷにラバーストラップ (モモンガ),https://www.enskyshop.com/products/list?name=%E3%81%A1%E3%81%84%E3%81%8B%E3%82%8F%20%E3%82%82%E3%81%A1%E3%81%B7%E3%81%AB%E3%83%A9%E3%83%90%E3%83%BC%E3%82%B9%E3%83%88%E3%83%A9%E3%83%83%E3%83%97%20%28%E3%83%A2%E3%83%A2%E3%83%B3%E3%82%AC%29
924,치이카와 모치푸니 러버 스트랩 (쿠리만쥬),ちいかわ もちぷにラバーストラップ (栗まんじゅう),,키링,치이카와,엔스카이,,False,False,official_search,search_only,candidate_provider_script_required,10,ちいかわ もちぷにラバーストラップ (栗まんじゅう),https://www.enskyshop.com/products/list?name=%E3%81%A1%E3%81%84%E3%81%8B%E3%82%8F%20%E3%82%82%E3%81%A1%E3%81%B7%E3%81%AB%E3%83%A9%E3%83%90%E3%83%BC%E3%82%B9%E3%83%88%E3%83%A9%E3%83%83%E3%83%97%20%28%E6%A0%97%E3%81%BE%E3%82%93%E3%81%98%E3%82%85%E3%81%86%29
925,치이카와 카라비너 러버 스트랩 (치이카와),ちいかわ カラビナ付きラバーストラップ (ちいかわ),,키링,치이카와,엔스카이,,False,False,official_search,search_only,candidate_provider_script_required,10,ちいかわ カラビナ付きラバーストラップ (ちいかわ),https://www.enskyshop.com/products/list?name=%E3%81%A1%E3%81%84%E3%81%8B%E3%82%8F%20%E3%82%AB%E3%83%A9%E3%83%93%E3%83%8A%E4%BB%98%E3%81%8D%E3%83%A9%E3%83%90%E3%83%BC%E3%82%B9%E3%83%88%E3%83%A9%E3%83%83%E3%83%97%20%28%E3%81%A1%E3%81%84%E3%81%8B%E3%82%8F%29
926,치이카와 카라비너 러버 스트랩 (하치와레),ちいかわ カラビナ付きラバーストラップ (ハチワレ),,키링,치이카와,엔스카이,,False,False,official_search,search_only,candidate_provider_script_required,10,ちいかわ カラビナ付きラバーストラップ (ハチワレ),https://www.enskyshop.com/products/list?name=%E3%81%A1%E3%81%84%E3%81%8B%E3%82%8F%20%E3%82%AB%E3%83%A9%E3%83%93%E3%83%8A%E4%BB%98%E3%81%8D%E3%83%A9%E3%83%90%E3%83%BC%E3%82%B9%E3%83%88%E3%83%A9%E3%83%83%E3%83%97%20%28%E3%83%8F%E3%83%81%E3%83%AF%E3%83%AC%29
927,치이카와 아크릴 스탠드 (치이카와),ちいかわ アクリルスタンド (ちいかわ),,아크릴 스탠드,치이카와,엔스카이,,False,False,official_search,search_only,candidate_provider_script_required,10,ちいかわ アクリルスタンド (ちいかわ),https://www.enskyshop.com/products/list?name=%E3%81%A1%E3%81%84%E3%81%8B%E3%82%8F%20%E3%82%A2%E3%82%AF%E3%83%AA%E3%83%AB%E3%82%B9%E3%82%BF%E3%83%B3%E3%83%89%20%28%E3%81%A1%E3%81%84%E3%81%8B%E3%82%8F%29
928,치이카와 아크릴 스탠드 (하치와레),ちいかわ アクリルスタンド (ハチワレ),,아크릴 스탠드,치이카와,엔스카이,,False,False,official_search,search_only,candidate_provider_script_required,10,ちいかわ アクリルスタンド (ハチワレ),https://www.enskyshop.com/products/list?name=%E3%81%A1%E3%81%84%E3%81%8B%E3%82%8F%20%E3%82%A2%E3%82%AF%E3%83%AA%E3%83%AB%E3%82%B9%E3%82%BF%E3%83%B3%E3%83%89%20%28%E3%83%8F%E3%83%81%E3%83%AF%E3%83%AC%29
929,치이카와 아크릴 스탠드 (우사기),ちいかわ アクリルスタンド (うさぎ),,아크릴 스탠드,치이카와,엔스카이,,False,False,official_search,search_only,candidate_provider_script_required,10,ちいかわ アクリルスタンド (うさぎ),https://www.enskyshop.com/products/list?name=%E3%81%A1%E3%81%84%E3%81%8B%E3%82%8F%20%E3%82%A2%E3%82%AF%E3%83%AA%E3%83%AB%E3%82%B9%E3%82%BF%E3%83%B3%E3%83%89%20%28%E3%81%86%E3%81%95%E3%81%8E%29
930,치이카와 빅 아크릴 스탠드 (치이카와),ちいかわ ビッグアクリルスタンド (ちいかわ),,아크릴 스탠드,치이카와,엔스카이,,False,False,official_search,search_only,candidate_provider_script_required,10,ちいかわ ビッグアクリルスタンド (ちいかわ),https://www.enskyshop.com/products/list?name=%E3%81%A1%E3%81%84%E3%81%8B%E3%82%8F%20%E3%83%93%E3%83%83%E3%82%B0%E3%82%A2%E3%82%AF%E3%83%AA%E3%83%AB%E3%82%B9%E3%82%BF%E3%83%B3%E3%83%89%20%28%E3%81%A1%E3%81%84%E3%81%8B%E3%82%8F%29
931,치이카와 스탠드 미니 (모몽가),ちいかわ スタンドミニ (モモンガ),,아크릴 스탠드,치이카와,엔스카이,,False,False,official_search,search_only,candidate_provider_script_required,10,ちいかわ スタンドミニ (モモンガ),https://www.enskyshop.com/products/list?name=%E3%81%A1%E3%81%84%E3%81%8B%E3%82%8F%20%E3%82%B9%E3%82%BF%E3%83%B3%E3%83%89%E3%83%9F%E3%83%8B%20%28%E3%83%A2%E3%83%A2%E3%83%B3%E3%82%AC%29
932,치이카와 트레이딩 아크릴 키홀더 (라부라부),ちいかわ トレーディングアクリルキーホルダー (らぶらぶシリーズ),,아크릴 키링,치이카와,엔스카이,,False,False,official_search,search_only,candidate_provider_script_required,10,ちいかわ トレーディングアクリルキーホルダー (らぶらぶシリーズ),https://www.enskyshop.com/products/list?name=%E3%81%A1%E3%81%84%E3%81%8B%E3%82%8F%20%E3%83%88%E3%83%AC%E3%83%BC%E3%83%87%E3%82%A3%E3%83%B3%E3%82%B0%E3%82%A2%E3%82%AF%E3%83%AA%E3%83%AB%E3%82%AD%E3%83%BC%E3%83%9B%E3%83%AB%E3%83%80%E3%83%BC%20%28%E3%82%89%E3%81%B6%E3%82%89%E3%81%B6%E3%82%B7%E3%83%AA%E3%83%BC%E3%82%BA%29
933,치이카와 아크릴 피규어 (라부라부 시리즈),ちいかわ アクリルフィギュア (らぶらぶシリーズ),,아크릴 스탠드,치이카와,엔스카이,,False,False,official_search,search_only,candidate_provider_script_required,10,ちいかわ アクリルフィギュア (らぶらぶシリーズ),https://www.enskyshop.com/products/list?name=%E3%81%A1%E3%81%84%E3%81%8B%E3%82%8F%20%E3%82%A2%E3%82%AF%E3%83%AA%E3%83%AB%E3%83%95%E3%82%A3%E3%82%AE%E3%83%A5%E3%82%A2%20%28%E3%82%89%E3%81%B6%E3%82%89%E3%81%B6%E3%82%B7%E3%83%AA%E3%83%BC%E3%82%BA%29
963,쿠리만쥬 ご当地 마스코트 (센다이 즌다),くりまんじゅう ご当地マスコット (仙台 ずんだ),,마스코트,치이카와,엔스카이,,False,False,official_search,search_only,candidate_provider_script_required,10,くりまんじゅう ご当地マスコット (仙台 ずんだ),https://www.enskyshop.com/products/list?name=%E3%81%8F%E3%82%8A%E3%81%BE%E3%82%93%E3%81%98%E3%82%85%E3%81%86%20%E3%81%94%E5%BD%93%E5%9C%B0%E3%83%9E%E3%82%B9%E3%82%B3%E3%83%83%E3%83%88%20%28%E4%BB%99%E5%8F%B0%20%E3%81%9A%E3%82%93%E3%81%A0%29
1024,귀멸의 칼날 봉제 인형 (탄지로),,,인형,귀멸의 칼날,애니메이트,,False,False,official_search,search_only,candidate_provider_script_required,10,귀멸의 칼날 봉제 인형 (탄지로),https://www.animate-onlineshop.jp/products/list.php?mode=search&smt=%EA%B7%80%EB%A9%B8%EC%9D%98%20%EC%B9%BC%EB%82%A0%20%EB%B4%89%EC%A0%9C%20%EC%9D%B8%ED%98%95%20%28%ED%83%84%EC%A7%80%EB%A1%9C%29
1025,귀멸의 칼날 봉제 인형 (네즈코),,,인형,귀멸의 칼날,애니메이트,,False,False,official_search,search_only,candidate_provider_script_required,10,귀멸의 칼날 봉제 인형 (네즈코),https://www.animate-onlineshop.jp/products/list.php?mode=search&smt=%EA%B7%80%EB%A9%B8%EC%9D%98%20%EC%B9%BC%EB%82%A0%20%EB%B4%89%EC%A0%9C%20%EC%9D%B8%ED%98%95%20%28%EB%84%A4%EC%A6%88%EC%BD%94%29
1031,원피스 봉제 인형 (토니토니 쵸파),,,인형,원피스,애니메이트,,False,False,official_search,search_only,candidate_provider_script_required,10,원피스 봉제 인형 (토니토니 쵸파),https://www.animate-onlineshop.jp/products/list.php?mode=search&smt=%EC%9B%90%ED%94%BC%EC%8A%A4%20%EB%B4%89%EC%A0%9C%20%EC%9D%B8%ED%98%95%20%28%ED%86%A0%EB%8B%88%ED%86%A0%EB%8B%88%20%EC%B5%B8%ED%8C%8C%29
1032,원피스 아크릴 키링 (루피),,,키링,원피스,애니메이트,,False,False,official_search,search_only,candidate_provider_script_required,10,원피스 아크릴 키링 (루피),https://www.animate-onlineshop.jp/products/list.php?mode=search&smt=%EC%9B%90%ED%94%BC%EC%8A%A4%20%EC%95%84%ED%81%AC%EB%A6%B4%20%ED%82%A4%EB%A7%81%20%28%EB%A3%A8%ED%94%BC%29
1033,원피스 클리어 파일 (밀짚모자 일당),,,문구,원피스,애니메이트,,False,False,official_search,search_only,candidate_provider_script_required,10,원피스 클리어 파일 (밀짚모자 일당),https://www.animate-onlineshop.jp/products/list.php?mode=search&smt=%EC%9B%90%ED%94%BC%EC%8A%A4%20%ED%81%B4%EB%A6%AC%EC%96%B4%20%ED%8C%8C%EC%9D%BC%20%28%EB%B0%80%EC%A7%9A%EB%AA%A8%EC%9E%90%20%EC%9D%BC%EB%8B%B9%29
1034,원피스 캔뱃지 (랜덤 1팩),,,캔뱃지,원피스,애니메이트,,False,False,official_search,search_only,candidate_provider_script_required,10,원피스 캔뱃지 (랜덤 1팩),https://www.animate-onlineshop.jp/products/list.php?mode=search&smt=%EC%9B%90%ED%94%BC%EC%8A%A4%20%EC%BA%94%EB%B1%83%EC%A7%80%20%28%EB%9E%9C%EB%8D%A4%201%ED%8C%A9%29
1036,주술회전 봉제 인형 (고죠 사토루),,,인형,주술회전,애니메이트,,False,False,official_search,search_only,candidate_provider_script_required,10,주술회전 봉제 인형 (고죠 사토루),https://www.animate-onlineshop.jp/products/list.php?mode=search&smt=%EC%A3%BC%EC%88%A0%ED%9A%8C%EC%A0%84%20%EB%B4%89%EC%A0%9C%20%EC%9D%B8%ED%98%95%20%28%EA%B3%A0%EC%A3%A0%20%EC%82%AC%ED%86%A0%EB%A3%A8%29
1037,주술회전 캔뱃지 (랜덤),,,캔뱃지,주술회전,애니메이트,,False,False,official_search,search_only,candidate_provider_script_required,10,주술회전 캔뱃지 (랜덤),https://www.animate-onlineshop.jp/products/list.php?mode=search&smt=%EC%A3%BC%EC%88%A0%ED%9A%8C%EC%A0%84%20%EC%BA%94%EB%B1%83%EC%A7%80%20%28%EB%9E%9C%EB%8D%A4%29
1038,주술회전 클리어 파일 (메인 비주얼),,,문구,주술회전,애니메이트,,False,False,official_search,search_only,candidate_provider_script_required,10,주술회전 클리어 파일 (메인 비주얼),https://www.animate-onlineshop.jp/products/list.php?mode=search&smt=%EC%A3%BC%EC%88%A0%ED%9A%8C%EC%A0%84%20%ED%81%B4%EB%A6%AC%EC%96%B4%20%ED%8C%8C%EC%9D%BC%20%28%EB%A9%94%EC%9D%B8%20%EB%B9%84%EC%A3%BC%EC%96%BC%29
1039,주술회전 머그컵,,,머그컵,주술회전,애니메이트,,False,False,official_search,search_only,candidate_provider_script_required,10,주술회전 머그컵,https://www.animate-onlineshop.jp/products/list.php?mode=search&smt=%EC%A3%BC%EC%88%A0%ED%9A%8C%EC%A0%84%20%EB%A8%B8%EA%B7%B8%EC%BB%B5
1041,체인소맨 아크릴 스탠드 (파워),,,아크릴 스탠드,체인소맨,애니메이트,,False,False,official_search,search_only,candidate_provider_script_required,10,체인소맨 아크릴 스탠드 (파워),https://www.animate-onlineshop.jp/products/list.php?mode=search&smt=%EC%B2%B4%EC%9D%B8%EC%86%8C%EB%A7%A8%20%EC%95%84%ED%81%AC%EB%A6%B4%20%EC%8A%A4%ED%83%A0%EB%93%9C%20%28%ED%8C%8C%EC%9B%8C%29
1042,체인소맨 아크릴 스탠드 (마키마),,,아크릴 스탠드,체인소맨,애니메이트,,False,False,official_search,search_only,candidate_provider_script_required,10,체인소맨 아크릴 스탠드 (마키마),https://www.animate-onlineshop.jp/products/list.php?mode=search&smt=%EC%B2%B4%EC%9D%B8%EC%86%8C%EB%A7%A8%20%EC%95%84%ED%81%AC%EB%A6%B4%20%EC%8A%A4%ED%83%A0%EB%93%9C%20%28%EB%A7%88%ED%82%A4%EB%A7%88%29
1043,체인소맨 봉제 인형 (포치타),,,인형,체인소맨,애니메이트,,False,False,official_search,search_only,candidate_provider_script_required,10,체인소맨 봉제 인형 (포치타),https://www.animate-onlineshop.jp/products/list.php?mode=search&smt=%EC%B2%B4%EC%9D%B8%EC%86%8C%EB%A7%A8%20%EB%B4%89%EC%A0%9C%20%EC%9D%B8%ED%98%95%20%28%ED%8F%AC%EC%B9%98%ED%83%80%29
1044,체인소맨 캔뱃지 (랜덤),,,캔뱃지,체인소맨,애니메이트,,False,False,official_search,search_only,candidate_provider_script_required,10,체인소맨 캔뱃지 (랜덤),https://www.animate-onlineshop.jp/products/list.php?mode=search&smt=%EC%B2%B4%EC%9D%B8%EC%86%8C%EB%A7%A8%20%EC%BA%94%EB%B1%83%EC%A7%80%20%28%EB%9E%9C%EB%8D%A4%29
1045,체인소맨 클리어 파일,,,문구,체인소맨,애니메이트,,False,False,official_search,search_only,candidate_provider_script_required,10,체인소맨 클리어 파일,https://www.animate-onlineshop.jp/products/list.php?mode=search&smt=%EC%B2%B4%EC%9D%B8%EC%86%8C%EB%A7%A8%20%ED%81%B4%EB%A6%AC%EC%96%B4%20%ED%8C%8C%EC%9D%BC
1047,진격의 거인 아크릴 스탠드 (미카사),,,아크릴 스탠드,진격의 거인,애니메이트,,False,False,official_search,search_only,candidate_provider_script_required,10,진격의 거인 아크릴 스탠드 (미카사),https://www.animate-onlineshop.jp/products/list.php?mode=search&smt=%EC%A7%84%EA%B2%A9%EC%9D%98%20%EA%B1%B0%EC%9D%B8%20%EC%95%84%ED%81%AC%EB%A6%B4%20%EC%8A%A4%ED%83%A0%EB%93%9C%20%28%EB%AF%B8%EC%B9%B4%EC%82%AC%29
1048,진격의 거인 아크릴 스탠드 (리바이),,,아크릴 스탠드,진격의 거인,애니메이트,,False,False,official_search,search_only,candidate_provider_script_required,10,진격의 거인 아크릴 스탠드 (리바이),https://www.animate-onlineshop.jp/products/list.php?mode=search&smt=%EC%A7%84%EA%B2%A9%EC%9D%98%20%EA%B1%B0%EC%9D%B8%20%EC%95%84%ED%81%AC%EB%A6%B4%20%EC%8A%A4%ED%83%A0%EB%93%9C%20%28%EB%A6%AC%EB%B0%94%EC%9D%B4%29
1049,진격의 거인 피규어 (리바이),,,피규어,진격의 거인,애니메이트,,False,False,official_search,search_only,candidate_provider_script_required,10,진격의 거인 피규어 (리바이),https://www.animate-onlineshop.jp/products/list.php?mode=search&smt=%EC%A7%84%EA%B2%A9%EC%9D%98%20%EA%B1%B0%EC%9D%B8%20%ED%94%BC%EA%B7%9C%EC%96%B4%20%28%EB%A6%AC%EB%B0%94%EC%9D%B4%29
1050,진격의 거인 캔뱃지 (랜덤),,,캔뱃지,진격의 거인,애니메이트,,False,False,official_search,search_only,candidate_provider_script_required,10,진격의 거인 캔뱃지 (랜덤),https://www.animate-onlineshop.jp/products/list.php?mode=search&smt=%EC%A7%84%EA%B2%A9%EC%9D%98%20%EA%B1%B0%EC%9D%B8%20%EC%BA%94%EB%B1%83%EC%A7%80%20%28%EB%9E%9C%EB%8D%A4%29
1051,진격의 거인 클리어 파일,,,문구,진격의 거인,애니메이트,,False,False,official_search,search_only,candidate_provider_script_required,10,진격의 거인 클리어 파일,https://www.animate-onlineshop.jp/products/list.php?mode=search&smt=%EC%A7%84%EA%B2%A9%EC%9D%98%20%EA%B1%B0%EC%9D%B8%20%ED%81%B4%EB%A6%AC%EC%96%B4%20%ED%8C%8C%EC%9D%BC
1052,나의 히어로 아카데미아 아크릴 스탠드 (데쿠),,,아크릴 스탠드,나의 히어로 아카데미아,애니메이트,,False,False,official_search,search_only,candidate_provider_script_required,10,나의 히어로 아카데미아 아크릴 스탠드 (데쿠),https://www.animate-onlineshop.jp/products/list.php?mode=search&smt=%EB%82%98%EC%9D%98%20%ED%9E%88%EC%96%B4%EB%A1%9C%20%EC%95%84%EC%B9%B4%EB%8D%B0%EB%AF%B8%EC%95%84%20%EC%95%84%ED%81%AC%EB%A6%B4%20%EC%8A%A4%ED%83%A0%EB%93%9C%20%28%EB%8D%B0%EC%BF%A0%29
1053,나의 히어로 아카데미아 아크릴 스탠드 (바쿠고),,,아크릴 스탠드,나의 히어로 아카데미아,애니메이트,,False,False,official_search,search_only,candidate_provider_script_required,10,나의 히어로 아카데미아 아크릴 스탠드 (바쿠고),https://www.animate-onlineshop.jp/products/list.php?mode=search&smt=%EB%82%98%EC%9D%98%20%ED%9E%88%EC%96%B4%EB%A1%9C%20%EC%95%84%EC%B9%B4%EB%8D%B0%EB%AF%B8%EC%95%84%20%EC%95%84%ED%81%AC%EB%A6%B4%20%EC%8A%A4%ED%83%A0%EB%93%9C%20%28%EB%B0%94%EC%BF%A0%EA%B3%A0%29
1054,나의 히어로 아카데미아 아크릴 스탠드 (토도로키),,,아크릴 스탠드,나의 히어로 아카데미아,애니메이트,,False,False,official_search,search_only,candidate_provider_script_required,10,나의 히어로 아카데미아 아크릴 스탠드 (토도로키),https://www.animate-onlineshop.jp/products/list.php?mode=search&smt=%EB%82%98%EC%9D%98%20%ED%9E%88%EC%96%B4%EB%A1%9C%20%EC%95%84%EC%B9%B4%EB%8D%B0%EB%AF%B8%EC%95%84%20%EC%95%84%ED%81%AC%EB%A6%B4%20%EC%8A%A4%ED%83%A0%EB%93%9C%20%28%ED%86%A0%EB%8F%84%EB%A1%9C%ED%82%A4%29
1061,나루토 클리어 파일,,,문구,나루토,애니메이트,,False,False,official_search,search_only,candidate_provider_script_required,10,나루토 클리어 파일,https://www.animate-onlineshop.jp/products/list.php?mode=search&smt=%EB%82%98%EB%A3%A8%ED%86%A0%20%ED%81%B4%EB%A6%AC%EC%96%B4%20%ED%8C%8C%EC%9D%BC
1067,SPY×FAMILY 캔뱃지 (랜덤),,,캔뱃지,SPY×FAMILY,애니메이트,,False,False,official_search,search_only,candidate_provider_script_required,10,SPY×FAMILY 캔뱃지 (랜덤),https://www.animate-onlineshop.jp/products/list.php?mode=search&smt=SPY%C3%97FAMILY%20%EC%BA%94%EB%B1%83%EC%A7%80%20%28%EB%9E%9C%EB%8D%A4%29
1070,도쿄 리벤저스 봉제 인형 (마이키),,,인형,도쿄 리벤저스,애니메이트,,False,False,official_search,search_only,candidate_provider_script_required,10,도쿄 리벤저스 봉제 인형 (마이키),https://www.animate-onlineshop.jp/products/list.php?mode=search&smt=%EB%8F%84%EC%BF%84%20%EB%A6%AC%EB%B2%A4%EC%A0%80%EC%8A%A4%20%EB%B4%89%EC%A0%9C%20%EC%9D%B8%ED%98%95%20%28%EB%A7%88%EC%9D%B4%ED%82%A4%29
1071,도쿄 리벤저스 캔뱃지 (랜덤),,,캔뱃지,도쿄 리벤저스,애니메이트,,False,False,official_search,search_only,candidate_provider_script_required,10,도쿄 리벤저스 캔뱃지 (랜덤),https://www.animate-onlineshop.jp/products/list.php?mode=search&smt=%EB%8F%84%EC%BF%84%20%EB%A6%AC%EB%B2%A4%EC%A0%80%EC%8A%A4%20%EC%BA%94%EB%B1%83%EC%A7%80%20%28%EB%9E%9C%EB%8D%A4%29
1072,최애의 아이 아크릴 스탠드 (호시노 아이),推しの子 アクリルスタンド (星野アイ),,아크릴 스탠드,최애의 아이,애니메이트,,False,False,official_search,search_only,candidate_provider_script_required,10,推しの子 アクリルスタンド (星野アイ),https://www.animate-onlineshop.jp/products/list.php?mode=search&smt=%E6%8E%A8%E3%81%97%E3%81%AE%E5%AD%90%20%E3%82%A2%E3%82%AF%E3%83%AA%E3%83%AB%E3%82%B9%E3%82%BF%E3%83%B3%E3%83%89%20%28%E6%98%9F%E9%87%8E%E3%82%A2%E3%82%A4%29
1075,최애의 아이 클리어 파일,,,문구,최애의 아이,애니메이트,,False,False,official_search,search_only,candidate_provider_script_required,10,최애의 아이 클리어 파일,https://www.animate-onlineshop.jp/products/list.php?mode=search&smt=%EC%B5%9C%EC%95%A0%EC%9D%98%20%EC%95%84%EC%9D%B4%20%ED%81%B4%EB%A6%AC%EC%96%B4%20%ED%8C%8C%EC%9D%BC
1079,단다단 캔뱃지 (랜덤),,,캔뱃지,단다단,애니메이트,,False,False,official_search,search_only,candidate_provider_script_required,10,단다단 캔뱃지 (랜덤),https://www.animate-onlineshop.jp/products/list.php?mode=search&smt=%EB%8B%A8%EB%8B%A4%EB%8B%A8%20%EC%BA%94%EB%B1%83%EC%A7%80%20%28%EB%9E%9C%EB%8D%A4%29
1082,죠죠의 기묘한 모험 아크릴 스탠드,,,아크릴 스탠드,죠죠의 기묘한 모험,애니메이트,,False,False,official_search,search_only,candidate_provider_script_required,10,죠죠의 기묘한 모험 아크릴 스탠드,https://www.animate-onlineshop.jp/products/list.php?mode=search&smt=%EC%A3%A0%EC%A3%A0%EC%9D%98%20%EA%B8%B0%EB%AC%98%ED%95%9C%20%EB%AA%A8%ED%97%98%20%EC%95%84%ED%81%AC%EB%A6%B4%20%EC%8A%A4%ED%83%A0%EB%93%9C
1083,슬램덩크 아크릴 스탠드 (강백호),SLAM DUNK アクリルスタンド (桜木花道),,아크릴 스탠드,슬램덩크,애니메이트,,False,False,official_search,search_only,candidate_provider_script_required,10,SLAM DUNK アクリルスタンド (桜木花道),https://www.animate-onlineshop.jp/products/list.php?mode=search&smt=SLAM%20DUNK%20%E3%82%A2%E3%82%AF%E3%83%AA%E3%83%AB%E3%82%B9%E3%82%BF%E3%83%B3%E3%83%89%20%28%E6%A1%9C%E6%9C%A8%E8%8A%B1%E9%81%93%29
1084,슬램덩크 아크릴 스탠드 (서태웅),,,아크릴 스탠드,슬램덩크,애니메이트,,False,False,official_search,search_only,candidate_provider_script_required,10,슬램덩크 아크릴 스탠드 (서태웅),https://www.animate-onlineshop.jp/products/list.php?mode=search&smt=%EC%8A%AC%EB%9E%A8%EB%8D%A9%ED%81%AC%20%EC%95%84%ED%81%AC%EB%A6%B4%20%EC%8A%A4%ED%83%A0%EB%93%9C%20%28%EC%84%9C%ED%83%9C%EC%9B%85%29
1085,슬램덩크 캔뱃지 (북산 멤버 랜덤),,,캔뱃지,슬램덩크,애니메이트,,False,False,official_search,search_only,candidate_provider_script_required,10,슬램덩크 캔뱃지 (북산 멤버 랜덤),https://www.animate-onlineshop.jp/products/list.php?mode=search&smt=%EC%8A%AC%EB%9E%A8%EB%8D%A9%ED%81%AC%20%EC%BA%94%EB%B1%83%EC%A7%80%20%28%EB%B6%81%EC%82%B0%20%EB%A9%A4%EB%B2%84%20%EB%9E%9C%EB%8D%A4%29
1087,헌터X헌터 봉제 인형 (키루아),,,인형,헌터X헌터,애니메이트,,False,False,official_search,search_only,candidate_provider_script_required,10,헌터X헌터 봉제 인형 (키루아),https://www.animate-onlineshop.jp/products/list.php?mode=search&smt=%ED%97%8C%ED%84%B0X%ED%97%8C%ED%84%B0%20%EB%B4%89%EC%A0%9C%20%EC%9D%B8%ED%98%95%20%28%ED%82%A4%EB%A3%A8%EC%95%84%29
1090,명탐정 코난 봉제 인형 (코난),,,인형,명탐정 코난,애니메이트,,False,False,official_search,search_only,candidate_provider_script_required,10,명탐정 코난 봉제 인형 (코난),https://www.animate-onlineshop.jp/products/list.php?mode=search&smt=%EB%AA%85%ED%83%90%EC%A0%95%20%EC%BD%94%EB%82%9C%20%EB%B4%89%EC%A0%9C%20%EC%9D%B8%ED%98%95%20%28%EC%BD%94%EB%82%9C%29
1113,짱구는 못말려 봉제 인형 (시로),,,인형,짱구는 못말려,애니메이트,,False,False,official_search,search_only,candidate_provider_script_required,10,짱구는 못말려 봉제 인형 (시로),https://www.animate-onlineshop.jp/products/list.php?mode=search&smt=%EC%A7%B1%EA%B5%AC%EB%8A%94%20%EB%AA%BB%EB%A7%90%EB%A0%A4%20%EB%B4%89%EC%A0%9C%20%EC%9D%B8%ED%98%95%20%28%EC%8B%9C%EB%A1%9C%29
1114,짱구는 못말려 아크릴 키링 (짱구),,,키링,짱구는 못말려,애니메이트,,False,False,official_search,search_only,candidate_provider_script_required,10,짱구는 못말려 아크릴 키링 (짱구),https://www.animate-onlineshop.jp/products/list.php?mode=search&smt=%EC%A7%B1%EA%B5%AC%EB%8A%94%20%EB%AA%BB%EB%A7%90%EB%A0%A4%20%EC%95%84%ED%81%AC%EB%A6%B4%20%ED%82%A4%EB%A7%81%20%28%EC%A7%B1%EA%B5%AC%29
1115,도라에몽 봉제 인형,,,인형,도라에몽,애니메이트,,False,False,official_search,search_only,candidate_provider_script_required,10,도라에몽 봉제 인형,https://www.animate-onlineshop.jp/products/list.php?mode=search&smt=%EB%8F%84%EB%9D%BC%EC%97%90%EB%AA%BD%20%EB%B4%89%EC%A0%9C%20%EC%9D%B8%ED%98%95
1117,카드캡터 체리 아크릴 스탠드 (사쿠라),,,아크릴 스탠드,카드캡터 체리,애니메이트,,False,False,official_search,search_only,candidate_provider_script_required,10,카드캡터 체리 아크릴 스탠드 (사쿠라),https://www.animate-onlineshop.jp/products/list.php?mode=search&smt=%EC%B9%B4%EB%93%9C%EC%BA%A1%ED%84%B0%20%EC%B2%B4%EB%A6%AC%20%EC%95%84%ED%81%AC%EB%A6%B4%20%EC%8A%A4%ED%83%A0%EB%93%9C%20%28%EC%82%AC%EC%BF%A0%EB%9D%BC%29
1118,카드캡터 체리 봉제 인형 (케로짱),,,인형,카드캡터 체리,애니메이트,,False,False,official_search,search_only,candidate_provider_script_required,10,카드캡터 체리 봉제 인형 (케로짱),https://www.animate-onlineshop.jp/products/list.php?mode=search&smt=%EC%B9%B4%EB%93%9C%EC%BA%A1%ED%84%B0%20%EC%B2%B4%EB%A6%AC%20%EB%B4%89%EC%A0%9C%20%EC%9D%B8%ED%98%95%20%28%EC%BC%80%EB%A1%9C%EC%A7%B1%29
1119,세일러문 아크릴 스탠드 (세일러문),,,아크릴 스탠드,세일러문,애니메이트,,False,False,official_search,search_only,candidate_provider_script_required,10,세일러문 아크릴 스탠드 (세일러문),https://www.animate-onlineshop.jp/products/list.php?mode=search&smt=%EC%84%B8%EC%9D%BC%EB%9F%AC%EB%AC%B8%20%EC%95%84%ED%81%AC%EB%A6%B4%20%EC%8A%A4%ED%83%A0%EB%93%9C%20%28%EC%84%B8%EC%9D%BC%EB%9F%AC%EB%AC%B8%29
1121,신세기 에반게리온 피규어 (아야나미 레이),,,피규어,신세기 에반게리온,애니메이트,,False,False,official_search,search_only,candidate_provider_script_required,10,신세기 에반게리온 피규어 (아야나미 레이),https://www.animate-onlineshop.jp/products/list.php?mode=search&smt=%EC%8B%A0%EC%84%B8%EA%B8%B0%20%EC%97%90%EB%B0%98%EA%B2%8C%EB%A6%AC%EC%98%A8%20%ED%94%BC%EA%B7%9C%EC%96%B4%20%28%EC%95%84%EC%95%BC%EB%82%98%EB%AF%B8%20%EB%A0%88%EC%9D%B4%29
1123,신세기 에반게리온 아크릴 스탠드,,,아크릴 스탠드,신세기 에반게리온,애니메이트,,False,False,official_search,search_only,candidate_provider_script_required,10,신세기 에반게리온 아크릴 스탠드,https://www.animate-onlineshop.jp/products/list.php?mode=search&smt=%EC%8B%A0%EC%84%B8%EA%B8%B0%20%EC%97%90%EB%B0%98%EA%B2%8C%EB%A6%AC%EC%98%A8%20%EC%95%84%ED%81%AC%EB%A6%B4%20%EC%8A%A4%ED%83%A0%EB%93%9C
1184,브레이크 타임 컬렉션 하츠네 미쿠,ブレイクタイムコレクション 初音ミク,,피규어,하츠네 미쿠,FuRyu,,False,False,official_search,search_only,candidate_provider_script_required,10,ブレイクタイムコレクション 初音ミク,https://furyuprize.com/search?keyword=%E3%83%96%E3%83%AC%E3%82%A4%E3%82%AF%E3%82%BF%E3%82%A4%E3%83%A0%E3%82%B3%E3%83%AC%E3%82%AF%E3%82%B7%E3%83%A7%E3%83%B3%20%E5%88%9D%E9%9F%B3%E3%83%9F%E3%82%AF
1190,치비누이 카가미네 린,ちびぬい 鏡音リン,,인형,하츠네 미쿠,엔스카이,,False,False,official_search,search_only,candidate_provider_script_required,10,ちびぬい 鏡音リン,https://www.enskyshop.com/products/list?name=%E3%81%A1%E3%81%B3%E3%81%AC%E3%81%84%20%E9%8F%A1%E9%9F%B3%E3%83%AA%E3%83%B3
1191,타피누이 하츠네 미쿠,たぴぬい 初音ミク,,인형,하츠네 미쿠,엔스카이,,False,False,official_search,search_only,candidate_provider_script_required,10,たぴぬい 初音ミク,https://www.enskyshop.com/products/list?name=%E3%81%9F%E3%81%B4%E3%81%AC%E3%81%84%20%E5%88%9D%E9%9F%B3%E3%83%9F%E3%82%AF
1253,쵸코노세 프리미엄 피규어 미도리야 이즈쿠,ちょこのせプレミアムフィギュア 緑谷出久,,피규어,나의 히어로 아카데미아,FuRyu,,False,False,official_search,search_only,candidate_provider_script_required,10,ちょこのせプレミアムフィギュア 緑谷出久,https://furyuprize.com/search?keyword=%E3%81%A1%E3%82%87%E3%81%93%E3%81%AE%E3%81%9B%E3%83%97%E3%83%AC%E3%83%9F%E3%82%A2%E3%83%A0%E3%83%95%E3%82%A3%E3%82%AE%E3%83%A5%E3%82%A2%20%E7%B7%91%E8%B0%B7%E5%87%BA%E4%B9%85
1254,쵸코노세 프리미엄 피규어 바쿠고 카츠키,ちょこのせプレミアムフィギュア 爆豪勝己,,피규어,나의 히어로 아카데미아,FuRyu,,False,False,official_search,search_only,candidate_provider_script_required,10,ちょこのせプレミアムフィギュア 爆豪勝己,https://furyuprize.com/search?keyword=%E3%81%A1%E3%82%87%E3%81%93%E3%81%AE%E3%81%9B%E3%83%97%E3%83%AC%E3%83%9F%E3%82%A2%E3%83%A0%E3%83%95%E3%82%A3%E3%82%AE%E3%83%A5%E3%82%A2%20%E7%88%86%E8%B1%AA%E5%8B%9D%E5%B7%B1
1255,쵸코노세 프리미엄 피규어 토도로키 쇼토,ちょこのせプレミアムフィギュア 轟焦凍,,피규어,나의 히어로 아카데미아,FuRyu,,False,False,official_search,search_only,candidate_provider_script_required,10,ちょこのせプレミアムフィギュア 轟焦凍,https://furyuprize.com/search?keyword=%E3%81%A1%E3%82%87%E3%81%93%E3%81%AE%E3%81%9B%E3%83%97%E3%83%AC%E3%83%9F%E3%82%A2%E3%83%A0%E3%83%95%E3%82%A3%E3%82%AE%E3%83%A5%E3%82%A2%20%E8%BD%9F%E7%84%A6%E5%87%8D
1256,누들 스토퍼 피규어 미도리야 이즈쿠,ぬーどるストッパーフィギュア 緑谷出久,,피규어,나의 히어로 아카데미아,FuRyu,,False,False,official_search,search_only,candidate_provider_script_required,10,ぬーどるストッパーフィギュア 緑谷出久,https://furyuprize.com/search?keyword=%E3%81%AC%E3%83%BC%E3%81%A9%E3%82%8B%E3%82%B9%E3%83%88%E3%83%83%E3%83%91%E3%83%BC%E3%83%95%E3%82%A3%E3%82%AE%E3%83%A5%E3%82%A2%20%E7%B7%91%E8%B0%B7%E5%87%BA%E4%B9%85
1257,누들 스토퍼 피규어 바쿠고 카츠키,ぬーどるストッパーフィギュア 爆豪勝己,,피규어,나의 히어로 아카데미아,FuRyu,,False,False,official_search,search_only,candidate_provider_script_required,10,ぬーどるストッパーフィギュア 爆豪勝己,https://furyuprize.com/search?keyword=%E3%81%AC%E3%83%BC%E3%81%A9%E3%82%8B%E3%82%B9%E3%83%88%E3%83%83%E3%83%91%E3%83%BC%E3%83%95%E3%82%A3%E3%82%AE%E3%83%A5%E3%82%A2%20%E7%88%86%E8%B1%AA%E5%8B%9D%E5%B7%B1
1258,누들 스토퍼 피규어 토도로키 쇼토,ぬーどるストッパーフィギュア 轟焦凍,,피규어,나의 히어로 아카데미아,FuRyu,,False,False,official_search,search_only,candidate_provider_script_required,10,ぬーどるストッパーフィギュア 轟焦凍,https://furyuprize.com/search?keyword=%E3%81%AC%E3%83%BC%E3%81%A9%E3%82%8B%E3%82%B9%E3%83%88%E3%83%83%E3%83%91%E3%83%BC%E3%83%95%E3%82%A3%E3%82%AE%E3%83%A5%E3%82%A2%20%E8%BD%9F%E7%84%A6%E5%87%8D
1259,누들 스토퍼 피규어 올마이트,ぬーどるストッパーフィギュア オールマイト,,피규어,나의 히어로 아카데미아,FuRyu,,False,False,official_search,search_only,candidate_provider_script_required,10,ぬーどるストッパーフィギュア オールマイト,https://furyuprize.com/search?keyword=%E3%81%AC%E3%83%BC%E3%81%A9%E3%82%8B%E3%82%B9%E3%83%88%E3%83%83%E3%83%91%E3%83%BC%E3%83%95%E3%82%A3%E3%82%AE%E3%83%A5%E3%82%A2%20%E3%82%AA%E3%83%BC%E3%83%AB%E3%83%9E%E3%82%A4%E3%83%88
1260,누들 스토퍼 피규어 토가 히미코,ぬーどるストッパーフィギュア トガヒミコ,,피규어,나의 히어로 아카데미아,FuRyu,,False,False,official_search,search_only,candidate_provider_script_required,10,ぬーどるストッパーフィギュア トガヒミコ,https://furyuprize.com/search?keyword=%E3%81%AC%E3%83%BC%E3%81%A9%E3%82%8B%E3%82%B9%E3%83%88%E3%83%83%E3%83%91%E3%83%BC%E3%83%95%E3%82%A3%E3%82%AE%E3%83%A5%E3%82%A2%20%E3%83%88%E3%82%AC%E3%83%92%E3%83%9F%E3%82%B3
1265,데스크탑 큐트 피규어 우라라카 오챠코,Desktop Cuteフィギュア 麗日お茶子,,피규어,나의 히어로 아카데미아,Taito,,False,False,official_search,search_only,candidate_provider_script_required,10,Desktop Cuteフィギュア 麗日お茶子,https://www.taito.co.jp/prize/search?keyword=Desktop%20Cute%E3%83%95%E3%82%A3%E3%82%AE%E3%83%A5%E3%82%A2%20%E9%BA%97%E6%97%A5%E3%81%8A%E8%8C%B6%E5%AD%90
1266,데스크탑 큐트 피규어 토가 히미코,Desktop Cuteフィギュア トガヒミコ,,피규어,나의 히어로 아카데미아,Taito,,False,False,official_search,search_only,candidate_provider_script_required,10,Desktop Cuteフィギュア トガヒミコ,https://www.taito.co.jp/prize/search?keyword=Desktop%20Cute%E3%83%95%E3%82%A3%E3%82%AE%E3%83%A5%E3%82%A2%20%E3%83%88%E3%82%AC%E3%83%92%E3%83%9F%E3%82%B3
1267,데스크탑 큐트 피규어 야오요로즈 모모,Desktop Cuteフィギュア 八百万百,,피규어,나의 히어로 아카데미아,Taito,,False,False,official_search,search_only,candidate_provider_script_required,10,Desktop Cuteフィギュア 八百万百,https://www.taito.co.jp/prize/search?keyword=Desktop%20Cute%E3%83%95%E3%82%A3%E3%82%AE%E3%83%A5%E3%82%A2%20%E5%85%AB%E7%99%BE%E4%B8%87%E7%99%BE
1269,누이푸페 자수 데님 미도리야 이즈쿠,ぬいぷぺ 刺繍デニム 緑谷出久,,인형,나의 히어로 아카데미아,엔스카이,,False,False,official_search,search_only,candidate_provider_script_required,10,ぬいぷぺ 刺繍デニム 緑谷出久,https://www.enskyshop.com/products/list?name=%E3%81%AC%E3%81%84%E3%81%B7%E3%81%BA%20%E5%88%BA%E7%B9%8D%E3%83%87%E3%83%8B%E3%83%A0%20%E7%B7%91%E8%B0%B7%E5%87%BA%E4%B9%85
1270,누이푸페 자수 데님 이이다 텐야,ぬいぷぺ 刺繍デニム 飯田天哉,,인형,나의 히어로 아카데미아,엔스카이,,False,False,official_search,search_only,candidate_provider_script_required,10,ぬいぷぺ 刺繍デニム 飯田天哉,https://www.enskyshop.com/products/list?name=%E3%81%AC%E3%81%84%E3%81%B7%E3%81%BA%20%E5%88%BA%E7%B9%8D%E3%83%87%E3%83%8B%E3%83%A0%20%E9%A3%AF%E7%94%B0%E5%A4%A9%E5%93%89
1272,누이푸페 자수 데님 바쿠고 카츠키,ぬいぷぺ 刺繍デニム 爆豪勝己,,인형,나의 히어로 아카데미아,엔스카이,,False,False,official_search,search_only,candidate_provider_script_required,10,ぬいぷぺ 刺繍デニム 爆豪勝己,https://www.enskyshop.com/products/list?name=%E3%81%AC%E3%81%84%E3%81%B7%E3%81%BA%20%E5%88%BA%E7%B9%8D%E3%83%87%E3%83%8B%E3%83%A0%20%E7%88%86%E8%B1%AA%E5%8B%9D%E5%B7%B1
1273,누이푸페 자수 데님 키리시마 에이지로,ぬいぷぺ 刺繍デニム 切島鋭児郎,,인형,나의 히어로 아카데미아,엔스카이,,False,False,official_search,search_only,candidate_provider_script_required,10,ぬいぷぺ 刺繍デニム 切島鋭児郎,https://www.enskyshop.com/products/list?name=%E3%81%AC%E3%81%84%E3%81%B7%E3%81%BA%20%E5%88%BA%E7%B9%8D%E3%83%87%E3%83%8B%E3%83%A0%20%E5%88%87%E5%B3%B6%E9%8B%AD%E5%85%90%E9%83%8E
1277,치비누이 Vol.2 키리시마 에이지로,ちびぬいマスコット Vol.2 切島鋭児郎,,인형,나의 히어로 아카데미아,엔스카이,,False,False,official_search,search_only,candidate_provider_script_required,10,ちびぬいマスコット Vol.2 切島鋭児郎,https://www.enskyshop.com/products/list?name=%E3%81%A1%E3%81%B3%E3%81%AC%E3%81%84%E3%83%9E%E3%82%B9%E3%82%B3%E3%83%83%E3%83%88%20Vol.2%20%E5%88%87%E5%B3%B6%E9%8B%AD%E5%85%90%E9%83%8E
1281,오만쥬 니기니기 마스코트 미도리야 이즈쿠,おまんじゅうにぎにぎマスコット 緑谷出久,,마스코트,나의 히어로 아카데미아,엔스카이,,False,False,official_search,search_only,candidate_provider_script_required,10,おまんじゅうにぎにぎマスコット 緑谷出久,https://www.enskyshop.com/products/list?name=%E3%81%8A%E3%81%BE%E3%82%93%E3%81%98%E3%82%85%E3%81%86%E3%81%AB%E3%81%8E%E3%81%AB%E3%81%8E%E3%83%9E%E3%82%B9%E3%82%B3%E3%83%83%E3%83%88%20%E7%B7%91%E8%B0%B7%E5%87%BA%E4%B9%85
1283,오만쥬 니기니기 마스코트 바쿠고 카츠키,おまんじゅうにぎにぎマスコット 爆豪勝己,,마스코트,나의 히어로 아카데미아,엔스카이,,False,False,official_search,search_only,candidate_provider_script_required,10,おまんじゅうにぎにぎマスコット 爆豪勝己,https://www.enskyshop.com/products/list?name=%E3%81%8A%E3%81%BE%E3%82%93%E3%81%98%E3%82%85%E3%81%86%E3%81%AB%E3%81%8E%E3%81%AB%E3%81%8E%E3%83%9E%E3%82%B9%E3%82%B3%E3%83%83%E3%83%88%20%E7%88%86%E8%B1%AA%E5%8B%9D%E5%B7%B1
1284,오만쥬 니기니기 마스코트 토도로키 쇼토,おまんじゅうにぎにぎマスコット 轟焦凍,,마스코트,나의 히어로 아카데미아,엔스카이,,False,False,official_search,search_only,candidate_provider_script_required,10,おまんじゅうにぎにぎマスコット 轟焦凍,https://www.enskyshop.com/products/list?name=%E3%81%8A%E3%81%BE%E3%82%93%E3%81%98%E3%82%85%E3%81%86%E3%81%AB%E3%81%8E%E3%81%AB%E3%81%8E%E3%83%9E%E3%82%B9%E3%82%B3%E3%83%83%E3%83%88%20%E8%BD%9F%E7%84%A6%E5%87%8D
1285,오만쥬 니기니기 마스코트 올마이트,おまんじゅうにぎにぎマスコット オールマイト,,마스코트,나의 히어로 아카데미아,엔스카이,,False,False,official_search,search_only,candidate_provider_script_required,10,おまんじゅうにぎにぎマスコット オールマイト,https://www.enskyshop.com/products/list?name=%E3%81%8A%E3%81%BE%E3%82%93%E3%81%98%E3%82%85%E3%81%86%E3%81%AB%E3%81%8E%E3%81%AB%E3%81%8E%E3%83%9E%E3%82%B9%E3%82%B3%E3%83%83%E3%83%88%20%E3%82%AA%E3%83%BC%E3%83%AB%E3%83%9E%E3%82%A4%E3%83%88
1302,ARTFX J 곤 프릭스,ARTFX J ゴン＝フリークス,,피규어,헌터X헌터,코토부키야,,False,False,official_search,search_only,candidate_provider_script_required,10,ARTFX J ゴン＝フリークス,https://shop.kotobukiya.co.jp/shop/goods/search.aspx?search=x&keyword=ARTFX%20J%20%E3%82%B4%E3%83%B3%EF%BC%9D%E3%83%95%E3%83%AA%E3%83%BC%E3%82%AF%E3%82%B9
1303,ARTFX J 키루아 조르딕,ARTFX J キルア＝ゾルディック,,피규어,헌터X헌터,코토부키야,,False,False,official_search,search_only,candidate_provider_script_required,10,ARTFX J キルア＝ゾルディック,https://shop.kotobukiya.co.jp/shop/goods/search.aspx?search=x&keyword=ARTFX%20J%20%E3%82%AD%E3%83%AB%E3%82%A2%EF%BC%9D%E3%82%BE%E3%83%AB%E3%83%87%E3%82%A3%E3%83%83%E3%82%AF
1304,ARTFX J 쿠라피카,ARTFX J クラピカ,,피규어,헌터X헌터,코토부키야,,False,False,official_search,search_only,candidate_provider_script_required,10,ARTFX J クラピカ,https://shop.kotobukiya.co.jp/shop/goods/search.aspx?search=x&keyword=ARTFX%20J%20%E3%82%AF%E3%83%A9%E3%83%94%E3%82%AB
1305,ARTFX J 히소카,ARTFX J ヒソカ,,피규어,헌터X헌터,코토부키야,,False,False,official_search,search_only,candidate_provider_script_required,10,ARTFX J ヒソカ,https://shop.kotobukiya.co.jp/shop/goods/search.aspx?search=x&keyword=ARTFX%20J%20%E3%83%92%E3%82%BD%E3%82%AB
1306,ARTFX J 일루미 조르딕,ARTFX J イルミ＝ゾルディック,,피규어,헌터X헌터,코토부키야,,False,False,official_search,search_only,candidate_provider_script_required,10,ARTFX J イルミ＝ゾルディック,https://shop.kotobukiya.co.jp/shop/goods/search.aspx?search=x&keyword=ARTFX%20J%20%E3%82%A4%E3%83%AB%E3%83%9F%EF%BC%9D%E3%82%BE%E3%83%AB%E3%83%87%E3%82%A3%E3%83%83%E3%82%AF
1307,ARTFX J 레오리오,ARTFX J レオリオ,,피규어,헌터X헌터,코토부키야,,False,False,official_search,search_only,candidate_provider_script_required,10,ARTFX J レオリオ,https://shop.kotobukiya.co.jp/shop/goods/search.aspx?search=x&keyword=ARTFX%20J%20%E3%83%AC%E3%82%AA%E3%83%AA%E3%82%AA
1319,Desktop Cute 곤 프릭스,デスクトップキューティーフィギュア ゴン＝フリークス,,피규어,헌터X헌터,Taito,,False,False,official_search,search_only,candidate_provider_script_required,10,デスクトップキューティーフィギュア ゴン＝フリークス,https://www.taito.co.jp/prize/search?keyword=%E3%83%87%E3%82%B9%E3%82%AF%E3%83%88%E3%83%83%E3%83%97%E3%82%AD%E3%83%A5%E3%83%BC%E3%83%86%E3%82%A3%E3%83%BC%E3%83%95%E3%82%A3%E3%82%AE%E3%83%A5%E3%82%A2%20%E3%82%B4%E3%83%B3%EF%BC%9D%E3%83%95%E3%83%AA%E3%83%BC%E3%82%AF%E3%82%B9
1320,Desktop Cute 키루아 조르딕,デスクトップキューティーフィギュア キルア＝ゾルディック,,피규어,헌터X헌터,Taito,,False,False,official_search,search_only,candidate_provider_script_required,10,デスクトップキューティーフィギュア キルア＝ゾルディック,https://www.taito.co.jp/prize/search?keyword=%E3%83%87%E3%82%B9%E3%82%AF%E3%83%88%E3%83%83%E3%83%97%E3%82%AD%E3%83%A5%E3%83%BC%E3%83%86%E3%82%A3%E3%83%BC%E3%83%95%E3%82%A3%E3%82%AE%E3%83%A5%E3%82%A2%20%E3%82%AD%E3%83%AB%E3%82%A2%EF%BC%9D%E3%82%BE%E3%83%AB%E3%83%87%E3%82%A3%E3%83%83%E3%82%AF
1321,Desktop Cute 쿠라피카,デスクトップキューティーフィギュア クラピカ,,피규어,헌터X헌터,Taito,,False,False,official_search,search_only,candidate_provider_script_required,10,デスクトップキューティーフィギュア クラピカ,https://www.taito.co.jp/prize/search?keyword=%E3%83%87%E3%82%B9%E3%82%AF%E3%83%88%E3%83%83%E3%83%97%E3%82%AD%E3%83%A5%E3%83%BC%E3%83%86%E3%82%A3%E3%83%BC%E3%83%95%E3%82%A3%E3%82%AE%E3%83%A5%E3%82%A2%20%E3%82%AF%E3%83%A9%E3%83%94%E3%82%AB
1325,쵸코노세 프리미엄 피규어 곤 프릭스,ちょこのせプレミアムフィギュア ゴン＝フリークス,,피규어,헌터X헌터,엔스카이,,False,False,official_search,search_only,candidate_provider_script_required,10,ちょこのせプレミアムフィギュア ゴン＝フリークス,https://www.enskyshop.com/products/list?name=%E3%81%A1%E3%82%87%E3%81%93%E3%81%AE%E3%81%9B%E3%83%97%E3%83%AC%E3%83%9F%E3%82%A2%E3%83%A0%E3%83%95%E3%82%A3%E3%82%AE%E3%83%A5%E3%82%A2%20%E3%82%B4%E3%83%B3%EF%BC%9D%E3%83%95%E3%83%AA%E3%83%BC%E3%82%AF%E3%82%B9
1326,쵸코노세 프리미엄 피규어 키루아 조르딕,ちょこのせプレミアムフィギュア キルア＝ゾルディック,,피규어,헌터X헌터,FuRyu,,False,False,official_search,search_only,candidate_provider_script_required,10,ちょこのせプレミアムフィギュア キルア＝ゾルディック,https://furyuprize.com/search?keyword=%E3%81%A1%E3%82%87%E3%81%93%E3%81%AE%E3%81%9B%E3%83%97%E3%83%AC%E3%83%9F%E3%82%A2%E3%83%A0%E3%83%95%E3%82%A3%E3%82%AE%E3%83%A5%E3%82%A2%20%E3%82%AD%E3%83%AB%E3%82%A2%EF%BC%9D%E3%82%BE%E3%83%AB%E3%83%87%E3%82%A3%E3%83%83%E3%82%AF
1327,Break Time Collection 쿠라피카,Break Time Collection クラピカ,,피규어,헌터X헌터,FuRyu,,False,False,official_search,search_only,candidate_provider_script_required,10,Break Time Collection クラピカ,https://furyuprize.com/search?keyword=Break%20Time%20Collection%20%E3%82%AF%E3%83%A9%E3%83%94%E3%82%AB
1328,오만쥬 니기니기 마스코트 곤 프릭스,おまんじゅうにぎにぎマスコット ゴン＝フリークス,,마스코트,헌터X헌터,엔스카이,,False,False,official_search,search_only,candidate_provider_script_required,10,おまんじゅうにぎにぎマスコット ゴン＝フリークス,https://www.enskyshop.com/products/list?name=%E3%81%8A%E3%81%BE%E3%82%93%E3%81%98%E3%82%85%E3%81%86%E3%81%AB%E3%81%8E%E3%81%AB%E3%81%8E%E3%83%9E%E3%82%B9%E3%82%B3%E3%83%83%E3%83%88%20%E3%82%B4%E3%83%B3%EF%BC%9D%E3%83%95%E3%83%AA%E3%83%BC%E3%82%AF%E3%82%B9
1329,오만쥬 니기니기 마스코트 키루아 조르딕,おまんじゅうにぎにぎマスコット キルア＝ゾルディック,,마스코트,헌터X헌터,엔스카이,,False,False,official_search,search_only,candidate_provider_script_required,10,おまんじゅうにぎにぎマスコット キルア＝ゾルディック,https://www.enskyshop.com/products/list?name=%E3%81%8A%E3%81%BE%E3%82%93%E3%81%98%E3%82%85%E3%81%86%E3%81%AB%E3%81%8E%E3%81%AB%E3%81%8E%E3%83%9E%E3%82%B9%E3%82%B3%E3%83%83%E3%83%88%20%E3%82%AD%E3%83%AB%E3%82%A2%EF%BC%9D%E3%82%BE%E3%83%AB%E3%83%87%E3%82%A3%E3%83%83%E3%82%AF
1330,오만쥬 니기니기 마스코트 쿠라피카,おまんじゅうにぎにぎマスコット クラピカ,,마스코트,헌터X헌터,엔스카이,,False,False,official_search,search_only,candidate_provider_script_required,10,おまんじゅうにぎにぎマスコット クラピカ,https://www.enskyshop.com/products/list?name=%E3%81%8A%E3%81%BE%E3%82%93%E3%81%98%E3%82%85%E3%81%86%E3%81%AB%E3%81%8E%E3%81%AB%E3%81%8E%E3%83%9E%E3%82%B9%E3%82%B3%E3%83%83%E3%83%88%20%E3%82%AF%E3%83%A9%E3%83%94%E3%82%AB
1331,오만쥬 니기니기 마스코트 레오리오,おまんじゅうにぎにぎマスコット レオリオ,,마스코트,헌터X헌터,엔스카이,,False,False,official_search,search_only,candidate_provider_script_required,10,おまんじゅうにぎにぎマスコット レオリオ,https://www.enskyshop.com/products/list?name=%E3%81%8A%E3%81%BE%E3%82%93%E3%81%98%E3%82%85%E3%81%86%E3%81%AB%E3%81%8E%E3%81%AB%E3%81%8E%E3%83%9E%E3%82%B9%E3%82%B3%E3%83%83%E3%83%88%20%E3%83%AC%E3%82%AA%E3%83%AA%E3%82%AA
1332,오만쥬 니기니기 마스코트 히소카,おまんじゅうにぎにぎマスコット ヒソカ,,마스코트,헌터X헌터,엔스카이,,False,False,official_search,search_only,candidate_provider_script_required,10,おまんじゅうにぎにぎマスコット ヒソカ,https://www.enskyshop.com/products/list?name=%E3%81%8A%E3%81%BE%E3%82%93%E3%81%98%E3%82%85%E3%81%86%E3%81%AB%E3%81%8E%E3%81%AB%E3%81%8E%E3%83%9E%E3%82%B9%E3%82%B3%E3%83%83%E3%83%88%20%E3%83%92%E3%82%BD%E3%82%AB
1333,치비누이 곤 프릭스,ちびぐるみ ゴン＝フリークス,,인형,헌터X헌터,엔스카이,,False,False,official_search,search_only,candidate_provider_script_required,10,ちびぐるみ ゴン＝フリークス,https://www.enskyshop.com/products/list?name=%E3%81%A1%E3%81%B3%E3%81%90%E3%82%8B%E3%81%BF%20%E3%82%B4%E3%83%B3%EF%BC%9D%E3%83%95%E3%83%AA%E3%83%BC%E3%82%AF%E3%82%B9
1334,치비누이 키루아 조르딕,ちびぬい キルア＝ゾルディック,,인형,헌터X헌터,엔스카이,,False,False,official_search,search_only,candidate_provider_script_required,10,ちびぬい キルア＝ゾルディック,https://www.enskyshop.com/products/list?name=%E3%81%A1%E3%81%B3%E3%81%AC%E3%81%84%20%E3%82%AD%E3%83%AB%E3%82%A2%EF%BC%9D%E3%82%BE%E3%83%AB%E3%83%87%E3%82%A3%E3%83%83%E3%82%AF
1335,치비누이 쿠라피카,ちびぬい クラピカ,,인형,헌터X헌터,엔스카이,,False,False,official_search,search_only,candidate_provider_script_required,10,ちびぬい クラピカ,https://www.enskyshop.com/products/list?name=%E3%81%A1%E3%81%B3%E3%81%AC%E3%81%84%20%E3%82%AF%E3%83%A9%E3%83%94%E3%82%AB
1336,치비누이 레오리오,ちびぬい レオリオ,,인형,헌터X헌터,엔스카이,,False,False,official_search,search_only,candidate_provider_script_required,10,ちびぬい レオリオ,https://www.enskyshop.com/products/list?name=%E3%81%A1%E3%81%B3%E3%81%AC%E3%81%84%20%E3%83%AC%E3%82%AA%E3%83%AA%E3%82%AA
1337,누이푸페 곤 프릭스,ぬいぺぺ ゴン＝フリークス,,인형,헌터X헌터,엔스카이,,False,False,official_search,search_only,candidate_provider_script_required,10,ぬいぺぺ ゴン＝フリークス,https://www.enskyshop.com/products/list?name=%E3%81%AC%E3%81%84%E3%81%BA%E3%81%BA%20%E3%82%B4%E3%83%B3%EF%BC%9D%E3%83%95%E3%83%AA%E3%83%BC%E3%82%AF%E3%82%B9
1338,누이푸페 키루아 조르딕,ぬいぺぺ キルア＝ゾルディック,,인형,헌터X헌터,엔스카이,,False,False,official_search,search_only,candidate_provider_script_required,10,ぬいぺぺ キルア＝ゾルディック,https://www.enskyshop.com/products/list?name=%E3%81%AC%E3%81%84%E3%81%BA%E3%81%BA%20%E3%82%AD%E3%83%AB%E3%82%A2%EF%BC%9D%E3%82%BE%E3%83%AB%E3%83%87%E3%82%A3%E3%83%83%E3%82%AF
1339,타피누이 곤 프릭스,たぴぬい ゴン＝フリークス,,마스코트,헌터X헌터,엔스카이,,False,False,official_search,search_only,candidate_provider_script_required,10,たぴぬい ゴン＝フリークス,https://www.enskyshop.com/products/list?name=%E3%81%9F%E3%81%B4%E3%81%AC%E3%81%84%20%E3%82%B4%E3%83%B3%EF%BC%9D%E3%83%95%E3%83%AA%E3%83%BC%E3%82%AF%E3%82%B9
1340,타피누이 키루아 조르딕,たぴぬい キルア＝ゾルディック,,마스코트,헌터X헌터,엔스카이,,False,False,official_search,search_only,candidate_provider_script_required,10,たぴぬい キルア＝ゾルディック,https://www.enskyshop.com/products/list?name=%E3%81%9F%E3%81%B4%E3%81%AC%E3%81%84%20%E3%82%AD%E3%83%AB%E3%82%A2%EF%BC%9D%E3%82%BE%E3%83%AB%E3%83%87%E3%82%A3%E3%83%83%E3%82%AF
1360,ARTFX J 료멘 스쿠나,ARTFX J 両面宿儺,,피규어,주술회전,코토부키야,,False,False,official_search,search_only,candidate_provider_script_required,10,ARTFX J 両面宿儺,https://shop.kotobukiya.co.jp/shop/goods/search.aspx?search=x&keyword=ARTFX%20J%20%E4%B8%A1%E9%9D%A2%E5%AE%BF%E5%84%BA
1376,Desktop Cute 고죠 사토루,デスクトップキューティーフィギュア 五条悟,,피규어,주술회전,Taito,,False,False,official_search,search_only,candidate_provider_script_required,10,デスクトップキューティーフィギュア 五条悟,https://www.taito.co.jp/prize/search?keyword=%E3%83%87%E3%82%B9%E3%82%AF%E3%83%88%E3%83%83%E3%83%97%E3%82%AD%E3%83%A5%E3%83%BC%E3%83%86%E3%82%A3%E3%83%BC%E3%83%95%E3%82%A3%E3%82%AE%E3%83%A5%E3%82%A2%20%E4%BA%94%E6%9D%A1%E6%82%9F
1377,Desktop Cute 이타도리 유지,デスクトップキューティーフィギュア 虎杖悠仁,,피규어,주술회전,Taito,,False,False,official_search,search_only,candidate_provider_script_required,10,デスクトップキューティーフィギュア 虎杖悠仁,https://www.taito.co.jp/prize/search?keyword=%E3%83%87%E3%82%B9%E3%82%AF%E3%83%88%E3%83%83%E3%83%97%E3%82%AD%E3%83%A5%E3%83%BC%E3%83%86%E3%82%A3%E3%83%BC%E3%83%95%E3%82%A3%E3%82%AE%E3%83%A5%E3%82%A2%20%E8%99%8E%E6%9D%96%E6%82%A0%E4%BB%81
1378,Desktop Cute 나나미 켄토,デスクトップキューティーフィギュア 七海建人,,피규어,주술회전,Taito,,False,False,official_search,search_only,candidate_provider_script_required,10,デスクトップキューティーフィギュア 七海建人,https://www.taito.co.jp/prize/search?keyword=%E3%83%87%E3%82%B9%E3%82%AF%E3%83%88%E3%83%83%E3%83%97%E3%82%AD%E3%83%A5%E3%83%BC%E3%83%86%E3%82%A3%E3%83%BC%E3%83%95%E3%82%A3%E3%82%AE%E3%83%A5%E3%82%A2%20%E4%B8%83%E6%B5%B7%E5%BB%BA%E4%BA%BA
1392,치비누이 게토 스구루,ちびぬい 夏油傑,,인형,주술회전,엔스카이,,False,False,official_search,search_only,candidate_provider_script_required,10,ちびぬい 夏油傑,https://www.enskyshop.com/products/list?name=%E3%81%A1%E3%81%B3%E3%81%AC%E3%81%84%20%E5%A4%8F%E6%B2%B9%E5%82%91
1393,누이푸페 고죠 사토루,ぬいぺぺ 五条悟,,인형,주술회전,엔스카이,,False,False,official_search,search_only,candidate_provider_script_required,10,ぬいぺぺ 五条悟,https://www.enskyshop.com/products/list?name=%E3%81%AC%E3%81%84%E3%81%BA%E3%81%BA%20%E4%BA%94%E6%9D%A1%E6%82%9F
1396,Re-ment 주술회전 데스크 미니어처,リーメント 呪術廻戦 デスクでまったり呪術師,,피규어,주술회전,Re-ment,,False,False,official_search,search_only,candidate_provider_script_required,10,リーメント 呪術廻戦 デスクでまったり呪術師,https://www.re-ment.co.jp/?s=%E3%83%AA%E3%83%BC%E3%83%A1%E3%83%B3%E3%83%88%20%E5%91%AA%E8%A1%93%E5%BB%BB%E6%88%A6%20%E3%83%87%E3%82%B9%E3%82%AF%E3%81%A7%E3%81%BE%E3%81%A3%E3%81%9F%E3%82%8A%E5%91%AA%E8%A1%93%E5%B8%AB
1408,POP UP PARADE 리코,POP UP PARADE リコ,,피규어,메이드 인 어비스,굿스마일컴퍼니,,False,False,official_search,search_only,candidate_provider_script_required,10,POP UP PARADE リコ,https://www.goodsmile.info/ja/products/search?utf8=%E2%9C%93&search%5Bquery%5D=POP%20UP%20PARADE%20%E3%83%AA%E3%82%B3
1409,POP UP PARADE 레그,POP UP PARADE レグ,,피규어,메이드 인 어비스,굿스마일컴퍼니,,False,False,official_search,search_only,candidate_provider_script_required,10,POP UP PARADE レグ,https://www.goodsmile.info/ja/products/search?utf8=%E2%9C%93&search%5Bquery%5D=POP%20UP%20PARADE%20%E3%83%AC%E3%82%B0
1413,ARTFX J 리코 & 레그,ARTFX J リコ & レグ,,피규어,메이드 인 어비스,코토부키야,,False,False,official_search,search_only,candidate_provider_script_required,10,ARTFX J リコ & レグ,https://shop.kotobukiya.co.jp/shop/goods/search.aspx?search=x&keyword=ARTFX%20J%20%E3%83%AA%E3%82%B3%20%26%20%E3%83%AC%E3%82%B0
1414,ARTFX J 나나치,ARTFX J ナナチ,,피규어,메이드 인 어비스,코토부키야,,False,False,official_search,search_only,candidate_provider_script_required,10,ARTFX J ナナチ,https://shop.kotobukiya.co.jp/shop/goods/search.aspx?search=x&keyword=ARTFX%20J%20%E3%83%8A%E3%83%8A%E3%83%81
1415,Q posket 리코,Q posket リコ,,피규어,메이드 인 어비스,Banpresto,,False,False,official_search,search_only,candidate_provider_script_required,10,Q posket リコ,https://bsp-prize.jp/search/?q=Q%20posket%20%E3%83%AA%E3%82%B3
1416,Q posket 레그,Q posket レグ,,피규어,메이드 인 어비스,Banpresto,,False,False,official_search,search_only,candidate_provider_script_required,10,Q posket レグ,https://bsp-prize.jp/search/?q=Q%20posket%20%E3%83%AC%E3%82%B0
1417,Q posket 나나치,Q posket ナナチ,,피규어,메이드 인 어비스,Banpresto,,False,False,official_search,search_only,candidate_provider_script_required,10,Q posket ナナチ,https://bsp-prize.jp/search/?q=Q%20posket%20%E3%83%8A%E3%83%8A%E3%83%81
1418,Break Time Collection 나나치,ブレイクタイムコレクション ナナチ,,피규어,메이드 인 어비스,Banpresto,,False,False,official_search,search_only,candidate_provider_script_required,10,ブレイクタイムコレクション ナナチ,https://bsp-prize.jp/search/?q=%E3%83%96%E3%83%AC%E3%82%A4%E3%82%AF%E3%82%BF%E3%82%A4%E3%83%A0%E3%82%B3%E3%83%AC%E3%82%AF%E3%82%B7%E3%83%A7%E3%83%B3%20%E3%83%8A%E3%83%8A%E3%83%81
1421,Desktop Cute 리코,デスクトップキュート リコ,,피규어,메이드 인 어비스,Taito,,False,False,official_search,search_only,candidate_provider_script_required,10,デスクトップキュート リコ,https://www.taito.co.jp/prize/search?keyword=%E3%83%87%E3%82%B9%E3%82%AF%E3%83%88%E3%83%83%E3%83%97%E3%82%AD%E3%83%A5%E3%83%BC%E3%83%88%20%E3%83%AA%E3%82%B3
1422,Desktop Cute 레그,デスクトップキュート レグ,,피규어,메이드 인 어비스,Taito,,False,False,official_search,search_only,candidate_provider_script_required,10,デスクトップキュート レグ,https://www.taito.co.jp/prize/search?keyword=%E3%83%87%E3%82%B9%E3%82%AF%E3%83%88%E3%83%83%E3%83%97%E3%82%AD%E3%83%A5%E3%83%BC%E3%83%88%20%E3%83%AC%E3%82%B0
1425,누들 스토퍼 리코,ヌードルストッパーフィギュア リコ,,피규어,메이드 인 어비스,FuRyu,,False,False,official_search,search_only,candidate_provider_script_required,10,ヌードルストッパーフィギュア リコ,https://furyuprize.com/search?keyword=%E3%83%8C%E3%83%BC%E3%83%89%E3%83%AB%E3%82%B9%E3%83%88%E3%83%83%E3%83%91%E3%83%BC%E3%83%95%E3%82%A3%E3%82%AE%E3%83%A5%E3%82%A2%20%E3%83%AA%E3%82%B3
1426,쵸코노세 프리미엄 피규어 나나치,ちょこのせプレミアムフィギュア ナナチ,,피규어,메이드 인 어비스,FuRyu,,False,False,official_search,search_only,candidate_provider_script_required,10,ちょこのせプレミアムフィギュア ナナチ,https://furyuprize.com/search?keyword=%E3%81%A1%E3%82%87%E3%81%93%E3%81%AE%E3%81%9B%E3%83%97%E3%83%AC%E3%83%9F%E3%82%A2%E3%83%A0%E3%83%95%E3%82%A3%E3%82%AE%E3%83%A5%E3%82%A2%20%E3%83%8A%E3%83%8A%E3%83%81
1427,쵸코노세 프리미엄 피규어 미티,ちょこのせプレミアムフィギュア ミーティ,,피규어,메이드 인 어비스,FuRyu,,False,False,official_search,search_only,candidate_provider_script_required,10,ちょこのせプレミアムフィギュア ミーティ,https://furyuprize.com/search?keyword=%E3%81%A1%E3%82%87%E3%81%93%E3%81%AE%E3%81%9B%E3%83%97%E3%83%AC%E3%83%9F%E3%82%A2%E3%83%A0%E3%83%95%E3%82%A3%E3%82%AE%E3%83%A5%E3%82%A2%20%E3%83%9F%E3%83%BC%E3%83%86%E3%82%A3
1428,오만쥬 니기니기 마스코트 나나치,おまんじゅうにぎにぎマスコット ナナチ,,마스코트,메이드 인 어비스,엔스카이,,False,False,official_search,search_only,candidate_provider_script_required,10,おまんじゅうにぎにぎマスコット ナナチ,https://www.enskyshop.com/products/list?name=%E3%81%8A%E3%81%BE%E3%82%93%E3%81%98%E3%82%85%E3%81%86%E3%81%AB%E3%81%8E%E3%81%AB%E3%81%8E%E3%83%9E%E3%82%B9%E3%82%B3%E3%83%83%E3%83%88%20%E3%83%8A%E3%83%8A%E3%83%81
1429,오만쥬 니기니기 마스코트 리코,おまんじゅうにぎにぎマスコット リコ,,마스코트,메이드 인 어비스,엔스카이,,False,False,official_search,search_only,candidate_provider_script_required,10,おまんじゅうにぎにぎマスコット リコ,https://www.enskyshop.com/products/list?name=%E3%81%8A%E3%81%BE%E3%82%93%E3%81%98%E3%82%85%E3%81%86%E3%81%AB%E3%81%8E%E3%81%AB%E3%81%8E%E3%83%9E%E3%82%B9%E3%82%B3%E3%83%83%E3%83%88%20%E3%83%AA%E3%82%B3
1430,오만쥬 니기니기 마스코트 레그,おまんじゅうにぎにぎマスコット レグ,,마스코트,메이드 인 어비스,엔스카이,,False,False,official_search,search_only,candidate_provider_script_required,10,おまんじゅうにぎにぎマスコット レグ,https://www.enskyshop.com/products/list?name=%E3%81%8A%E3%81%BE%E3%82%93%E3%81%98%E3%82%85%E3%81%86%E3%81%AB%E3%81%8E%E3%81%AB%E3%81%8E%E3%83%9E%E3%82%B9%E3%82%B3%E3%83%83%E3%83%88%20%E3%83%AC%E3%82%B0
1431,치비누이 나나치,ちびぬい ナナチ,,인형,메이드 인 어비스,엔스카이,,False,False,official_search,search_only,candidate_provider_script_required,10,ちびぬい ナナチ,https://www.enskyshop.com/products/list?name=%E3%81%A1%E3%81%B3%E3%81%AC%E3%81%84%20%E3%83%8A%E3%83%8A%E3%83%81
1432,치비누이 리코,ちびぬい リコ,,인형,메이드 인 어비스,엔스카이,,False,False,official_search,search_only,candidate_provider_script_required,10,ちびぬい リコ,https://www.enskyshop.com/products/list?name=%E3%81%A1%E3%81%B3%E3%81%AC%E3%81%84%20%E3%83%AA%E3%82%B3
1433,누이푸페 나나치,ぬいぺぺ ナナチ,,인형,메이드 인 어비스,엔스카이,,False,False,official_search,search_only,candidate_provider_script_required,10,ぬいぺぺ ナナチ,https://www.enskyshop.com/products/list?name=%E3%81%AC%E3%81%84%E3%81%BA%E3%81%BA%20%E3%83%8A%E3%83%8A%E3%83%81
1447,넨도로이드 토가미 뱌쿠야,ねんどろいど 十神白夜,,피규어,단간론파,굿스마일컴퍼니,,False,False,official_search,search_only,candidate_provider_script_required,10,ねんどろいど 十神白夜,https://www.goodsmile.info/ja/products/search?utf8=%E2%9C%93&search%5Bquery%5D=%E3%81%AD%E3%82%93%E3%81%A9%E3%82%8D%E3%81%84%E3%81%A9%20%E5%8D%81%E7%A5%9E%E7%99%BD%E5%A4%9C
1454,넨도로이드 모모타 카이토,ねんどろいど 百田解斗,,피규어,단간론파,굿스마일컴퍼니,,False,False,official_search,search_only,candidate_provider_script_required,10,ねんどろいど 百田解斗,https://www.goodsmile.info/ja/products/search?utf8=%E2%9C%93&search%5Bquery%5D=%E3%81%AD%E3%82%93%E3%81%A9%E3%82%8D%E3%81%84%E3%81%A9%20%E7%99%BE%E7%94%B0%E8%A7%A3%E6%96%97
1455,POP UP PARADE 모노쿠마,POP UP PARADE モノクマ,,피규어,단간론파,굿스마일컴퍼니,,False,False,official_search,search_only,candidate_provider_script_required,10,POP UP PARADE モノクマ,https://www.goodsmile.info/ja/products/search?utf8=%E2%9C%93&search%5Bquery%5D=POP%20UP%20PARADE%20%E3%83%A2%E3%83%8E%E3%82%AF%E3%83%9E
1458,ARTFX J 나에기 마코토,ARTFX J 苗木誠,,피규어,단간론파,코토부키야,,False,False,official_search,search_only,candidate_provider_script_required,10,ARTFX J 苗木誠,https://shop.kotobukiya.co.jp/shop/goods/search.aspx?search=x&keyword=ARTFX%20J%20%E8%8B%97%E6%9C%A8%E8%AA%A0
1459,ARTFX J 키리기리 쿄코,ARTFX J 霧切響子,,피규어,단간론파,코토부키야,,False,False,official_search,search_only,candidate_provider_script_required,10,ARTFX J 霧切響子,https://shop.kotobukiya.co.jp/shop/goods/search.aspx?search=x&keyword=ARTFX%20J%20%E9%9C%A7%E5%88%87%E9%9F%BF%E5%AD%90
1462,Q posket 모노쿠마,Q posket モノクマ,,피규어,단간론파,Banpresto,,False,False,official_search,search_only,candidate_provider_script_required,10,Q posket モノクマ,https://bsp-prize.jp/search/?q=Q%20posket%20%E3%83%A2%E3%83%8E%E3%82%AF%E3%83%9E
1463,Break Time Collection 코마에다 나기토,Break Time Collection 狛枝凪斗,,피규어,단간론파,Banpresto,,False,False,official_search,search_only,candidate_provider_script_required,10,Break Time Collection 狛枝凪斗,https://bsp-prize.jp/search/?q=Break%20Time%20Collection%20%E7%8B%9B%E6%9E%9D%E5%87%AA%E6%96%97
1464,Break Time Collection 히나타 하지메,Break Time Collection 日向創,,피규어,단간론파,Banpresto,,False,False,official_search,search_only,candidate_provider_script_required,10,Break Time Collection 日向創,https://bsp-prize.jp/search/?q=Break%20Time%20Collection%20%E6%97%A5%E5%90%91%E5%89%B5
1467,Desktop Cute 모노쿠마,デスクトップキュート モノクマ,,피규어,단간론파,Taito,,False,False,official_search,search_only,candidate_provider_script_required,10,デスクトップキュート モノクマ,https://www.taito.co.jp/prize/search?keyword=%E3%83%87%E3%82%B9%E3%82%AF%E3%83%88%E3%83%83%E3%83%97%E3%82%AD%E3%83%A5%E3%83%BC%E3%83%88%20%E3%83%A2%E3%83%8E%E3%82%AF%E3%83%9E
1468,Desktop Cute 코마에다 나기토,デスクトップキュート 狛枝凪斗,,피규어,단간론파,Taito,,False,False,official_search,search_only,candidate_provider_script_required,10,デスクトップキュート 狛枝凪斗,https://www.taito.co.jp/prize/search?keyword=%E3%83%87%E3%82%B9%E3%82%AF%E3%83%88%E3%83%83%E3%83%97%E3%82%AD%E3%83%A5%E3%83%BC%E3%83%88%20%E7%8B%9B%E6%9E%9D%E5%87%AA%E6%96%97
1469,Desktop Cute 사이하라 슈이치,デスクトップキュート 最原終一,,피규어,단간론파,Taito,,False,False,official_search,search_only,candidate_provider_script_required,10,デスクトップキュート 最原終一,https://www.taito.co.jp/prize/search?keyword=%E3%83%87%E3%82%B9%E3%82%AF%E3%83%88%E3%83%83%E3%83%97%E3%82%AD%E3%83%A5%E3%83%BC%E3%83%88%20%E6%9C%80%E5%8E%9F%E7%B5%82%E4%B8%80
1470,Noodle Stopper 모노쿠마,ヌードルストッパー モノクマ,,피규어,단간론파,FuRyu,,False,False,official_search,search_only,candidate_provider_script_required,10,ヌードルストッパー モノクマ,https://furyuprize.com/search?keyword=%E3%83%8C%E3%83%BC%E3%83%89%E3%83%AB%E3%82%B9%E3%83%88%E3%83%83%E3%83%91%E3%83%BC%20%E3%83%A2%E3%83%8E%E3%82%AF%E3%83%9E
1471,Chokonose Premium 코마에다 나기토,ちょこのせ プレミアム 狛枝凪斗,,피규어,단간론파,FuRyu,,False,False,official_search,search_only,candidate_provider_script_required,10,ちょこのせ プレミアム 狛枝凪斗,https://furyuprize.com/search?keyword=%E3%81%A1%E3%82%87%E3%81%93%E3%81%AE%E3%81%9B%20%E3%83%97%E3%83%AC%E3%83%9F%E3%82%A2%E3%83%A0%20%E7%8B%9B%E6%9E%9D%E5%87%AA%E6%96%97
1472,Chokonose Premium 히나타 하지메,ちょこのせ プレミアム 日向創,,피규어,단간론파,FuRyu,,False,False,official_search,search_only,candidate_provider_script_required,10,ちょこのせ プレミアム 日向創,https://furyuprize.com/search?keyword=%E3%81%A1%E3%82%87%E3%81%93%E3%81%AE%E3%81%9B%20%E3%83%97%E3%83%AC%E3%83%9F%E3%82%A2%E3%83%A0%20%E6%97%A5%E5%90%91%E5%89%B5
1473,오만쥬 니기니기 마스코트 모노쿠마,おまんじゅう にぎにぎマスコット モノクマ,,마스코트,단간론파,엔스카이,,False,False,official_search,search_only,candidate_provider_script_required,10,おまんじゅう にぎにぎマスコット モノクマ,https://www.enskyshop.com/products/list?name=%E3%81%8A%E3%81%BE%E3%82%93%E3%81%98%E3%82%85%E3%81%86%20%E3%81%AB%E3%81%8E%E3%81%AB%E3%81%8E%E3%83%9E%E3%82%B9%E3%82%B3%E3%83%83%E3%83%88%20%E3%83%A2%E3%83%8E%E3%82%AF%E3%83%9E
1474,오만쥬 니기니기 마스코트 나에기 마코토,おまんじゅう にぎにぎマスコット 苗木誠,,마스코트,단간론파,엔스카이,,False,False,official_search,search_only,candidate_provider_script_required,10,おまんじゅう にぎにぎマスコット 苗木誠,https://www.enskyshop.com/products/list?name=%E3%81%8A%E3%81%BE%E3%82%93%E3%81%98%E3%82%85%E3%81%86%20%E3%81%AB%E3%81%8E%E3%81%AB%E3%81%8E%E3%83%9E%E3%82%B9%E3%82%B3%E3%83%83%E3%83%88%20%E8%8B%97%E6%9C%A8%E8%AA%A0
1475,오만쥬 니기니기 마스코트 코마에다 나기토,おまんじゅう にぎにぎマスコット 狛枝凪斗,,마스코트,단간론파,엔스카이,,False,False,official_search,search_only,candidate_provider_script_required,10,おまんじゅう にぎにぎマスコット 狛枝凪斗,https://www.enskyshop.com/products/list?name=%E3%81%8A%E3%81%BE%E3%82%93%E3%81%98%E3%82%85%E3%81%86%20%E3%81%AB%E3%81%8E%E3%81%AB%E3%81%8E%E3%83%9E%E3%82%B9%E3%82%B3%E3%83%83%E3%83%88%20%E7%8B%9B%E6%9E%9D%E5%87%AA%E6%96%97
1476,오만쥬 니기니기 마스코트 히나타 하지메,おまんじゅう にぎにぎマスコット 日向創,,마스코트,단간론파,엔스카이,,False,False,official_search,search_only,candidate_provider_script_required,10,おまんじゅう にぎにぎマスコット 日向創,https://www.enskyshop.com/products/list?name=%E3%81%8A%E3%81%BE%E3%82%93%E3%81%98%E3%82%85%E3%81%86%20%E3%81%AB%E3%81%8E%E3%81%AB%E3%81%8E%E3%83%9E%E3%82%B9%E3%82%B3%E3%83%83%E3%83%88%20%E6%97%A5%E5%90%91%E5%89%B5
1477,치비누이 사이하라 슈이치,ちびぬい 最原終一,,인형,단간론파,엔스카이,,False,False,official_search,search_only,candidate_provider_script_required,10,ちびぬい 最原終一,https://www.enskyshop.com/products/list?name=%E3%81%A1%E3%81%B3%E3%81%AC%E3%81%84%20%E6%9C%80%E5%8E%9F%E7%B5%82%E4%B8%80
1478,치비누이 오우마 코키치,ちびぬい 王馬小吉,,인형,단간론파,엔스카이,,False,False,official_search,search_only,candidate_provider_script_required,10,ちびぬい 王馬小吉,https://www.enskyshop.com/products/list?name=%E3%81%A1%E3%81%B3%E3%81%AC%E3%81%84%20%E7%8E%8B%E9%A6%AC%E5%B0%8F%E5%90%89
1485,넨도로이드 아이젠,ねんどろいど アイゼン,,피규어,장송의 프리렌,굿스마일컴퍼니,,False,False,official_search,search_only,candidate_provider_script_required,10,ねんどろいど アイゼン,https://www.goodsmile.info/ja/products/search?utf8=%E2%9C%93&search%5Bquery%5D=%E3%81%AD%E3%82%93%E3%81%A9%E3%82%8D%E3%81%84%E3%81%A9%20%E3%82%A2%E3%82%A4%E3%82%BC%E3%83%B3
1486,넨도로이드 하이터,ねんどろいど ハイター,,피규어,장송의 프리렌,굿스마일컴퍼니,,False,False,official_search,search_only,candidate_provider_script_required,10,ねんどろいど ハイター,https://www.goodsmile.info/ja/products/search?utf8=%E2%9C%93&search%5Bquery%5D=%E3%81%AD%E3%82%93%E3%81%A9%E3%82%8D%E3%81%84%E3%81%A9%20%E3%83%8F%E3%82%A4%E3%82%BF%E3%83%BC
1489,POP UP PARADE 슈타르크,POP UP PARADE シュタルク,,피규어,장송의 프리렌,굿스마일컴퍼니,,False,False,official_search,search_only,candidate_provider_script_required,10,POP UP PARADE シュタルク,https://www.goodsmile.info/ja/products/search?utf8=%E2%9C%93&search%5Bquery%5D=POP%20UP%20PARADE%20%E3%82%B7%E3%83%A5%E3%82%BF%E3%83%AB%E3%82%AF
1493,Q posket 프리렌,Q posket フリーレン,,피규어,장송의 프리렌,Banpresto,,False,False,official_search,search_only,candidate_provider_script_required,10,Q posket フリーレン,https://bsp-prize.jp/search/?q=Q%20posket%20%E3%83%95%E3%83%AA%E3%83%BC%E3%83%AC%E3%83%B3
1494,Q posket 페른,Q posket フェルン,,피규어,장송의 프리렌,Banpresto,,False,False,official_search,search_only,candidate_provider_script_required,10,Q posket フェルン,https://bsp-prize.jp/search/?q=Q%20posket%20%E3%83%95%E3%82%A7%E3%83%AB%E3%83%B3
1496,Q posket 히멜,Q posket ヒンメル,,피규어,장송의 프리렌,Banpresto,,False,False,official_search,search_only,candidate_provider_script_required,10,Q posket ヒンメル,https://bsp-prize.jp/search/?q=Q%20posket%20%E3%83%92%E3%83%B3%E3%83%A1%E3%83%AB
1497,Break Time Collection 프리렌,Break Time Collection フリーレン,,피규어,장송의 프리렌,Banpresto,,False,False,official_search,search_only,candidate_provider_script_required,10,Break Time Collection フリーレン,https://bsp-prize.jp/search/?q=Break%20Time%20Collection%20%E3%83%95%E3%83%AA%E3%83%BC%E3%83%AC%E3%83%B3
1498,Break Time Collection 페른,Break Time Collection フェルン,,피규어,장송의 프리렌,Banpresto,,False,False,official_search,search_only,candidate_provider_script_required,10,Break Time Collection フェルン,https://bsp-prize.jp/search/?q=Break%20Time%20Collection%20%E3%83%95%E3%82%A7%E3%83%AB%E3%83%B3
1517,치비누이 페른,ちびぬい フェルン,,인형,장송의 프리렌,엔스카이,,False,False,official_search,search_only,candidate_provider_script_required,10,ちびぬい フェルン,https://www.enskyshop.com/products/list?name=%E3%81%A1%E3%81%B3%E3%81%AC%E3%81%84%20%E3%83%95%E3%82%A7%E3%83%AB%E3%83%B3
1518,치비누이 슈타르크,ちびぬい シュタルク,,인형,장송의 프리렌,엔스카이,,False,False,official_search,search_only,candidate_provider_script_required,10,ちびぬい シュタルク,https://www.enskyshop.com/products/list?name=%E3%81%A1%E3%81%B3%E3%81%AC%E3%81%84%20%E3%82%B7%E3%83%A5%E3%82%BF%E3%83%AB%E3%82%AF
1519,치비누이 히멜,ちびぬい ヒンメル,,인형,장송의 프리렌,엔스카이,,False,False,official_search,search_only,candidate_provider_script_required,10,ちびぬい ヒンメル,https://www.enskyshop.com/products/list?name=%E3%81%A1%E3%81%B3%E3%81%AC%E3%81%84%20%E3%83%92%E3%83%B3%E3%83%A1%E3%83%AB
1520,치비누이 아이젠,ちびぬい アイゼン,,인형,장송의 프리렌,엔스카이,,False,False,official_search,search_only,candidate_provider_script_required,10,ちびぬい アイゼン,https://www.enskyshop.com/products/list?name=%E3%81%A1%E3%81%B3%E3%81%AC%E3%81%84%20%E3%82%A2%E3%82%A4%E3%82%BC%E3%83%B3
1521,치비누이 하이터,ちびぬい ハイター,,인형,장송의 프리렌,엔스카이,,False,False,official_search,search_only,candidate_provider_script_required,10,ちびぬい ハイター,https://www.enskyshop.com/products/list?name=%E3%81%A1%E3%81%B3%E3%81%AC%E3%81%84%20%E3%83%8F%E3%82%A4%E3%82%BF%E3%83%BC
1522,누이푸페 프리렌,ぬいぐるみポペ フリーレン,,인형,장송의 프리렌,엔스카이,,False,False,official_search,search_only,candidate_provider_script_required,10,ぬいぐるみポペ フリーレン,https://www.enskyshop.com/products/list?name=%E3%81%AC%E3%81%84%E3%81%90%E3%82%8B%E3%81%BF%E3%83%9D%E3%83%9A%20%E3%83%95%E3%83%AA%E3%83%BC%E3%83%AC%E3%83%B3
1523,누이푸페 페른,ぬいぐるみポペ フェルン,,인형,장송의 프리렌,엔스카이,,False,False,official_search,search_only,candidate_provider_script_required,10,ぬいぐるみポペ フェルン,https://www.enskyshop.com/products/list?name=%E3%81%AC%E3%81%84%E3%81%90%E3%82%8B%E3%81%BF%E3%83%9D%E3%83%9A%20%E3%83%95%E3%82%A7%E3%83%AB%E3%83%B3
1524,타피누이 프리렌,たぴぬい フリーレン,,인형,장송의 프리렌,엔스카이,,False,False,official_search,search_only,candidate_provider_script_required,10,たぴぬい フリーレン,https://www.enskyshop.com/products/list?name=%E3%81%9F%E3%81%B4%E3%81%AC%E3%81%84%20%E3%83%95%E3%83%AA%E3%83%BC%E3%83%AC%E3%83%B3
1525,타피누이 페른,たぴぬい フェルン,,인형,장송의 프리렌,엔스카이,,False,False,official_search,search_only,candidate_provider_script_required,10,たぴぬい フェルン,https://www.enskyshop.com/products/list?name=%E3%81%9F%E3%81%B4%E3%81%AC%E3%81%84%20%E3%83%95%E3%82%A7%E3%83%AB%E3%83%B3
1529,Re-ment 프리렌 미니어처 컬렉션,リーメント フリーレン ミニチュアコレクション,,피규어,장송의 프리렌,Re-ment,,False,False,official_search,search_only,candidate_provider_script_required,10,リーメント フリーレン ミニチュアコレクション,https://www.re-ment.co.jp/?s=%E3%83%AA%E3%83%BC%E3%83%A1%E3%83%B3%E3%83%88%20%E3%83%95%E3%83%AA%E3%83%BC%E3%83%AC%E3%83%B3%20%E3%83%9F%E3%83%8B%E3%83%81%E3%83%A5%E3%82%A2%E3%82%B3%E3%83%AC%E3%82%AF%E3%82%B7%E3%83%A7%E3%83%B3
1530,하츠네 미쿠 러버 스트랩 (매지컬 미라이 2023),初音ミク ラバーストラップ (マジカルミライ2023),,키링,하츠네 미쿠,굿스마일컴퍼니,,False,False,official_search,search_only,candidate_provider_script_required,10,初音ミク ラバーストラップ (マジカルミライ2023),https://www.goodsmile.info/ja/products/search?utf8=%E2%9C%93&search%5Bquery%5D=%E5%88%9D%E9%9F%B3%E3%83%9F%E3%82%AF%20%E3%83%A9%E3%83%90%E3%83%BC%E3%82%B9%E3%83%88%E3%83%A9%E3%83%83%E3%83%97%20%28%E3%83%9E%E3%82%B8%E3%82%AB%E3%83%AB%E3%83%9F%E3%83%A9%E3%82%A42023%29
1531,하츠네 미쿠 메탈릭 러버 스트랩,初音ミク メタリックラバーストラップ,,키링,하츠네 미쿠,엔스카이,,False,False,official_search,search_only,candidate_provider_script_required,10,初音ミク メタリックラバーストラップ,https://www.enskyshop.com/products/list?name=%E5%88%9D%E9%9F%B3%E3%83%9F%E3%82%AF%20%E3%83%A1%E3%82%BF%E3%83%AA%E3%83%83%E3%82%AF%E3%83%A9%E3%83%90%E3%83%BC%E3%82%B9%E3%83%88%E3%83%A9%E3%83%83%E3%83%97
1537,미도리야 이즈쿠 러버 스트랩,緑谷出久 ラバーストラップ,,키링,나의 히어로 아카데미아,엔스카이,,False,False,official_search,search_only,candidate_provider_script_required,10,緑谷出久 ラバーストラップ,https://www.enskyshop.com/products/list?name=%E7%B7%91%E8%B0%B7%E5%87%BA%E4%B9%85%20%E3%83%A9%E3%83%90%E3%83%BC%E3%82%B9%E3%83%88%E3%83%A9%E3%83%83%E3%83%97
1538,바쿠고 카츠키 러버 스트랩,爆豪勝己 ラバーストラップ,,키링,나의 히어로 아카데미아,엔스카이,,False,False,official_search,search_only,candidate_provider_script_required,10,爆豪勝己 ラバーストラップ,https://www.enskyshop.com/products/list?name=%E7%88%86%E8%B1%AA%E5%8B%9D%E5%B7%B1%20%E3%83%A9%E3%83%90%E3%83%BC%E3%82%B9%E3%83%88%E3%83%A9%E3%83%83%E3%83%97
1539,토도로키 쇼토 러버 스트랩,轟焦凍 ラバーストラップ,,키링,나의 히어로 아카데미아,엔스카이,,False,False,official_search,search_only,candidate_provider_script_required,10,轟焦凍 ラバーストラップ,https://www.enskyshop.com/products/list?name=%E8%BD%9F%E7%84%A6%E5%87%8D%20%E3%83%A9%E3%83%90%E3%83%BC%E3%82%B9%E3%83%88%E3%83%A9%E3%83%83%E3%83%97
1540,시가라키 토무라 러버 스트랩,死柄木弔 ラバーストラップ,,키링,나의 히어로 아카데미아,엔스카이,,False,False,official_search,search_only,candidate_provider_script_required,10,死柄木弔 ラバーストラップ,https://www.enskyshop.com/products/list?name=%E6%AD%BB%E6%9F%84%E6%9C%A8%E5%BC%94%20%E3%83%A9%E3%83%90%E3%83%BC%E3%82%B9%E3%83%88%E3%83%A9%E3%83%83%E3%83%97
1541,다비 메탈릭 러버 스트랩,荼毘 メタリックラバーストラップ,,키링,나의 히어로 아카데미아,엔스카이,,False,False,official_search,search_only,candidate_provider_script_required,10,荼毘 メタリックラバーストラップ,https://www.enskyshop.com/products/list?name=%E8%8D%BC%E6%AF%98%20%E3%83%A1%E3%82%BF%E3%83%AA%E3%83%83%E3%82%AF%E3%83%A9%E3%83%90%E3%83%BC%E3%82%B9%E3%83%88%E3%83%A9%E3%83%83%E3%83%97
1542,올마이트 러버 스트랩,オールマイト ラバーストラップ,,키링,나의 히어로 아카데미아,엔스카이,,False,False,official_search,search_only,candidate_provider_script_required,10,オールマイト ラバーストラップ,https://www.enskyshop.com/products/list?name=%E3%82%AA%E3%83%BC%E3%83%AB%E3%83%9E%E3%82%A4%E3%83%88%20%E3%83%A9%E3%83%90%E3%83%BC%E3%82%B9%E3%83%88%E3%83%A9%E3%83%83%E3%83%97
1543,곤 프릭스 러버 스트랩,ゴン=フリークス ラバーストラップ,,키링,헌터X헌터,엔스카이,,False,False,official_search,search_only,candidate_provider_script_required,10,ゴン=フリークス ラバーストラップ,https://www.enskyshop.com/products/list?name=%E3%82%B4%E3%83%B3%3D%E3%83%95%E3%83%AA%E3%83%BC%E3%82%AF%E3%82%B9%20%E3%83%A9%E3%83%90%E3%83%BC%E3%82%B9%E3%83%88%E3%83%A9%E3%83%83%E3%83%97
1544,키루아 조르딕 러버 스트랩,キルア=ゾルディック ラバーストラップ,,키링,헌터X헌터,엔스카이,,False,False,official_search,search_only,candidate_provider_script_required,10,キルア=ゾルディック ラバーストラップ,https://www.enskyshop.com/products/list?name=%E3%82%AD%E3%83%AB%E3%82%A2%3D%E3%82%BE%E3%83%AB%E3%83%87%E3%82%A3%E3%83%83%E3%82%AF%20%E3%83%A9%E3%83%90%E3%83%BC%E3%82%B9%E3%83%88%E3%83%A9%E3%83%83%E3%83%97
1545,쿠라피카 러버 스트랩,クラピカ ラバーストラップ,,키링,헌터X헌터,엔스카이,,False,False,official_search,search_only,candidate_provider_script_required,10,クラピカ ラバーストラップ,https://www.enskyshop.com/products/list?name=%E3%82%AF%E3%83%A9%E3%83%94%E3%82%AB%20%E3%83%A9%E3%83%90%E3%83%BC%E3%82%B9%E3%83%88%E3%83%A9%E3%83%83%E3%83%97
1546,레오리오 러버 스트랩,レオリオ ラバーストラップ,,키링,헌터X헌터,엔스카이,,False,False,official_search,search_only,candidate_provider_script_required,10,レオリオ ラバーストラップ,https://www.enskyshop.com/products/list?name=%E3%83%AC%E3%82%AA%E3%83%AA%E3%82%AA%20%E3%83%A9%E3%83%90%E3%83%BC%E3%82%B9%E3%83%88%E3%83%A9%E3%83%83%E3%83%97
1547,히소카 러버 스트랩,ヒソカ ラバーストラップ,,키링,헌터X헌터,엔스카이,,False,False,official_search,search_only,candidate_provider_script_required,10,ヒソカ ラバーストラップ,https://www.enskyshop.com/products/list?name=%E3%83%92%E3%82%BD%E3%82%AB%20%E3%83%A9%E3%83%90%E3%83%BC%E3%82%B9%E3%83%88%E3%83%A9%E3%83%83%E3%83%97
1548,쿠로로 루실풀 메탈릭 러버 스트랩,クロロ=ルシルフル メタリックラバーストラップ,,키링,헌터X헌터,엔스카이,,False,False,official_search,search_only,candidate_provider_script_required,10,クロロ=ルシルフル メタリックラバーストラップ,https://www.enskyshop.com/products/list?name=%E3%82%AF%E3%83%AD%E3%83%AD%3D%E3%83%AB%E3%82%B7%E3%83%AB%E3%83%95%E3%83%AB%20%E3%83%A1%E3%82%BF%E3%83%AA%E3%83%83%E3%82%AF%E3%83%A9%E3%83%90%E3%83%BC%E3%82%B9%E3%83%88%E3%83%A9%E3%83%83%E3%83%97
1549,이타도리 유지 러버 스트랩,虎杖悠仁 ラバーストラップ,,키링,주술회전,엔스카이,,False,False,official_search,search_only,candidate_provider_script_required,10,虎杖悠仁 ラバーストラップ,https://www.enskyshop.com/products/list?name=%E8%99%8E%E6%9D%96%E6%82%A0%E4%BB%81%20%E3%83%A9%E3%83%90%E3%83%BC%E3%82%B9%E3%83%88%E3%83%A9%E3%83%83%E3%83%97
1550,후시구로 메구미 러버 스트랩,伏黒恵 ラバーストラップ,,키링,주술회전,엔스카이,,False,False,official_search,search_only,candidate_provider_script_required,10,伏黒恵 ラバーストラップ,https://www.enskyshop.com/products/list?name=%E4%BC%8F%E9%BB%92%E6%81%B5%20%E3%83%A9%E3%83%90%E3%83%BC%E3%82%B9%E3%83%88%E3%83%A9%E3%83%83%E3%83%97
1551,쿠기사키 노바라 러버 스트랩,釘崎野薔薇 ラバーストラップ,,키링,주술회전,엔스카이,,False,False,official_search,search_only,candidate_provider_script_required,10,釘崎野薔薇 ラバーストラップ,https://www.enskyshop.com/products/list?name=%E9%87%98%E5%B4%8E%E9%87%8E%E8%96%94%E8%96%87%20%E3%83%A9%E3%83%90%E3%83%BC%E3%82%B9%E3%83%88%E3%83%A9%E3%83%83%E3%83%97
1552,고죠 사토루 러버 스트랩,五条悟 ラバーストラップ,,키링,주술회전,엔스카이,,False,False,official_search,search_only,candidate_provider_script_required,10,五条悟 ラバーストラップ,https://www.enskyshop.com/products/list?name=%E4%BA%94%E6%9D%A1%E6%82%9F%20%E3%83%A9%E3%83%90%E3%83%BC%E3%82%B9%E3%83%88%E3%83%A9%E3%83%83%E3%83%97
1553,나나미 켄토 러버 스트랩,七海建人 ラバーストラップ,,키링,주술회전,엔스카이,,False,False,official_search,search_only,candidate_provider_script_required,10,七海建人 ラバーストラップ,https://www.enskyshop.com/products/list?name=%E4%B8%83%E6%B5%B7%E5%BB%BA%E4%BA%BA%20%E3%83%A9%E3%83%90%E3%83%BC%E3%82%B9%E3%83%88%E3%83%A9%E3%83%83%E3%83%97
1554,료멘 스쿠나 메탈릭 러버 스트랩,両面宿儺 メタリックラバーストラップ,,키링,주술회전,엔스카이,,False,False,official_search,search_only,candidate_provider_script_required,10,両面宿儺 メタリックラバーストラップ,https://www.enskyshop.com/products/list?name=%E4%B8%A1%E9%9D%A2%E5%AE%BF%E5%84%BA%20%E3%83%A1%E3%82%BF%E3%83%AA%E3%83%83%E3%82%AF%E3%83%A9%E3%83%90%E3%83%BC%E3%82%B9%E3%83%88%E3%83%A9%E3%83%83%E3%83%97
1555,게토 스구루 러버 스트랩,夏油傑 ラバーストラップ,,키링,주술회전,엔스카이,,False,False,official_search,search_only,candidate_provider_script_required,10,夏油傑 ラバーストラップ,https://www.enskyshop.com/products/list?name=%E5%A4%8F%E6%B2%B9%E5%82%91%20%E3%83%A9%E3%83%90%E3%83%BC%E3%82%B9%E3%83%88%E3%83%A9%E3%83%83%E3%83%97
1556,리코 러버 스트랩,リコ ラバーストラップ,,키링,메이드 인 어비스,코토부키야,,False,False,official_search,search_only,candidate_provider_script_required,10,リコ ラバーストラップ,https://shop.kotobukiya.co.jp/shop/goods/search.aspx?search=x&keyword=%E3%83%AA%E3%82%B3%20%E3%83%A9%E3%83%90%E3%83%BC%E3%82%B9%E3%83%88%E3%83%A9%E3%83%83%E3%83%97
1557,레그 러버 스트랩,レグ ラバーストラップ,,키링,메이드 인 어비스,코토부키야,,False,False,official_search,search_only,candidate_provider_script_required,10,レグ ラバーストラップ,https://shop.kotobukiya.co.jp/shop/goods/search.aspx?search=x&keyword=%E3%83%AC%E3%82%B0%20%E3%83%A9%E3%83%90%E3%83%BC%E3%82%B9%E3%83%88%E3%83%A9%E3%83%83%E3%83%97
1558,나나치 러버 스트랩,ナナチ ラバーストラップ,,키링,메이드 인 어비스,코토부키야,,False,False,official_search,search_only,candidate_provider_script_required,10,ナナチ ラバーストラップ,https://shop.kotobukiya.co.jp/shop/goods/search.aspx?search=x&keyword=%E3%83%8A%E3%83%8A%E3%83%81%20%E3%83%A9%E3%83%90%E3%83%BC%E3%82%B9%E3%83%88%E3%83%A9%E3%83%83%E3%83%97
1559,보가만 러버 스트랩,ボンドルド ラバーストラップ,,키링,메이드 인 어비스,코토부키야,,False,False,official_search,search_only,candidate_provider_script_required,10,ボンドルド ラバーストラップ,https://shop.kotobukiya.co.jp/shop/goods/search.aspx?search=x&keyword=%E3%83%9C%E3%83%B3%E3%83%89%E3%83%AB%E3%83%89%20%E3%83%A9%E3%83%90%E3%83%BC%E3%82%B9%E3%83%88%E3%83%A9%E3%83%83%E3%83%97
1560,프루시카 러버 스트랩,プルシュカ ラバーストラップ,,키링,메이드 인 어비스,코토부키야,,False,False,official_search,search_only,candidate_provider_script_required,10,プルシュカ ラバーストラップ,https://shop.kotobukiya.co.jp/shop/goods/search.aspx?search=x&keyword=%E3%83%97%E3%83%AB%E3%82%B7%E3%83%A5%E3%82%AB%20%E3%83%A9%E3%83%90%E3%83%BC%E3%82%B9%E3%83%88%E3%83%A9%E3%83%83%E3%83%97
1579,렌고쿠 쿄쥬로 메탈릭 러버 스트랩,煉獄杏寿郎 メタリックラバーストラップ,,키링,귀멸의 칼날,엔스카이,,False,False,official_search,search_only,candidate_provider_script_required,10,煉獄杏寿郎 メタリックラバーストラップ,https://www.enskyshop.com/products/list?name=%E7%85%89%E7%8D%84%E6%9D%8F%E5%AF%BF%E9%83%8E%20%E3%83%A1%E3%82%BF%E3%83%AA%E3%83%83%E3%82%AF%E3%83%A9%E3%83%90%E3%83%BC%E3%82%B9%E3%83%88%E3%83%A9%E3%83%83%E3%83%97
1580,우즈이 텐겐 메탈릭 러버 스트랩,宇髄天元 メタリックラバーストラップ,,키링,귀멸의 칼날,엔스카이,,False,False,official_search,search_only,candidate_provider_script_required,10,宇髄天元 メタリックラバーストラップ,https://www.enskyshop.com/products/list?name=%E5%AE%87%E9%AB%84%E5%A4%A9%E5%85%83%20%E3%83%A1%E3%82%BF%E3%83%AA%E3%83%83%E3%82%AF%E3%83%A9%E3%83%90%E3%83%BC%E3%82%B9%E3%83%88%E3%83%A9%E3%83%83%E3%83%97
1583,나미 러버 스트랩,ナミ ラバーストラップ,,키링,원피스,엔스카이,,False,False,official_search,search_only,candidate_provider_script_required,10,ナミ ラバーストラップ,https://www.enskyshop.com/products/list?name=%E3%83%8A%E3%83%9F%20%E3%83%A9%E3%83%90%E3%83%BC%E3%82%B9%E3%83%88%E3%83%A9%E3%83%83%E3%83%97
1584,상디 러버 스트랩,サンジ ラバーストラップ,,키링,원피스,엔스카이,,False,False,official_search,search_only,candidate_provider_script_required,10,サンジ ラバーストラップ,https://www.enskyshop.com/products/list?name=%E3%82%B5%E3%83%B3%E3%82%B8%20%E3%83%A9%E3%83%90%E3%83%BC%E3%82%B9%E3%83%88%E3%83%A9%E3%83%83%E3%83%97
1585,우솝 러버 스트랩,ウソップ ラバーストラップ,,키링,원피스,엔스카이,,False,False,official_search,search_only,candidate_provider_script_required,10,ウソップ ラバーストラップ,https://www.enskyshop.com/products/list?name=%E3%82%A6%E3%82%BD%E3%83%83%E3%83%97%20%E3%83%A9%E3%83%90%E3%83%BC%E3%82%B9%E3%83%88%E3%83%A9%E3%83%83%E3%83%97
1587,니코 로빈 러버 스트랩,ニコ・ロビン ラバーストラップ,,키링,원피스,엔스카이,,False,False,official_search,search_only,candidate_provider_script_required,10,ニコ・ロビン ラバーストラップ,https://www.enskyshop.com/products/list?name=%E3%83%8B%E3%82%B3%E3%83%BB%E3%83%AD%E3%83%93%E3%83%B3%20%E3%83%A9%E3%83%90%E3%83%BC%E3%82%B9%E3%83%88%E3%83%A9%E3%83%83%E3%83%97
1588,프랑키 러버 스트랩,フランキー ラバーストラップ,,키링,원피스,엔스카이,,False,False,official_search,search_only,candidate_provider_script_required,10,フランキー ラバーストラップ,https://www.enskyshop.com/products/list?name=%E3%83%95%E3%83%A9%E3%83%B3%E3%82%AD%E3%83%BC%20%E3%83%A9%E3%83%90%E3%83%BC%E3%82%B9%E3%83%88%E3%83%A9%E3%83%83%E3%83%97
1589,브룩 러버 스트랩,ブルック ラバーストラップ,,키링,원피스,엔스카이,,False,False,official_search,search_only,candidate_provider_script_required,10,ブルック ラバーストラップ,https://www.enskyshop.com/products/list?name=%E3%83%96%E3%83%AB%E3%83%83%E3%82%AF%20%E3%83%A9%E3%83%90%E3%83%BC%E3%82%B9%E3%83%88%E3%83%A9%E3%83%83%E3%83%97
1590,징베 러버 스트랩,ジンベエ ラバーストラップ,,키링,원피스,엔스카이,,False,False,official_search,search_only,candidate_provider_script_required,10,ジンベエ ラバーストラップ,https://www.enskyshop.com/products/list?name=%E3%82%B8%E3%83%B3%E3%83%99%E3%82%A8%20%E3%83%A9%E3%83%90%E3%83%BC%E3%82%B9%E3%83%88%E3%83%A9%E3%83%83%E3%83%97
1591,포트가스 D 에이스 메탈릭 러버 스트랩,ポートガス・D・エース メタリックラバーストラップ,,키링,원피스,엔스카이,,False,False,official_search,search_only,candidate_provider_script_required,10,ポートガス・D・エース メタリックラバーストラップ,https://www.enskyshop.com/products/list?name=%E3%83%9D%E3%83%BC%E3%83%88%E3%82%AC%E3%82%B9%E3%83%BBD%E3%83%BB%E3%82%A8%E3%83%BC%E3%82%B9%20%E3%83%A1%E3%82%BF%E3%83%AA%E3%83%83%E3%82%AF%E3%83%A9%E3%83%90%E3%83%BC%E3%82%B9%E3%83%88%E3%83%A9%E3%83%83%E3%83%97
1592,사보 러버 스트랩,サボ ラバーストラップ,,키링,원피스,엔스카이,,False,False,official_search,search_only,candidate_provider_script_required,10,サボ ラバーストラップ,https://www.enskyshop.com/products/list?name=%E3%82%B5%E3%83%9C%20%E3%83%A9%E3%83%90%E3%83%BC%E3%82%B9%E3%83%88%E3%83%A9%E3%83%83%E3%83%97
1593,트라팔가 로 카라비너 러버 스트랩,トラファルガー・ロー カラビナ付きラバーストラップ,,키링,원피스,엔스카이,,False,False,official_search,search_only,candidate_provider_script_required,10,トラファルガー・ロー カラビナ付きラバーストラップ,https://www.enskyshop.com/products/list?name=%E3%83%88%E3%83%A9%E3%83%95%E3%82%A1%E3%83%AB%E3%82%AC%E3%83%BC%E3%83%BB%E3%83%AD%E3%83%BC%20%E3%82%AB%E3%83%A9%E3%83%93%E3%83%8A%E4%BB%98%E3%81%8D%E3%83%A9%E3%83%90%E3%83%BC%E3%82%B9%E3%83%88%E3%83%A9%E3%83%83%E3%83%97
1594,덴지 러버 스트랩,デンジ ラバーストラップ,,키링,체인소맨,엔스카이,,False,False,official_search,search_only,candidate_provider_script_required,10,デンジ ラバーストラップ,https://www.enskyshop.com/products/list?name=%E3%83%87%E3%83%B3%E3%82%B8%20%E3%83%A9%E3%83%90%E3%83%BC%E3%82%B9%E3%83%88%E3%83%A9%E3%83%83%E3%83%97
1595,파워 러버 스트랩,パワー ラバーストラップ,,키링,체인소맨,엔스카이,,False,False,official_search,search_only,candidate_provider_script_required,10,パワー ラバーストラップ,https://www.enskyshop.com/products/list?name=%E3%83%91%E3%83%AF%E3%83%BC%20%E3%83%A9%E3%83%90%E3%83%BC%E3%82%B9%E3%83%88%E3%83%A9%E3%83%83%E3%83%97
1596,하야카와 아키 러버 스트랩,早川アキ ラバーストラップ,,키링,체인소맨,엔스카이,,False,False,official_search,search_only,candidate_provider_script_required,10,早川アキ ラバーストラップ,https://www.enskyshop.com/products/list?name=%E6%97%A9%E5%B7%9D%E3%82%A2%E3%82%AD%20%E3%83%A9%E3%83%90%E3%83%BC%E3%82%B9%E3%83%88%E3%83%A9%E3%83%83%E3%83%97
1598,코베니 러버 스트랩,コベニ ラバーストラップ,,키링,체인소맨,엔스카이,,False,False,official_search,search_only,candidate_provider_script_required,10,コベニ ラバーストラップ,https://www.enskyshop.com/products/list?name=%E3%82%B3%E3%83%99%E3%83%8B%20%E3%83%A9%E3%83%90%E3%83%BC%E3%82%B9%E3%83%88%E3%83%A9%E3%83%83%E3%83%97
1600,체인소맨 메탈릭 러버 스트랩 (덴지),チェンソーマン メタリックラバーストラップ (デンジ),,키링,체인소맨,엔스카이,,False,False,official_search,search_only,candidate_provider_script_required,10,チェンソーマン メタリックラバーストラップ (デンジ),https://www.enskyshop.com/products/list?name=%E3%83%81%E3%82%A7%E3%83%B3%E3%82%BD%E3%83%BC%E3%83%9E%E3%83%B3%20%E3%83%A1%E3%82%BF%E3%83%AA%E3%83%83%E3%82%AF%E3%83%A9%E3%83%90%E3%83%BC%E3%82%B9%E3%83%88%E3%83%A9%E3%83%83%E3%83%97%20%28%E3%83%87%E3%83%B3%E3%82%B8%29
1601,레제 러버 스트랩,レゼ ラバーストラップ,,키링,체인소맨,엔스카이,,False,False,official_search,search_only,candidate_provider_script_required,10,レゼ ラバーストラップ,https://www.enskyshop.com/products/list?name=%E3%83%AC%E3%82%BC%20%E3%83%A9%E3%83%90%E3%83%BC%E3%82%B9%E3%83%88%E3%83%A9%E3%83%83%E3%83%97
1602,키시베 러버 스트랩,岸辺 ラバーストラップ,,키링,체인소맨,엔스카이,,False,False,official_search,search_only,candidate_provider_script_required,10,岸辺 ラバーストラップ,https://www.enskyshop.com/products/list?name=%E5%B2%B8%E8%BE%BA%20%E3%83%A9%E3%83%90%E3%83%BC%E3%82%B9%E3%83%88%E3%83%A9%E3%83%83%E3%83%97
1603,하츠네 미쿠 아크릴 스탠드 (매지컬 미라이 2024),初音ミク アクリルスタンド (マジカルミライ 2024),,아크릴 스탠드,하츠네 미쿠,굿스마일컴퍼니,,False,False,official_search,search_only,candidate_provider_script_required,10,初音ミク アクリルスタンド (マジカルミライ 2024),https://www.goodsmile.info/ja/products/search?utf8=%E2%9C%93&search%5Bquery%5D=%E5%88%9D%E9%9F%B3%E3%83%9F%E3%82%AF%20%E3%82%A2%E3%82%AF%E3%83%AA%E3%83%AB%E3%82%B9%E3%82%BF%E3%83%B3%E3%83%89%20%28%E3%83%9E%E3%82%B8%E3%82%AB%E3%83%AB%E3%83%9F%E3%83%A9%E3%82%A4%202024%29
1604,하츠네 미쿠 아크릴 스탠드 (벚꽃 미쿠),初音ミク アクリルスタンド (桜ミク),,아크릴 스탠드,하츠네 미쿠,굿스마일컴퍼니,,False,False,official_search,search_only,candidate_provider_script_required,10,初音ミク アクリルスタンド (桜ミク),https://www.goodsmile.info/ja/products/search?utf8=%E2%9C%93&search%5Bquery%5D=%E5%88%9D%E9%9F%B3%E3%83%9F%E3%82%AF%20%E3%82%A2%E3%82%AF%E3%83%AA%E3%83%AB%E3%82%B9%E3%82%BF%E3%83%B3%E3%83%89%20%28%E6%A1%9C%E3%83%9F%E3%82%AF%29
1605,카가미네 린 아크릴 스탠드 (매지컬 미라이),鏡音リン アクリルスタンド (マジカルミライ),,아크릴 스탠드,하츠네 미쿠,굿스마일컴퍼니,,False,False,official_search,search_only,candidate_provider_script_required,10,鏡音リン アクリルスタンド (マジカルミライ),https://www.goodsmile.info/ja/products/search?utf8=%E2%9C%93&search%5Bquery%5D=%E9%8F%A1%E9%9F%B3%E3%83%AA%E3%83%B3%20%E3%82%A2%E3%82%AF%E3%83%AA%E3%83%AB%E3%82%B9%E3%82%BF%E3%83%B3%E3%83%89%20%28%E3%83%9E%E3%82%B8%E3%82%AB%E3%83%AB%E3%83%9F%E3%83%A9%E3%82%A4%29
1607,메구리네 루카 아크릴 스탠드,巡音ルカ アクリルスタンド,,아크릴 스탠드,하츠네 미쿠,굿스마일컴퍼니,,False,False,official_search,search_only,candidate_provider_script_required,10,巡音ルカ アクリルスタンド,https://www.goodsmile.info/ja/products/search?utf8=%E2%9C%93&search%5Bquery%5D=%E5%B7%A1%E9%9F%B3%E3%83%AB%E3%82%AB%20%E3%82%A2%E3%82%AF%E3%83%AA%E3%83%AB%E3%82%B9%E3%82%BF%E3%83%B3%E3%83%89
1608,하츠네 미쿠 빅 아크릴 스탠드 (눈 미쿠),初音ミク ビッグアクリルスタンド (雪ミク),,아크릴 스탠드,하츠네 미쿠,굿스마일컴퍼니,,False,False,official_search,search_only,candidate_provider_script_required,10,初音ミク ビッグアクリルスタンド (雪ミク),https://www.goodsmile.info/ja/products/search?utf8=%E2%9C%93&search%5Bquery%5D=%E5%88%9D%E9%9F%B3%E3%83%9F%E3%82%AF%20%E3%83%93%E3%83%83%E3%82%B0%E3%82%A2%E3%82%AF%E3%83%AA%E3%83%AB%E3%82%B9%E3%82%BF%E3%83%B3%E3%83%89%20%28%E9%9B%AA%E3%83%9F%E3%82%AF%29
1609,하츠네 미쿠 아크릴 피규어 (ARTFXJ),初音ミク アクリルフィギュア (ARTFXJ),,아크릴 스탠드,하츠네 미쿠,코토부키야,,False,False,official_search,search_only,candidate_provider_script_required,10,初音ミク アクリルフィギュア (ARTFXJ),https://shop.kotobukiya.co.jp/shop/goods/search.aspx?search=x&keyword=%E5%88%9D%E9%9F%B3%E3%83%9F%E3%82%AF%20%E3%82%A2%E3%82%AF%E3%83%AA%E3%83%AB%E3%83%95%E3%82%A3%E3%82%AE%E3%83%A5%E3%82%A2%20%28ARTFXJ%29
1610,하츠네 미쿠 스탠드 미니 (하나미 시리즈),初音ミク スタンドミニ (花見シリーズ),,아크릴 스탠드,하츠네 미쿠,굿스마일컴퍼니,,False,False,official_search,search_only,candidate_provider_script_required,10,初音ミク スタンドミニ (花見シリーズ),https://www.goodsmile.info/ja/products/search?utf8=%E2%9C%93&search%5Bquery%5D=%E5%88%9D%E9%9F%B3%E3%83%9F%E3%82%AF%20%E3%82%B9%E3%82%BF%E3%83%B3%E3%83%89%E3%83%9F%E3%83%8B%20%28%E8%8A%B1%E8%A6%8B%E3%82%B7%E3%83%AA%E3%83%BC%E3%82%BA%29
1614,나의 히어로 아카데미아 아크릴 스탠드 (시가라키 토무라),僕のヒーローアカデミア アクリルスタンド (死柄木弔),,아크릴 스탠드,나의 히어로 아카데미아,코토부키야,,False,False,official_search,search_only,candidate_provider_script_required,10,僕のヒーローアカデミア アクリルスタンド (死柄木弔),https://shop.kotobukiya.co.jp/shop/goods/search.aspx?search=x&keyword=%E5%83%95%E3%81%AE%E3%83%92%E3%83%BC%E3%83%AD%E3%83%BC%E3%82%A2%E3%82%AB%E3%83%87%E3%83%9F%E3%82%A2%20%E3%82%A2%E3%82%AF%E3%83%AA%E3%83%AB%E3%82%B9%E3%82%BF%E3%83%B3%E3%83%89%20%28%E6%AD%BB%E6%9F%84%E6%9C%A8%E5%BC%94%29
1615,나의 히어로 아카데미아 빅 아크릴 스탠드 (다비),僕のヒーローアカデミア ビッグアクリルスタンド (荼毘),,아크릴 스탠드,나의 히어로 아카데미아,코토부키야,,False,False,official_search,search_only,candidate_provider_script_required,10,僕のヒーローアカデミア ビッグアクリルスタンド (荼毘),https://shop.kotobukiya.co.jp/shop/goods/search.aspx?search=x&keyword=%E5%83%95%E3%81%AE%E3%83%92%E3%83%BC%E3%83%AD%E3%83%BC%E3%82%A2%E3%82%AB%E3%83%87%E3%83%9F%E3%82%A2%20%E3%83%93%E3%83%83%E3%82%B0%E3%82%A2%E3%82%AF%E3%83%AA%E3%83%AB%E3%82%B9%E3%82%BF%E3%83%B3%E3%83%89%20%28%E8%8D%BC%E6%AF%98%29
1616,나의 히어로 아카데미아 아크릴 스탠드 (오버홀 의상 변경),僕のヒーローアカデミア アクリルスタンド (オーバーホール 衣装変更ver.),,아크릴 스탠드,나의 히어로 아카데미아,엔스카이,,False,False,official_search,search_only,candidate_provider_script_required,10,僕のヒーローアカデミア アクリルスタンド (オーバーホール 衣装変更ver.),https://www.enskyshop.com/products/list?name=%E5%83%95%E3%81%AE%E3%83%92%E3%83%BC%E3%83%AD%E3%83%BC%E3%82%A2%E3%82%AB%E3%83%87%E3%83%9F%E3%82%A2%20%E3%82%A2%E3%82%AF%E3%83%AA%E3%83%AB%E3%82%B9%E3%82%BF%E3%83%B3%E3%83%89%20%28%E3%82%AA%E3%83%BC%E3%83%90%E3%83%BC%E3%83%9B%E3%83%BC%E3%83%AB%20%E8%A1%A3%E8%A3%85%E5%A4%89%E6%9B%B4ver.%29
1617,나의 히어로 아카데미아 트레이딩 아크릴 키 홀더 (학원 시리즈),僕のヒーローアカデミア トレーディングアクリルキーホルダー (学園シリーズ),,아크릴 키링,나의 히어로 아카데미아,엔스카이,,False,False,official_search,search_only,candidate_provider_script_required,10,僕のヒーローアカデミア トレーディングアクリルキーホルダー (学園シリーズ),https://www.enskyshop.com/products/list?name=%E5%83%95%E3%81%AE%E3%83%92%E3%83%BC%E3%83%AD%E3%83%BC%E3%82%A2%E3%82%AB%E3%83%87%E3%83%9F%E3%82%A2%20%E3%83%88%E3%83%AC%E3%83%BC%E3%83%87%E3%82%A3%E3%83%B3%E3%82%B0%E3%82%A2%E3%82%AF%E3%83%AA%E3%83%AB%E3%82%AD%E3%83%BC%E3%83%9B%E3%83%AB%E3%83%80%E3%83%BC%20%28%E5%AD%A6%E5%9C%92%E3%82%B7%E3%83%AA%E3%83%BC%E3%82%BA%29
1618,헌터X헌터 아크릴 스탠드 (키루아 조르딕),HUNTER×HUNTER アクリルスタンド (キルア=ゾルディック),,아크릴 스탠드,헌터X헌터,엔스카이,,False,False,official_search,search_only,candidate_provider_script_required,10,HUNTER×HUNTER アクリルスタンド (キルア=ゾルディック),https://www.enskyshop.com/products/list?name=HUNTER%C3%97HUNTER%20%E3%82%A2%E3%82%AF%E3%83%AA%E3%83%AB%E3%82%B9%E3%82%BF%E3%83%B3%E3%83%89%20%28%E3%82%AD%E3%83%AB%E3%82%A2%3D%E3%82%BE%E3%83%AB%E3%83%87%E3%82%A3%E3%83%83%E3%82%AF%29
1619,헌터X헌터 아크릴 스탠드 (쿠라피카),HUNTER×HUNTER アクリルスタンド (クラピカ),,아크릴 스탠드,헌터X헌터,엔스카이,,False,False,official_search,search_only,candidate_provider_script_required,10,HUNTER×HUNTER アクリルスタンド (クラピカ),https://www.enskyshop.com/products/list?name=HUNTER%C3%97HUNTER%20%E3%82%A2%E3%82%AF%E3%83%AA%E3%83%AB%E3%82%B9%E3%82%BF%E3%83%B3%E3%83%89%20%28%E3%82%AF%E3%83%A9%E3%83%94%E3%82%AB%29
1620,헌터X헌터 아크릴 스탠드 (레오리오),HUNTER×HUNTER アクリルスタンド (レオリオ),,아크릴 스탠드,헌터X헌터,엔스카이,,False,False,official_search,search_only,candidate_provider_script_required,10,HUNTER×HUNTER アクリルスタンド (レオリオ),https://www.enskyshop.com/products/list?name=HUNTER%C3%97HUNTER%20%E3%82%A2%E3%82%AF%E3%83%AA%E3%83%AB%E3%82%B9%E3%82%BF%E3%83%B3%E3%83%89%20%28%E3%83%AC%E3%82%AA%E3%83%AA%E3%82%AA%29
1621,헌터X헌터 아크릴 스탠드 (히소카),HUNTER×HUNTER アクリルスタンド (ヒソカ),,아크릴 스탠드,헌터X헌터,Movic,,False,False,official_search,search_only,candidate_provider_script_required,10,HUNTER×HUNTER アクリルスタンド (ヒソカ),https://www.movic.jp/shop/goods/search.aspx?search=x&keyword=HUNTER%C3%97HUNTER%20%E3%82%A2%E3%82%AF%E3%83%AA%E3%83%AB%E3%82%B9%E3%82%BF%E3%83%B3%E3%83%89%20%28%E3%83%92%E3%82%BD%E3%82%AB%29
1622,헌터X헌터 트레이딩 아크릴 키 홀더 (환영여단),HUNTER×HUNTER トレーディングアクリルキーホルダー (幻影旅団),,아크릴 키링,헌터X헌터,Movic,,False,False,official_search,search_only,candidate_provider_script_required,10,HUNTER×HUNTER トレーディングアクリルキーホルダー (幻影旅団),https://www.movic.jp/shop/goods/search.aspx?search=x&keyword=HUNTER%C3%97HUNTER%20%E3%83%88%E3%83%AC%E3%83%BC%E3%83%87%E3%82%A3%E3%83%B3%E3%82%B0%E3%82%A2%E3%82%AF%E3%83%AA%E3%83%AB%E3%82%AD%E3%83%BC%E3%83%9B%E3%83%AB%E3%83%80%E3%83%BC%20%28%E5%B9%BB%E5%BD%B1%E6%97%85%E5%9B%A3%29
1623,헌터X헌터 빅 아크릴 스탠드 (키루아),HUNTER×HUNTER ビッグアクリルスタンド (キルア),,아크릴 스탠드,헌터X헌터,엔스카이,,False,False,official_search,search_only,candidate_provider_script_required,10,HUNTER×HUNTER ビッグアクリルスタンド (キルア),https://www.enskyshop.com/products/list?name=HUNTER%C3%97HUNTER%20%E3%83%93%E3%83%83%E3%82%B0%E3%82%A2%E3%82%AF%E3%83%AA%E3%83%AB%E3%82%B9%E3%82%BF%E3%83%B3%E3%83%89%20%28%E3%82%AD%E3%83%AB%E3%82%A2%29
1625,주술회전 아크릴 스탠드 (고죠 사토루),呪術廻戦 アクリルスタンド (五条悟),,아크릴 스탠드,주술회전,엔스카이,,False,False,official_search,search_only,candidate_provider_script_required,10,呪術廻戦 アクリルスタンド (五条悟),https://www.enskyshop.com/products/list?name=%E5%91%AA%E8%A1%93%E5%BB%BB%E6%88%A6%20%E3%82%A2%E3%82%AF%E3%83%AA%E3%83%AB%E3%82%B9%E3%82%BF%E3%83%B3%E3%83%89%20%28%E4%BA%94%E6%9D%A1%E6%82%9F%29
1626,주술회전 아크릴 스탠드 (후시구로 메구미),呪術廻戦 アクリルスタンド (伏黒恵),,아크릴 스탠드,주술회전,엔스카이,,False,False,official_search,search_only,candidate_provider_script_required,10,呪術廻戦 アクリルスタンド (伏黒恵),https://www.enskyshop.com/products/list?name=%E5%91%AA%E8%A1%93%E5%BB%BB%E6%88%A6%20%E3%82%A2%E3%82%AF%E3%83%AA%E3%83%AB%E3%82%B9%E3%82%BF%E3%83%B3%E3%83%89%20%28%E4%BC%8F%E9%BB%92%E6%81%B5%29
1628,주술회전 아크릴 스탠드 (나나미 켄토),呪術廻戦 アクリルスタンド (七海建人),,아크릴 스탠드,주술회전,Movic,,False,False,official_search,search_only,candidate_provider_script_required,10,呪術廻戦 アクリルスタンド (七海建人),https://www.movic.jp/shop/goods/search.aspx?search=x&keyword=%E5%91%AA%E8%A1%93%E5%BB%BB%E6%88%A6%20%E3%82%A2%E3%82%AF%E3%83%AA%E3%83%AB%E3%82%B9%E3%82%BF%E3%83%B3%E3%83%89%20%28%E4%B8%83%E6%B5%B7%E5%BB%BA%E4%BA%BA%29
1629,주술회전 아크릴 스탠드 (료멘 스쿠나),呪術廻戦 アクリルスタンド (両面宿儺),,아크릴 스탠드,주술회전,Movic,,False,False,official_search,search_only,candidate_provider_script_required,10,呪術廻戦 アクリルスタンド (両面宿儺),https://www.movic.jp/shop/goods/search.aspx?search=x&keyword=%E5%91%AA%E8%A1%93%E5%BB%BB%E6%88%A6%20%E3%82%A2%E3%82%AF%E3%83%AA%E3%83%AB%E3%82%B9%E3%82%BF%E3%83%B3%E3%83%89%20%28%E4%B8%A1%E9%9D%A2%E5%AE%BF%E5%84%BA%29
1630,주술회전 빅 아크릴 스탠드 (게토 스구루),呪術廻戦 ビッグアクリルスタンド (夏油傑),,아크릴 스탠드,주술회전,엔스카이,,False,False,official_search,search_only,candidate_provider_script_required,10,呪術廻戦 ビッグアクリルスタンド (夏油傑),https://www.enskyshop.com/products/list?name=%E5%91%AA%E8%A1%93%E5%BB%BB%E6%88%A6%20%E3%83%93%E3%83%83%E3%82%B0%E3%82%A2%E3%82%AF%E3%83%AA%E3%83%AB%E3%82%B9%E3%82%BF%E3%83%B3%E3%83%89%20%28%E5%A4%8F%E6%B2%B9%E5%82%91%29
1632,주술회전 학원 시리즈 아크릴 스탠드 (이타도리),呪術廻戦 学園シリーズ アクリルスタンド (虎杖),,아크릴 스탠드,주술회전,애니메이트,,False,False,official_search,search_only,candidate_provider_script_required,10,呪術廻戦 学園シリーズ アクリルスタンド (虎杖),https://www.animate-onlineshop.jp/products/list.php?mode=search&smt=%E5%91%AA%E8%A1%93%E5%BB%BB%E6%88%A6%20%E5%AD%A6%E5%9C%92%E3%82%B7%E3%83%AA%E3%83%BC%E3%82%BA%20%E3%82%A2%E3%82%AF%E3%83%AA%E3%83%AB%E3%82%B9%E3%82%BF%E3%83%B3%E3%83%89%20%28%E8%99%8E%E6%9D%96%29
1633,주술회전 스탠드 미니 (이타도리 일상),呪術廻戦 スタンドミニ (虎杖 日常ver.),,아크릴 스탠드,주술회전,엔스카이,,False,False,official_search,search_only,candidate_provider_script_required,10,呪術廻戦 スタンドミニ (虎杖 日常ver.),https://www.enskyshop.com/products/list?name=%E5%91%AA%E8%A1%93%E5%BB%BB%E6%88%A6%20%E3%82%B9%E3%82%BF%E3%83%B3%E3%83%89%E3%83%9F%E3%83%8B%20%28%E8%99%8E%E6%9D%96%20%E6%97%A5%E5%B8%B8ver.%29
1634,메이드 인 어비스 아크릴 스탠드 (리코),メイドインアビス アクリルスタンド (リコ),,아크릴 스탠드,메이드 인 어비스,굿스마일컴퍼니,,False,False,official_search,search_only,candidate_provider_script_required,10,メイドインアビス アクリルスタンド (リコ),https://www.goodsmile.info/ja/products/search?utf8=%E2%9C%93&search%5Bquery%5D=%E3%83%A1%E3%82%A4%E3%83%89%E3%82%A4%E3%83%B3%E3%82%A2%E3%83%93%E3%82%B9%20%E3%82%A2%E3%82%AF%E3%83%AA%E3%83%AB%E3%82%B9%E3%82%BF%E3%83%B3%E3%83%89%20%28%E3%83%AA%E3%82%B3%29
1635,메이드 인 어비스 아크릴 스탠드 (레그),メイドインアビス アクリルスタンド (レグ),,아크릴 스탠드,메이드 인 어비스,굿스마일컴퍼니,,False,False,official_search,search_only,candidate_provider_script_required,10,メイドインアビス アクリルスタンド (レグ),https://www.goodsmile.info/ja/products/search?utf8=%E2%9C%93&search%5Bquery%5D=%E3%83%A1%E3%82%A4%E3%83%89%E3%82%A4%E3%83%B3%E3%82%A2%E3%83%93%E3%82%B9%20%E3%82%A2%E3%82%AF%E3%83%AA%E3%83%AB%E3%82%B9%E3%82%BF%E3%83%B3%E3%83%89%20%28%E3%83%AC%E3%82%B0%29
1636,메이드 인 어비스 아크릴 스탠드 (나나치),メイドインアビス アクリルスタンド (ナナチ),,아크릴 스탠드,메이드 인 어비스,굿스마일컴퍼니,,False,False,official_search,search_only,candidate_provider_script_required,10,メイドインアビス アクリルスタンド (ナナチ),https://www.goodsmile.info/ja/products/search?utf8=%E2%9C%93&search%5Bquery%5D=%E3%83%A1%E3%82%A4%E3%83%89%E3%82%A4%E3%83%B3%E3%82%A2%E3%83%93%E3%82%B9%20%E3%82%A2%E3%82%AF%E3%83%AA%E3%83%AB%E3%82%B9%E3%82%BF%E3%83%B3%E3%83%89%20%28%E3%83%8A%E3%83%8A%E3%83%81%29
1638,메이드 인 어비스 빅 아크릴 스탠드 (나나치),メイドインアビス ビッグアクリルスタンド (ナナチ),,아크릴 스탠드,메이드 인 어비스,굿스마일컴퍼니,,False,False,official_search,search_only,candidate_provider_script_required,10,メイドインアビス ビッグアクリルスタンド (ナナチ),https://www.goodsmile.info/ja/products/search?utf8=%E2%9C%93&search%5Bquery%5D=%E3%83%A1%E3%82%A4%E3%83%89%E3%82%A4%E3%83%B3%E3%82%A2%E3%83%93%E3%82%B9%20%E3%83%93%E3%83%83%E3%82%B0%E3%82%A2%E3%82%AF%E3%83%AA%E3%83%AB%E3%82%B9%E3%82%BF%E3%83%B3%E3%83%89%20%28%E3%83%8A%E3%83%8A%E3%83%81%29
1640,단간론파 아크릴 스탠드 (모노쿠마),ダンガンロンパ アクリルスタンド (モノクマ),,아크릴 스탠드,단간론파,Movic,,False,False,official_search,search_only,candidate_provider_script_required,10,ダンガンロンパ アクリルスタンド (モノクマ),https://www.movic.jp/shop/goods/search.aspx?search=x&keyword=%E3%83%80%E3%83%B3%E3%82%AC%E3%83%B3%E3%83%AD%E3%83%B3%E3%83%91%20%E3%82%A2%E3%82%AF%E3%83%AA%E3%83%AB%E3%82%B9%E3%82%BF%E3%83%B3%E3%83%89%20%28%E3%83%A2%E3%83%8E%E3%82%AF%E3%83%9E%29
1643,단간론파 빅 아크릴 스탠드 (모노쿠마),ダンガンロンパ ビッグアクリルスタンド (モノクマ),,아크릴 스탠드,단간론파,엔스카이,,False,False,official_search,search_only,candidate_provider_script_required,10,ダンガンロンパ ビッグアクリルスタンド (モノクマ),https://www.enskyshop.com/products/list?name=%E3%83%80%E3%83%B3%E3%82%AC%E3%83%B3%E3%83%AD%E3%83%B3%E3%83%91%20%E3%83%93%E3%83%83%E3%82%B0%E3%82%A2%E3%82%AF%E3%83%AA%E3%83%AB%E3%82%B9%E3%82%BF%E3%83%B3%E3%83%89%20%28%E3%83%A2%E3%83%8E%E3%82%AF%E3%83%9E%29
1645,장송의 프리렌 아크릴 스탠드 (페른),葬送のフリーレン アクリルスタンド (フェルン),,아크릴 스탠드,장송의 프리렌,엔스카이,,False,False,official_search,search_only,candidate_provider_script_required,10,葬送のフリーレン アクリルスタンド (フェルン),https://www.enskyshop.com/products/list?name=%E8%91%AC%E9%80%81%E3%81%AE%E3%83%95%E3%83%AA%E3%83%BC%E3%83%AC%E3%83%B3%20%E3%82%A2%E3%82%AF%E3%83%AA%E3%83%AB%E3%82%B9%E3%82%BF%E3%83%B3%E3%83%89%20%28%E3%83%95%E3%82%A7%E3%83%AB%E3%83%B3%29
1646,장송의 프리렌 아크릴 스탠드 (슈타르크),葬送のフリーレン アクリルスタンド (シュタルク),,아크릴 스탠드,장송의 프리렌,엔스카이,,False,False,official_search,search_only,candidate_provider_script_required,10,葬送のフリーレン アクリルスタンド (シュタルク),https://www.enskyshop.com/products/list?name=%E8%91%AC%E9%80%81%E3%81%AE%E3%83%95%E3%83%AA%E3%83%BC%E3%83%AC%E3%83%B3%20%E3%82%A2%E3%82%AF%E3%83%AA%E3%83%AB%E3%82%B9%E3%82%BF%E3%83%B3%E3%83%89%20%28%E3%82%B7%E3%83%A5%E3%82%BF%E3%83%AB%E3%82%AF%29
1647,장송의 프리렌 아크릴 스탠드 (히멜),葬送のフリーレン アクリルスタンド (ヒンメル),,아크릴 스탠드,장송의 프리렌,엔스카이,,False,False,official_search,search_only,candidate_provider_script_required,10,葬送のフリーレン アクリルスタンド (ヒンメル),https://www.enskyshop.com/products/list?name=%E8%91%AC%E9%80%81%E3%81%AE%E3%83%95%E3%83%AA%E3%83%BC%E3%83%AC%E3%83%B3%20%E3%82%A2%E3%82%AF%E3%83%AA%E3%83%AB%E3%82%B9%E3%82%BF%E3%83%B3%E3%83%89%20%28%E3%83%92%E3%83%B3%E3%83%A1%E3%83%AB%29
1648,장송의 프리렌 빅 아크릴 스탠드 (프리렌),葬送のフリーレン ビッグアクリルスタンド (フリーレン),,아크릴 스탠드,장송의 프리렌,엔스카이,,False,False,official_search,search_only,candidate_provider_script_required,10,葬送のフリーレン ビッグアクリルスタンド (フリーレン),https://www.enskyshop.com/products/list?name=%E8%91%AC%E9%80%81%E3%81%AE%E3%83%95%E3%83%AA%E3%83%BC%E3%83%AC%E3%83%B3%20%E3%83%93%E3%83%83%E3%82%B0%E3%82%A2%E3%82%AF%E3%83%AA%E3%83%AB%E3%82%B9%E3%82%BF%E3%83%B3%E3%83%89%20%28%E3%83%95%E3%83%AA%E3%83%BC%E3%83%AC%E3%83%B3%29
1649,장송의 프리렌 트레이딩 아크릴 키 홀더 (의상 변경),葬送のフリーレン トレーディングアクリルキーホルダー (衣装変更ver.),,아크릴 키링,장송의 프리렌,애니메이트,,False,False,official_search,search_only,candidate_provider_script_required,10,葬送のフリーレン トレーディングアクリルキーホルダー (衣装変更ver.),https://www.animate-onlineshop.jp/products/list.php?mode=search&smt=%E8%91%AC%E9%80%81%E3%81%AE%E3%83%95%E3%83%AA%E3%83%BC%E3%83%AC%E3%83%B3%20%E3%83%88%E3%83%AC%E3%83%BC%E3%83%87%E3%82%A3%E3%83%B3%E3%82%B0%E3%82%A2%E3%82%AF%E3%83%AA%E3%83%AB%E3%82%AD%E3%83%BC%E3%83%9B%E3%83%AB%E3%83%80%E3%83%BC%20%28%E8%A1%A3%E8%A3%85%E5%A4%89%E6%9B%B4ver.%29
1654,귀멸의 칼날 아크릴 스탠드 (렌고쿠 쿄쥬로),鬼滅の刃 アクリルスタンド (煉獄杏寿郎),,아크릴 스탠드,귀멸의 칼날,엔스카이,,False,False,official_search,search_only,candidate_provider_script_required,10,鬼滅の刃 アクリルスタンド (煉獄杏寿郎),https://www.enskyshop.com/products/list?name=%E9%AC%BC%E6%BB%85%E3%81%AE%E5%88%83%20%E3%82%A2%E3%82%AF%E3%83%AA%E3%83%AB%E3%82%B9%E3%82%BF%E3%83%B3%E3%83%89%20%28%E7%85%89%E7%8D%84%E6%9D%8F%E5%AF%BF%E9%83%8E%29
1655,귀멸의 칼날 아크릴 스탠드 (토미오카 기유),鬼滅の刃 アクリルスタンド (冨岡義勇),,아크릴 스탠드,귀멸의 칼날,엔스카이,,False,False,official_search,search_only,candidate_provider_script_required,10,鬼滅の刃 アクリルスタンド (冨岡義勇),https://www.enskyshop.com/products/list?name=%E9%AC%BC%E6%BB%85%E3%81%AE%E5%88%83%20%E3%82%A2%E3%82%AF%E3%83%AA%E3%83%AB%E3%82%B9%E3%82%BF%E3%83%B3%E3%83%89%20%28%E5%86%A8%E5%B2%A1%E7%BE%A9%E5%8B%87%29
1657,귀멸의 칼날 트레이딩 아크릴 키 홀더 (학원 시리즈),鬼滅の刃 トレーディングアクリルキーホルダー (学園シリーズ),,아크릴 키링,귀멸의 칼날,애니메이트,,False,False,official_search,search_only,candidate_provider_script_required,10,鬼滅の刃 トレーディングアクリルキーホルダー (学園シリーズ),https://www.animate-onlineshop.jp/products/list.php?mode=search&smt=%E9%AC%BC%E6%BB%85%E3%81%AE%E5%88%83%20%E3%83%88%E3%83%AC%E3%83%BC%E3%83%87%E3%82%A3%E3%83%B3%E3%82%B0%E3%82%A2%E3%82%AF%E3%83%AA%E3%83%AB%E3%82%AD%E3%83%BC%E3%83%9B%E3%83%AB%E3%83%80%E3%83%BC%20%28%E5%AD%A6%E5%9C%92%E3%82%B7%E3%83%AA%E3%83%BC%E3%82%BA%29
1658,귀멸의 칼날 아크릴 피규어 (네즈코 ARTFXJ),鬼滅の刃 アクリルフィギュア (禰豆子 ARTFXJ ver.),,아크릴 스탠드,귀멸의 칼날,코토부키야,,False,False,official_search,search_only,candidate_provider_script_required,10,鬼滅の刃 アクリルフィギュア (禰豆子 ARTFXJ ver.),https://shop.kotobukiya.co.jp/shop/goods/search.aspx?search=x&keyword=%E9%AC%BC%E6%BB%85%E3%81%AE%E5%88%83%20%E3%82%A2%E3%82%AF%E3%83%AA%E3%83%AB%E3%83%95%E3%82%A3%E3%82%AE%E3%83%A5%E3%82%A2%20%28%E7%A6%B0%E8%B1%86%E5%AD%90%20ARTFXJ%20ver.%29
1659,원피스 아크릴 스탠드 (몽키 D 루피),ONE PIECE アクリルスタンド (モンキー・D・ルフィ),,아크릴 스탠드,원피스,엔스카이,,False,False,official_search,search_only,candidate_provider_script_required,10,ONE PIECE アクリルスタンド (モンキー・D・ルフィ),https://www.enskyshop.com/products/list?name=ONE%20PIECE%20%E3%82%A2%E3%82%AF%E3%83%AA%E3%83%AB%E3%82%B9%E3%82%BF%E3%83%B3%E3%83%89%20%28%E3%83%A2%E3%83%B3%E3%82%AD%E3%83%BC%E3%83%BBD%E3%83%BB%E3%83%AB%E3%83%95%E3%82%A3%29
1660,원피스 아크릴 스탠드 (롤로노아 조로),ONE PIECE アクリルスタンド (ロロノア・ゾロ),,아크릴 스탠드,원피스,엔스카이,,False,False,official_search,search_only,candidate_provider_script_required,10,ONE PIECE アクリルスタンド (ロロノア・ゾロ),https://www.enskyshop.com/products/list?name=ONE%20PIECE%20%E3%82%A2%E3%82%AF%E3%83%AA%E3%83%AB%E3%82%B9%E3%82%BF%E3%83%B3%E3%83%89%20%28%E3%83%AD%E3%83%AD%E3%83%8E%E3%82%A2%E3%83%BB%E3%82%BE%E3%83%AD%29
1661,원피스 아크릴 스탠드 (나미),ONE PIECE アクリルスタンド (ナミ),,아크릴 스탠드,원피스,엔스카이,,False,False,official_search,search_only,candidate_provider_script_required,10,ONE PIECE アクリルスタンド (ナミ),https://www.enskyshop.com/products/list?name=ONE%20PIECE%20%E3%82%A2%E3%82%AF%E3%83%AA%E3%83%AB%E3%82%B9%E3%82%BF%E3%83%B3%E3%83%89%20%28%E3%83%8A%E3%83%9F%29
1662,원피스 아크릴 스탠드 (상디),ONE PIECE アクリルスタンド (サンジ),,아크릴 스탠드,원피스,엔스카이,,False,False,official_search,search_only,candidate_provider_script_required,10,ONE PIECE アクリルスタンド (サンジ),https://www.enskyshop.com/products/list?name=ONE%20PIECE%20%E3%82%A2%E3%82%AF%E3%83%AA%E3%83%AB%E3%82%B9%E3%82%BF%E3%83%B3%E3%83%89%20%28%E3%82%B5%E3%83%B3%E3%82%B8%29
1663,원피스 아크릴 스탠드 (포트가스 D 에이스),ONE PIECE アクリルスタンド (ポートガス・D・エース),,아크릴 스탠드,원피스,Movic,,False,False,official_search,search_only,candidate_provider_script_required,10,ONE PIECE アクリルスタンド (ポートガス・D・エース),https://www.movic.jp/shop/goods/search.aspx?search=x&keyword=ONE%20PIECE%20%E3%82%A2%E3%82%AF%E3%83%AA%E3%83%AB%E3%82%B9%E3%82%BF%E3%83%B3%E3%83%89%20%28%E3%83%9D%E3%83%BC%E3%83%88%E3%82%AC%E3%82%B9%E3%83%BBD%E3%83%BB%E3%82%A8%E3%83%BC%E3%82%B9%29
1664,원피스 아크릴 스탠드 (트라팔가 로),ONE PIECE アクリルスタンド (トラファルガー・ロー),,아크릴 스탠드,원피스,Movic,,False,False,official_search,search_only,candidate_provider_script_required,10,ONE PIECE アクリルスタンド (トラファルガー・ロー),https://www.movic.jp/shop/goods/search.aspx?search=x&keyword=ONE%20PIECE%20%E3%82%A2%E3%82%AF%E3%83%AA%E3%83%AB%E3%82%B9%E3%82%BF%E3%83%B3%E3%83%89%20%28%E3%83%88%E3%83%A9%E3%83%95%E3%82%A1%E3%83%AB%E3%82%AC%E3%83%BC%E3%83%BB%E3%83%AD%E3%83%BC%29
1665,원피스 빅 아크릴 스탠드 (루피 기어5),ONE PIECE ビッグアクリルスタンド (ルフィ ギア5),,아크릴 스탠드,원피스,엔스카이,,False,False,official_search,search_only,candidate_provider_script_required,10,ONE PIECE ビッグアクリルスタンド (ルフィ ギア5),https://www.enskyshop.com/products/list?name=ONE%20PIECE%20%E3%83%93%E3%83%83%E3%82%B0%E3%82%A2%E3%82%AF%E3%83%AA%E3%83%AB%E3%82%B9%E3%82%BF%E3%83%B3%E3%83%89%20%28%E3%83%AB%E3%83%95%E3%82%A3%20%E3%82%AE%E3%82%A25%29
1667,체인소맨 아크릴 스탠드 (마키마),チェンソーマン アクリルスタンド (マキマ),,아크릴 스탠드,체인소맨,엔스카이,,False,False,official_search,search_only,candidate_provider_script_required,10,チェンソーマン アクリルスタンド (マキマ),https://www.enskyshop.com/products/list?name=%E3%83%81%E3%82%A7%E3%83%B3%E3%82%BD%E3%83%BC%E3%83%9E%E3%83%B3%20%E3%82%A2%E3%82%AF%E3%83%AA%E3%83%AB%E3%82%B9%E3%82%BF%E3%83%B3%E3%83%89%20%28%E3%83%9E%E3%82%AD%E3%83%9E%29
1668,체인소맨 아크릴 스탠드 (파워),チェンソーマン アクリルスタンド (パワー),,아크릴 스탠드,체인소맨,엔스카이,,False,False,official_search,search_only,candidate_provider_script_required,10,チェンソーマン アクリルスタンド (パワー),https://www.enskyshop.com/products/list?name=%E3%83%81%E3%82%A7%E3%83%B3%E3%82%BD%E3%83%BC%E3%83%9E%E3%83%B3%20%E3%82%A2%E3%82%AF%E3%83%AA%E3%83%AB%E3%82%B9%E3%82%BF%E3%83%B3%E3%83%89%20%28%E3%83%91%E3%83%AF%E3%83%BC%29
1669,체인소맨 아크릴 스탠드 (아키),チェンソーマン アクリルスタンド (早川アキ),,아크릴 스탠드,체인소맨,엔스카이,,False,False,official_search,search_only,candidate_provider_script_required,10,チェンソーマン アクリルスタンド (早川アキ),https://www.enskyshop.com/products/list?name=%E3%83%81%E3%82%A7%E3%83%B3%E3%82%BD%E3%83%BC%E3%83%9E%E3%83%B3%20%E3%82%A2%E3%82%AF%E3%83%AA%E3%83%AB%E3%82%B9%E3%82%BF%E3%83%B3%E3%83%89%20%28%E6%97%A9%E5%B7%9D%E3%82%A2%E3%82%AD%29
1670,체인소맨 아크릴 피규어 (덴지 폼),チェンソーマン アクリルフィギュア (チェンソーマン形態),,아크릴 스탠드,체인소맨,코토부키야,,False,False,official_search,search_only,candidate_provider_script_required,10,チェンソーマン アクリルフィギュア (チェンソーマン形態),https://shop.kotobukiya.co.jp/shop/goods/search.aspx?search=x&keyword=%E3%83%81%E3%82%A7%E3%83%B3%E3%82%BD%E3%83%BC%E3%83%9E%E3%83%B3%20%E3%82%A2%E3%82%AF%E3%83%AA%E3%83%AB%E3%83%95%E3%82%A3%E3%82%AE%E3%83%A5%E3%82%A2%20%28%E3%83%81%E3%82%A7%E3%83%B3%E3%82%BD%E3%83%BC%E3%83%9E%E3%83%B3%E5%BD%A2%E6%85%8B%29
1672,체인소맨 빅 아크릴 스탠드 (파워),チェンソーマン ビッグアクリルスタンド (パワー),,아크릴 스탠드,체인소맨,엔스카이,,False,False,official_search,search_only,candidate_provider_script_required,10,チェンソーマン ビッグアクリルスタンド (パワー),https://www.enskyshop.com/products/list?name=%E3%83%81%E3%82%A7%E3%83%B3%E3%82%BD%E3%83%BC%E3%83%9E%E3%83%B3%20%E3%83%93%E3%83%83%E3%82%B0%E3%82%A2%E3%82%AF%E3%83%AA%E3%83%AB%E3%82%B9%E3%82%BF%E3%83%B3%E3%83%89%20%28%E3%83%91%E3%83%AF%E3%83%BC%29
1673,헌터X헌터 트레이딩 캔뱃지 곤 프릭스,HUNTER×HUNTER トレーディング缶バッジ ゴン＝フリークス,,캔뱃지,헌터X헌터,엔스카이,,False,False,official_search,search_only,candidate_provider_script_required,10,HUNTER×HUNTER トレーディング缶バッジ ゴン＝フリークス,https://www.enskyshop.com/products/list?name=HUNTER%C3%97HUNTER%20%E3%83%88%E3%83%AC%E3%83%BC%E3%83%87%E3%82%A3%E3%83%B3%E3%82%B0%E7%BC%B6%E3%83%90%E3%83%83%E3%82%B8%20%E3%82%B4%E3%83%B3%EF%BC%9D%E3%83%95%E3%83%AA%E3%83%BC%E3%82%AF%E3%82%B9
1674,헌터X헌터 트레이딩 캔뱃지 키루아 조르딕,HUNTER×HUNTER トレーディング缶バッジ キルア＝ゾルディック,,캔뱃지,헌터X헌터,엔스카이,,False,False,official_search,search_only,candidate_provider_script_required,10,HUNTER×HUNTER トレーディング缶バッジ キルア＝ゾルディック,https://www.enskyshop.com/products/list?name=HUNTER%C3%97HUNTER%20%E3%83%88%E3%83%AC%E3%83%BC%E3%83%87%E3%82%A3%E3%83%B3%E3%82%B0%E7%BC%B6%E3%83%90%E3%83%83%E3%82%B8%20%E3%82%AD%E3%83%AB%E3%82%A2%EF%BC%9D%E3%82%BE%E3%83%AB%E3%83%87%E3%82%A3%E3%83%83%E3%82%AF
1675,헌터X헌터 메탈릭 캔뱃지 쿠라피카,HUNTER×HUNTER メタリック缶バッジ クラピカ,,캔뱃지,헌터X헌터,Movic,,False,False,official_search,search_only,candidate_provider_script_required,10,HUNTER×HUNTER メタリック缶バッジ クラピカ,https://www.movic.jp/shop/goods/search.aspx?search=x&keyword=HUNTER%C3%97HUNTER%20%E3%83%A1%E3%82%BF%E3%83%AA%E3%83%83%E3%82%AF%E7%BC%B6%E3%83%90%E3%83%83%E3%82%B8%20%E3%82%AF%E3%83%A9%E3%83%94%E3%82%AB
1676,헌터X헌터 빅 캔뱃지 히소카,HUNTER×HUNTER BIG缶バッジ ヒソカ,,캔뱃지,헌터X헌터,Movic,,False,False,official_search,search_only,candidate_provider_script_required,10,HUNTER×HUNTER BIG缶バッジ ヒソカ,https://www.movic.jp/shop/goods/search.aspx?search=x&keyword=HUNTER%C3%97HUNTER%20BIG%E7%BC%B6%E3%83%90%E3%83%83%E3%82%B8%20%E3%83%92%E3%82%BD%E3%82%AB
1677,헌터X헌터 클리어 파일 A4 곤&키루아,HUNTER×HUNTER クリアファイルA4 ゴン＆キルア,,문구,헌터X헌터,엔스카이,,False,False,official_search,search_only,candidate_provider_script_required,10,HUNTER×HUNTER クリアファイルA4 ゴン＆キルア,https://www.enskyshop.com/products/list?name=HUNTER%C3%97HUNTER%20%E3%82%AF%E3%83%AA%E3%82%A2%E3%83%95%E3%82%A1%E3%82%A4%E3%83%ABA4%20%E3%82%B4%E3%83%B3%EF%BC%86%E3%82%AD%E3%83%AB%E3%82%A2
1678,헌터X헌터 클리어 파일 세트 메인 4종,HUNTER×HUNTER クリアファイルセット メイン4種,,문구,헌터X헌터,애니메이트,,False,False,official_search,search_only,candidate_provider_script_required,10,HUNTER×HUNTER クリアファイルセット メイン4種,https://www.animate-onlineshop.jp/products/list.php?mode=search&smt=HUNTER%C3%97HUNTER%20%E3%82%AF%E3%83%AA%E3%82%A2%E3%83%95%E3%82%A1%E3%82%A4%E3%83%AB%E3%82%BB%E3%83%83%E3%83%88%20%E3%83%A1%E3%82%A4%E3%83%B34%E7%A8%AE
1679,헌터X헌터 일러스트 카드 컬렉션 쿠라피카,HUNTER×HUNTER イラストカードコレクション クラピカ,,문구,헌터X헌터,엔스카이,,False,False,official_search,search_only,candidate_provider_script_required,10,HUNTER×HUNTER イラストカードコレクション クラピカ,https://www.enskyshop.com/products/list?name=HUNTER%C3%97HUNTER%20%E3%82%A4%E3%83%A9%E3%82%B9%E3%83%88%E3%82%AB%E3%83%BC%E3%83%89%E3%82%B3%E3%83%AC%E3%82%AF%E3%82%B7%E3%83%A7%E3%83%B3%20%E3%82%AF%E3%83%A9%E3%83%94%E3%82%AB
1681,주술회전 트레이딩 캔뱃지 이타도리 유지,呪術廻戦 トレーディング缶バッジ 虎杖悠仁,,캔뱃지,주술회전,엔스카이,,False,False,official_search,search_only,candidate_provider_script_required,10,呪術廻戦 トレーディング缶バッジ 虎杖悠仁,https://www.enskyshop.com/products/list?name=%E5%91%AA%E8%A1%93%E5%BB%BB%E6%88%A6%20%E3%83%88%E3%83%AC%E3%83%BC%E3%83%87%E3%82%A3%E3%83%B3%E3%82%B0%E7%BC%B6%E3%83%90%E3%83%83%E3%82%B8%20%E8%99%8E%E6%9D%96%E6%82%A0%E4%BB%81
1682,주술회전 트레이딩 캔뱃지 후시구로 메구미,呪術廻戦 トレーディング缶バッジ 伏黒恵,,캔뱃지,주술회전,엔스카이,,False,False,official_search,search_only,candidate_provider_script_required,10,呪術廻戦 トレーディング缶バッジ 伏黒恵,https://www.enskyshop.com/products/list?name=%E5%91%AA%E8%A1%93%E5%BB%BB%E6%88%A6%20%E3%83%88%E3%83%AC%E3%83%BC%E3%83%87%E3%82%A3%E3%83%B3%E3%82%B0%E7%BC%B6%E3%83%90%E3%83%83%E3%82%B8%20%E4%BC%8F%E9%BB%92%E6%81%B5
1683,주술회전 메탈릭 캔뱃지 고죠 사토루,呪術廻戦 メタリック缶バッジ 五条悟,,캔뱃지,주술회전,Movic,,False,False,official_search,search_only,candidate_provider_script_required,10,呪術廻戦 メタリック缶バッジ 五条悟,https://www.movic.jp/shop/goods/search.aspx?search=x&keyword=%E5%91%AA%E8%A1%93%E5%BB%BB%E6%88%A6%20%E3%83%A1%E3%82%BF%E3%83%AA%E3%83%83%E3%82%AF%E7%BC%B6%E3%83%90%E3%83%83%E3%82%B8%20%E4%BA%94%E6%9D%A1%E6%82%9F
1684,주술회전 빅 캔뱃지 료멘 스쿠나,呪術廻戦 BIG缶バッジ 両面宿儺,,캔뱃지,주술회전,Movic,,False,False,official_search,search_only,candidate_provider_script_required,10,呪術廻戦 BIG缶バッジ 両面宿儺,https://www.movic.jp/shop/goods/search.aspx?search=x&keyword=%E5%91%AA%E8%A1%93%E5%BB%BB%E6%88%A6%20BIG%E7%BC%B6%E3%83%90%E3%83%83%E3%82%B8%20%E4%B8%A1%E9%9D%A2%E5%AE%BF%E5%84%BA
1685,주술회전 의상 변경 캔뱃지 쿠기사키 노바라,呪術廻戦 衣装替え缶バッジ 釘崎野薔薇,,캔뱃지,주술회전,애니메이트,,False,False,official_search,search_only,candidate_provider_script_required,10,呪術廻戦 衣装替え缶バッジ 釘崎野薔薇,https://www.animate-onlineshop.jp/products/list.php?mode=search&smt=%E5%91%AA%E8%A1%93%E5%BB%BB%E6%88%A6%20%E8%A1%A3%E8%A3%85%E6%9B%BF%E3%81%88%E7%BC%B6%E3%83%90%E3%83%83%E3%82%B8%20%E9%87%98%E5%B4%8E%E9%87%8E%E8%96%94%E8%96%87
1686,주술회전 일상 시리즈 캔뱃지 이타도리,呪術廻戦 日常シリーズ缶バッジ 虎杖,,캔뱃지,주술회전,코토부키야,,False,False,official_search,search_only,candidate_provider_script_required,10,呪術廻戦 日常シリーズ缶バッジ 虎杖,https://shop.kotobukiya.co.jp/shop/goods/search.aspx?search=x&keyword=%E5%91%AA%E8%A1%93%E5%BB%BB%E6%88%A6%20%E6%97%A5%E5%B8%B8%E3%82%B7%E3%83%AA%E3%83%BC%E3%82%BA%E7%BC%B6%E3%83%90%E3%83%83%E3%82%B8%20%E8%99%8E%E6%9D%96
1687,주술회전 클리어 파일 A4 고죠 사토루,呪術廻戦 クリアファイルA4 五条悟,,문구,주술회전,엔스카이,,False,False,official_search,search_only,candidate_provider_script_required,10,呪術廻戦 クリアファイルA4 五条悟,https://www.enskyshop.com/products/list?name=%E5%91%AA%E8%A1%93%E5%BB%BB%E6%88%A6%20%E3%82%AF%E3%83%AA%E3%82%A2%E3%83%95%E3%82%A1%E3%82%A4%E3%83%ABA4%20%E4%BA%94%E6%9D%A1%E6%82%9F
1688,주술회전 클리어 파일 세트 도쿄교 1학년,呪術廻戦 クリアファイルセット 東京校1年,,문구,주술회전,애니메이트,,False,False,official_search,search_only,candidate_provider_script_required,10,呪術廻戦 クリアファイルセット 東京校1年,https://www.animate-onlineshop.jp/products/list.php?mode=search&smt=%E5%91%AA%E8%A1%93%E5%BB%BB%E6%88%A6%20%E3%82%AF%E3%83%AA%E3%82%A2%E3%83%95%E3%82%A1%E3%82%A4%E3%83%AB%E3%82%BB%E3%83%83%E3%83%88%20%E6%9D%B1%E4%BA%AC%E6%A0%A11%E5%B9%B4
1689,주술회전 일러스트 카드 컬렉션 고죠,呪術廻戦 イラストカードコレクション 五条,,문구,주술회전,엔스카이,,False,False,official_search,search_only,candidate_provider_script_required,10,呪術廻戦 イラストカードコレクション 五条,https://www.enskyshop.com/products/list?name=%E5%91%AA%E8%A1%93%E5%BB%BB%E6%88%A6%20%E3%82%A4%E3%83%A9%E3%82%B9%E3%83%88%E3%82%AB%E3%83%BC%E3%83%89%E3%82%B3%E3%83%AC%E3%82%AF%E3%82%B7%E3%83%A7%E3%83%B3%20%E4%BA%94%E6%9D%A1
1691,메이드 인 어비스 트레이딩 캔뱃지 리코,メイドインアビス トレーディング缶バッジ リコ,,캔뱃지,메이드 인 어비스,코토부키야,,False,False,official_search,search_only,candidate_provider_script_required,10,メイドインアビス トレーディング缶バッジ リコ,https://shop.kotobukiya.co.jp/shop/goods/search.aspx?search=x&keyword=%E3%83%A1%E3%82%A4%E3%83%89%E3%82%A4%E3%83%B3%E3%82%A2%E3%83%93%E3%82%B9%20%E3%83%88%E3%83%AC%E3%83%BC%E3%83%87%E3%82%A3%E3%83%B3%E3%82%B0%E7%BC%B6%E3%83%90%E3%83%83%E3%82%B8%20%E3%83%AA%E3%82%B3
1692,메이드 인 어비스 트레이딩 캔뱃지 레그,メイドインアビス トレーディング缶バッジ レグ,,캔뱃지,메이드 인 어비스,코토부키야,,False,False,official_search,search_only,candidate_provider_script_required,10,メイドインアビス トレーディング缶バッジ レグ,https://shop.kotobukiya.co.jp/shop/goods/search.aspx?search=x&keyword=%E3%83%A1%E3%82%A4%E3%83%89%E3%82%A4%E3%83%B3%E3%82%A2%E3%83%93%E3%82%B9%20%E3%83%88%E3%83%AC%E3%83%BC%E3%83%87%E3%82%A3%E3%83%B3%E3%82%B0%E7%BC%B6%E3%83%90%E3%83%83%E3%82%B8%20%E3%83%AC%E3%82%B0
1693,메이드 인 어비스 메탈릭 캔뱃지 나나치,メイドインアビス メタリック缶バッジ ナナチ,,캔뱃지,메이드 인 어비스,Movic,,False,False,official_search,search_only,candidate_provider_script_required,10,メイドインアビス メタリック缶バッジ ナナチ,https://www.movic.jp/shop/goods/search.aspx?search=x&keyword=%E3%83%A1%E3%82%A4%E3%83%89%E3%82%A4%E3%83%B3%E3%82%A2%E3%83%93%E3%82%B9%20%E3%83%A1%E3%82%BF%E3%83%AA%E3%83%83%E3%82%AF%E7%BC%B6%E3%83%90%E3%83%83%E3%82%B8%20%E3%83%8A%E3%83%8A%E3%83%81
1694,메이드 인 어비스 빅 캔뱃지 보가만,メイドインアビス BIG缶バッジ ボンドルド,,캔뱃지,메이드 인 어비스,Movic,,False,False,official_search,search_only,candidate_provider_script_required,10,メイドインアビス BIG缶バッジ ボンドルド,https://www.movic.jp/shop/goods/search.aspx?search=x&keyword=%E3%83%A1%E3%82%A4%E3%83%89%E3%82%A4%E3%83%B3%E3%82%A2%E3%83%93%E3%82%B9%20BIG%E7%BC%B6%E3%83%90%E3%83%83%E3%82%B8%20%E3%83%9C%E3%83%B3%E3%83%89%E3%83%AB%E3%83%89
1695,메이드 인 어비스 클리어 파일 A4 리코&레그,メイドインアビス クリアファイルA4 リコ＆レグ,,문구,메이드 인 어비스,애니메이트,,False,False,official_search,search_only,candidate_provider_script_required,10,メイドインアビス クリアファイルA4 リコ＆レグ,https://www.animate-onlineshop.jp/products/list.php?mode=search&smt=%E3%83%A1%E3%82%A4%E3%83%89%E3%82%A4%E3%83%B3%E3%82%A2%E3%83%93%E3%82%B9%20%E3%82%AF%E3%83%AA%E3%82%A2%E3%83%95%E3%82%A1%E3%82%A4%E3%83%ABA4%20%E3%83%AA%E3%82%B3%EF%BC%86%E3%83%AC%E3%82%B0
1697,메이드 인 어비스 일상 시리즈 캔뱃지 나나치,メイドインアビス 日常シリーズ缶バッジ ナナチ,,캔뱃지,메이드 인 어비스,코토부키야,,False,False,official_search,search_only,candidate_provider_script_required,10,メイドインアビス 日常シリーズ缶バッジ ナナチ,https://shop.kotobukiya.co.jp/shop/goods/search.aspx?search=x&keyword=%E3%83%A1%E3%82%A4%E3%83%89%E3%82%A4%E3%83%B3%E3%82%A2%E3%83%93%E3%82%B9%20%E6%97%A5%E5%B8%B8%E3%82%B7%E3%83%AA%E3%83%BC%E3%82%BA%E7%BC%B6%E3%83%90%E3%83%83%E3%82%B8%20%E3%83%8A%E3%83%8A%E3%83%81
1698,단간론파 트레이딩 캔뱃지 나에기 마코토,ダンガンロンパ トレーディング缶バッジ 苗木誠,,캔뱃지,단간론파,Movic,,False,False,official_search,search_only,candidate_provider_script_required,10,ダンガンロンパ トレーディング缶バッジ 苗木誠,https://www.movic.jp/shop/goods/search.aspx?search=x&keyword=%E3%83%80%E3%83%B3%E3%82%AC%E3%83%B3%E3%83%AD%E3%83%B3%E3%83%91%20%E3%83%88%E3%83%AC%E3%83%BC%E3%83%87%E3%82%A3%E3%83%B3%E3%82%B0%E7%BC%B6%E3%83%90%E3%83%83%E3%82%B8%20%E8%8B%97%E6%9C%A8%E8%AA%A0
1699,단간론파 트레이딩 캔뱃지 키리기리 쿄코,ダンガンロンパ トレーディング缶バッジ 霧切響子,,캔뱃지,단간론파,Movic,,False,False,official_search,search_only,candidate_provider_script_required,10,ダンガンロンパ トレーディング缶バッジ 霧切響子,https://www.movic.jp/shop/goods/search.aspx?search=x&keyword=%E3%83%80%E3%83%B3%E3%82%AC%E3%83%B3%E3%83%AD%E3%83%B3%E3%83%91%20%E3%83%88%E3%83%AC%E3%83%BC%E3%83%87%E3%82%A3%E3%83%B3%E3%82%B0%E7%BC%B6%E3%83%90%E3%83%83%E3%82%B8%20%E9%9C%A7%E5%88%87%E9%9F%BF%E5%AD%90
1700,단간론파 메탈릭 캔뱃지 모노쿠마,ダンガンロンパ メタリック缶バッジ モノクマ,,캔뱃지,단간론파,Movic,,False,False,official_search,search_only,candidate_provider_script_required,10,ダンガンロンパ メタリック缶バッジ モノクマ,https://www.movic.jp/shop/goods/search.aspx?search=x&keyword=%E3%83%80%E3%83%B3%E3%82%AC%E3%83%B3%E3%83%AD%E3%83%B3%E3%83%91%20%E3%83%A1%E3%82%BF%E3%83%AA%E3%83%83%E3%82%AF%E7%BC%B6%E3%83%90%E3%83%83%E3%82%B8%20%E3%83%A2%E3%83%8E%E3%82%AF%E3%83%9E
1702,단간론파 클리어 파일 A4 모노쿠마,ダンガンロンパ クリアファイルA4 モノクマ,,문구,단간론파,Movic,,False,False,official_search,search_only,candidate_provider_script_required,10,ダンガンロンパ クリアファイルA4 モノクマ,https://www.movic.jp/shop/goods/search.aspx?search=x&keyword=%E3%83%80%E3%83%B3%E3%82%AC%E3%83%B3%E3%83%AD%E3%83%B3%E3%83%91%20%E3%82%AF%E3%83%AA%E3%82%A2%E3%83%95%E3%82%A1%E3%82%A4%E3%83%ABA4%20%E3%83%A2%E3%83%8E%E3%82%AF%E3%83%9E
1703,단간론파 클리어 파일 세트 희망봉 학원,ダンガンロンパ クリアファイルセット 希望ヶ峰学園,,문구,단간론파,애니메이트,,False,False,official_search,search_only,candidate_provider_script_required,10,ダンガンロンパ クリアファイルセット 希望ヶ峰学園,https://www.animate-onlineshop.jp/products/list.php?mode=search&smt=%E3%83%80%E3%83%B3%E3%82%AC%E3%83%B3%E3%83%AD%E3%83%B3%E3%83%91%20%E3%82%AF%E3%83%AA%E3%82%A2%E3%83%95%E3%82%A1%E3%82%A4%E3%83%AB%E3%82%BB%E3%83%83%E3%83%88%20%E5%B8%8C%E6%9C%9B%E3%83%B6%E5%B3%B0%E5%AD%A6%E5%9C%92
1708,장송의 프리렌 메탈릭 캔뱃지 히멜,葬送のフリーレン メタリック缶バッジ ヒンメル,,캔뱃지,장송의 프리렌,Movic,,False,False,official_search,search_only,candidate_provider_script_required,10,葬送のフリーレン メタリック缶バッジ ヒンメル,https://www.movic.jp/shop/goods/search.aspx?search=x&keyword=%E8%91%AC%E9%80%81%E3%81%AE%E3%83%95%E3%83%AA%E3%83%BC%E3%83%AC%E3%83%B3%20%E3%83%A1%E3%82%BF%E3%83%AA%E3%83%83%E3%82%AF%E7%BC%B6%E3%83%90%E3%83%83%E3%82%B8%20%E3%83%92%E3%83%B3%E3%83%A1%E3%83%AB
1709,장송의 프리렌 빅 캔뱃지 프리렌,葬送のフリーレン BIG缶バッジ フリーレン,,캔뱃지,장송의 프리렌,Movic,,False,False,official_search,search_only,candidate_provider_script_required,10,葬送のフリーレン BIG缶バッジ フリーレン,https://www.movic.jp/shop/goods/search.aspx?search=x&keyword=%E8%91%AC%E9%80%81%E3%81%AE%E3%83%95%E3%83%AA%E3%83%BC%E3%83%AC%E3%83%B3%20BIG%E7%BC%B6%E3%83%90%E3%83%83%E3%82%B8%20%E3%83%95%E3%83%AA%E3%83%BC%E3%83%AC%E3%83%B3
1710,장송의 프리렌 클리어 파일 A4 프리렌,葬送のフリーレン クリアファイルA4 フリーレン,,문구,장송의 프리렌,엔스카이,,False,False,official_search,search_only,candidate_provider_script_required,10,葬送のフリーレン クリアファイルA4 フリーレン,https://www.enskyshop.com/products/list?name=%E8%91%AC%E9%80%81%E3%81%AE%E3%83%95%E3%83%AA%E3%83%BC%E3%83%AC%E3%83%B3%20%E3%82%AF%E3%83%AA%E3%82%A2%E3%83%95%E3%82%A1%E3%82%A4%E3%83%ABA4%20%E3%83%95%E3%83%AA%E3%83%BC%E3%83%AC%E3%83%B3
1711,장송의 프리렌 클리어 파일 세트 용사 일행,葬送のフリーレン クリアファイルセット 勇者一行,,문구,장송의 프리렌,애니메이트,,False,False,official_search,search_only,candidate_provider_script_required,10,葬送のフリーレン クリアファイルセット 勇者一行,https://www.animate-onlineshop.jp/products/list.php?mode=search&smt=%E8%91%AC%E9%80%81%E3%81%AE%E3%83%95%E3%83%AA%E3%83%BC%E3%83%AC%E3%83%B3%20%E3%82%AF%E3%83%AA%E3%82%A2%E3%83%95%E3%82%A1%E3%82%A4%E3%83%AB%E3%82%BB%E3%83%83%E3%83%88%20%E5%8B%87%E8%80%85%E4%B8%80%E8%A1%8C
1713,장송의 프리렌 일상 시리즈 캔뱃지 프리렌,葬送のフリーレン 日常シリーズ缶バッジ フリーレン,,캔뱃지,장송의 프리렌,코토부키야,,False,False,official_search,search_only,candidate_provider_script_required,10,葬送のフリーレン 日常シリーズ缶バッジ フリーレン,https://shop.kotobukiya.co.jp/shop/goods/search.aspx?search=x&keyword=%E8%91%AC%E9%80%81%E3%81%AE%E3%83%95%E3%83%AA%E3%83%BC%E3%83%AC%E3%83%B3%20%E6%97%A5%E5%B8%B8%E3%82%B7%E3%83%AA%E3%83%BC%E3%82%BA%E7%BC%B6%E3%83%90%E3%83%83%E3%82%B8%20%E3%83%95%E3%83%AA%E3%83%BC%E3%83%AC%E3%83%B3
1714,나의 히어로 아카데미아 트레이딩 캔뱃지 미도리야 이즈쿠,僕のヒーローアカデミア トレーディング缶バッジ 緑谷出久,,캔뱃지,나의 히어로 아카데미아,엔스카이,,False,False,official_search,search_only,candidate_provider_script_required,10,僕のヒーローアカデミア トレーディング缶バッジ 緑谷出久,https://www.enskyshop.com/products/list?name=%E5%83%95%E3%81%AE%E3%83%92%E3%83%BC%E3%83%AD%E3%83%BC%E3%82%A2%E3%82%AB%E3%83%87%E3%83%9F%E3%82%A2%20%E3%83%88%E3%83%AC%E3%83%BC%E3%83%87%E3%82%A3%E3%83%B3%E3%82%B0%E7%BC%B6%E3%83%90%E3%83%83%E3%82%B8%20%E7%B7%91%E8%B0%B7%E5%87%BA%E4%B9%85
1715,나의 히어로 아카데미아 트레이딩 캔뱃지 바쿠고 카츠키,僕のヒーローアカデミア トレーディング缶バッジ 爆豪勝己,,캔뱃지,나의 히어로 아카데미아,엔스카이,,False,False,official_search,search_only,candidate_provider_script_required,10,僕のヒーローアカデミア トレーディング缶バッジ 爆豪勝己,https://www.enskyshop.com/products/list?name=%E5%83%95%E3%81%AE%E3%83%92%E3%83%BC%E3%83%AD%E3%83%BC%E3%82%A2%E3%82%AB%E3%83%87%E3%83%9F%E3%82%A2%20%E3%83%88%E3%83%AC%E3%83%BC%E3%83%87%E3%82%A3%E3%83%B3%E3%82%B0%E7%BC%B6%E3%83%90%E3%83%83%E3%82%B8%20%E7%88%86%E8%B1%AA%E5%8B%9D%E5%B7%B1
1716,나의 히어로 아카데미아 트레이딩 캔뱃지 토도로키 쇼토,僕のヒーローアカデミア トレーディング缶バッジ 轟焦凍,,캔뱃지,나의 히어로 아카데미아,엔스카이,,False,False,official_search,search_only,candidate_provider_script_required,10,僕のヒーローアカデミア トレーディング缶バッジ 轟焦凍,https://www.enskyshop.com/products/list?name=%E5%83%95%E3%81%AE%E3%83%92%E3%83%BC%E3%83%AD%E3%83%BC%E3%82%A2%E3%82%AB%E3%83%87%E3%83%9F%E3%82%A2%20%E3%83%88%E3%83%AC%E3%83%BC%E3%83%87%E3%82%A3%E3%83%B3%E3%82%B0%E7%BC%B6%E3%83%90%E3%83%83%E3%82%B8%20%E8%BD%9F%E7%84%A6%E5%87%8D
1717,나의 히어로 아카데미아 메탈릭 캔뱃지 올마이트,僕のヒーローアカデミア メタリック缶バッジ オールマイト,,캔뱃지,나의 히어로 아카데미아,Movic,,False,False,official_search,search_only,candidate_provider_script_required,10,僕のヒーローアカデミア メタリック缶バッジ オールマイト,https://www.movic.jp/shop/goods/search.aspx?search=x&keyword=%E5%83%95%E3%81%AE%E3%83%92%E3%83%BC%E3%83%AD%E3%83%BC%E3%82%A2%E3%82%AB%E3%83%87%E3%83%9F%E3%82%A2%20%E3%83%A1%E3%82%BF%E3%83%AA%E3%83%83%E3%82%AF%E7%BC%B6%E3%83%90%E3%83%83%E3%82%B8%20%E3%82%AA%E3%83%BC%E3%83%AB%E3%83%9E%E3%82%A4%E3%83%88
1718,나의 히어로 아카데미아 빅 캔뱃지 데쿠,僕のヒーローアカデミア BIG缶バッジ デク,,캔뱃지,나의 히어로 아카데미아,Movic,,False,False,official_search,search_only,candidate_provider_script_required,10,僕のヒーローアカデミア BIG缶バッジ デク,https://www.movic.jp/shop/goods/search.aspx?search=x&keyword=%E5%83%95%E3%81%AE%E3%83%92%E3%83%BC%E3%83%AD%E3%83%BC%E3%82%A2%E3%82%AB%E3%83%87%E3%83%9F%E3%82%A2%20BIG%E7%BC%B6%E3%83%90%E3%83%83%E3%82%B8%20%E3%83%87%E3%82%AF
1719,나의 히어로 아카데미아 의상 변경 캔뱃지 토도로키,僕のヒーローアカデミア 衣装替え缶バッジ 轟,,캔뱃지,나의 히어로 아카데미아,애니메이트,,False,False,official_search,search_only,candidate_provider_script_required,10,僕のヒーローアカデミア 衣装替え缶バッジ 轟,https://www.animate-onlineshop.jp/products/list.php?mode=search&smt=%E5%83%95%E3%81%AE%E3%83%92%E3%83%BC%E3%83%AD%E3%83%BC%E3%82%A2%E3%82%AB%E3%83%87%E3%83%9F%E3%82%A2%20%E8%A1%A3%E8%A3%85%E6%9B%BF%E3%81%88%E7%BC%B6%E3%83%90%E3%83%83%E3%82%B8%20%E8%BD%9F
1720,나의 히어로 아카데미아 클리어 파일 A4 1-A반,僕のヒーローアカデミア クリアファイルA4 1-A組,,문구,나의 히어로 아카데미아,엔스카이,,False,False,official_search,search_only,candidate_provider_script_required,10,僕のヒーローアカデミア クリアファイルA4 1-A組,https://www.enskyshop.com/products/list?name=%E5%83%95%E3%81%AE%E3%83%92%E3%83%BC%E3%83%AD%E3%83%BC%E3%82%A2%E3%82%AB%E3%83%87%E3%83%9F%E3%82%A2%20%E3%82%AF%E3%83%AA%E3%82%A2%E3%83%95%E3%82%A1%E3%82%A4%E3%83%ABA4%201-A%E7%B5%84
1721,나의 히어로 아카데미아 클리어 파일 세트 메인 4종,僕のヒーローアカデミア クリアファイルセット メイン4種,,문구,나의 히어로 아카데미아,애니메이트,,False,False,official_search,search_only,candidate_provider_script_required,10,僕のヒーローアカデミア クリアファイルセット メイン4種,https://www.animate-onlineshop.jp/products/list.php?mode=search&smt=%E5%83%95%E3%81%AE%E3%83%92%E3%83%BC%E3%83%AD%E3%83%BC%E3%82%A2%E3%82%AB%E3%83%87%E3%83%9F%E3%82%A2%20%E3%82%AF%E3%83%AA%E3%82%A2%E3%83%95%E3%82%A1%E3%82%A4%E3%83%AB%E3%82%BB%E3%83%83%E3%83%88%20%E3%83%A1%E3%82%A4%E3%83%B34%E7%A8%AE
1722,나의 히어로 아카데미아 일러스트 카드 컬렉션 데쿠,僕のヒーローアカデミア イラストカードコレクション デク,,문구,나의 히어로 아카데미아,엔스카이,,False,False,official_search,search_only,candidate_provider_script_required,10,僕のヒーローアカデミア イラストカードコレクション デク,https://www.enskyshop.com/products/list?name=%E5%83%95%E3%81%AE%E3%83%92%E3%83%BC%E3%83%AD%E3%83%BC%E3%82%A2%E3%82%AB%E3%83%87%E3%83%9F%E3%82%A2%20%E3%82%A4%E3%83%A9%E3%82%B9%E3%83%88%E3%82%AB%E3%83%BC%E3%83%89%E3%82%B3%E3%83%AC%E3%82%AF%E3%82%B7%E3%83%A7%E3%83%B3%20%E3%83%87%E3%82%AF
1724,귀멸의 칼날 트레이딩 캔뱃지 카마도 탄지로,鬼滅の刃 トレーディング缶バッジ 竈門炭治郎,,캔뱃지,귀멸의 칼날,엔스카이,,False,False,official_search,search_only,candidate_provider_script_required,10,鬼滅の刃 トレーディング缶バッジ 竈門炭治郎,https://www.enskyshop.com/products/list?name=%E9%AC%BC%E6%BB%85%E3%81%AE%E5%88%83%20%E3%83%88%E3%83%AC%E3%83%BC%E3%83%87%E3%82%A3%E3%83%B3%E3%82%B0%E7%BC%B6%E3%83%90%E3%83%83%E3%82%B8%20%E7%AB%88%E9%96%80%E7%82%AD%E6%B2%BB%E9%83%8E
1725,귀멸의 칼날 트레이딩 캔뱃지 카마도 네즈코,鬼滅の刃 トレーディング缶バッジ 竈門禰豆子,,캔뱃지,귀멸의 칼날,엔스카이,,False,False,official_search,search_only,candidate_provider_script_required,10,鬼滅の刃 トレーディング缶バッジ 竈門禰豆子,https://www.enskyshop.com/products/list?name=%E9%AC%BC%E6%BB%85%E3%81%AE%E5%88%83%20%E3%83%88%E3%83%AC%E3%83%BC%E3%83%87%E3%82%A3%E3%83%B3%E3%82%B0%E7%BC%B6%E3%83%90%E3%83%83%E3%82%B8%20%E7%AB%88%E9%96%80%E7%A6%B0%E8%B1%86%E5%AD%90
1726,귀멸의 칼날 트레이딩 캔뱃지 아가츠마 젠이츠,鬼滅の刃 トレーディング缶バッジ 我妻善逸,,캔뱃지,귀멸의 칼날,엔스카이,,False,False,official_search,search_only,candidate_provider_script_required,10,鬼滅の刃 トレーディング缶バッジ 我妻善逸,https://www.enskyshop.com/products/list?name=%E9%AC%BC%E6%BB%85%E3%81%AE%E5%88%83%20%E3%83%88%E3%83%AC%E3%83%BC%E3%83%87%E3%82%A3%E3%83%B3%E3%82%B0%E7%BC%B6%E3%83%90%E3%83%83%E3%82%B8%20%E6%88%91%E5%A6%BB%E5%96%84%E9%80%B8
1727,귀멸의 칼날 트레이딩 캔뱃지 하시비라 이노스케,鬼滅の刃 トレーディング缶バッジ 嘴平伊之助,,캔뱃지,귀멸의 칼날,엔스카이,,False,False,official_search,search_only,candidate_provider_script_required,10,鬼滅の刃 トレーディング缶バッジ 嘴平伊之助,https://www.enskyshop.com/products/list?name=%E9%AC%BC%E6%BB%85%E3%81%AE%E5%88%83%20%E3%83%88%E3%83%AC%E3%83%BC%E3%83%87%E3%82%A3%E3%83%B3%E3%82%B0%E7%BC%B6%E3%83%90%E3%83%83%E3%82%B8%20%E5%98%B4%E5%B9%B3%E4%BC%8A%E4%B9%8B%E5%8A%A9
1728,귀멸의 칼날 메탈릭 캔뱃지 렌고쿠 쿄쥬로,鬼滅の刃 メタリック缶バッジ 煉獄杏寿郎,,캔뱃지,귀멸의 칼날,Movic,,False,False,official_search,search_only,candidate_provider_script_required,10,鬼滅の刃 メタリック缶バッジ 煉獄杏寿郎,https://www.movic.jp/shop/goods/search.aspx?search=x&keyword=%E9%AC%BC%E6%BB%85%E3%81%AE%E5%88%83%20%E3%83%A1%E3%82%BF%E3%83%AA%E3%83%83%E3%82%AF%E7%BC%B6%E3%83%90%E3%83%83%E3%82%B8%20%E7%85%89%E7%8D%84%E6%9D%8F%E5%AF%BF%E9%83%8E
1729,귀멸의 칼날 메탈릭 캔뱃지 토미오카 기유,鬼滅の刃 メタリック缶バッジ 冨岡義勇,,캔뱃지,귀멸의 칼날,Movic,,False,False,official_search,search_only,candidate_provider_script_required,10,鬼滅の刃 メタリック缶バッジ 冨岡義勇,https://www.movic.jp/shop/goods/search.aspx?search=x&keyword=%E9%AC%BC%E6%BB%85%E3%81%AE%E5%88%83%20%E3%83%A1%E3%82%BF%E3%83%AA%E3%83%83%E3%82%AF%E7%BC%B6%E3%83%90%E3%83%83%E3%82%B8%20%E5%86%A8%E5%B2%A1%E7%BE%A9%E5%8B%87
1730,귀멸의 칼날 빅 캔뱃지 탄지로,鬼滅の刃 BIG缶バッジ 炭治郎,,캔뱃지,귀멸의 칼날,Movic,,False,False,official_search,search_only,candidate_provider_script_required,10,鬼滅の刃 BIG缶バッジ 炭治郎,https://www.movic.jp/shop/goods/search.aspx?search=x&keyword=%E9%AC%BC%E6%BB%85%E3%81%AE%E5%88%83%20BIG%E7%BC%B6%E3%83%90%E3%83%83%E3%82%B8%20%E7%82%AD%E6%B2%BB%E9%83%8E
1731,귀멸의 칼날 의상 변경 캔뱃지 네즈코,鬼滅の刃 衣装替え缶バッジ 禰豆子,,캔뱃지,귀멸의 칼날,애니메이트,,False,False,official_search,search_only,candidate_provider_script_required,10,鬼滅の刃 衣装替え缶バッジ 禰豆子,https://www.animate-onlineshop.jp/products/list.php?mode=search&smt=%E9%AC%BC%E6%BB%85%E3%81%AE%E5%88%83%20%E8%A1%A3%E8%A3%85%E6%9B%BF%E3%81%88%E7%BC%B6%E3%83%90%E3%83%83%E3%82%B8%20%E7%A6%B0%E8%B1%86%E5%AD%90
1732,귀멸의 칼날 일상 시리즈 캔뱃지 젠이츠,鬼滅の刃 日常シリーズ缶バッジ 善逸,,캔뱃지,귀멸의 칼날,코토부키야,,False,False,official_search,search_only,candidate_provider_script_required,10,鬼滅の刃 日常シリーズ缶バッジ 善逸,https://shop.kotobukiya.co.jp/shop/goods/search.aspx?search=x&keyword=%E9%AC%BC%E6%BB%85%E3%81%AE%E5%88%83%20%E6%97%A5%E5%B8%B8%E3%82%B7%E3%83%AA%E3%83%BC%E3%82%BA%E7%BC%B6%E3%83%90%E3%83%83%E3%82%B8%20%E5%96%84%E9%80%B8
1733,귀멸의 칼날 클리어 파일 A4 탄지로&네즈코,鬼滅の刃 クリアファイルA4 炭治郎＆禰豆子,,문구,귀멸의 칼날,엔스카이,,False,False,official_search,search_only,candidate_provider_script_required,10,鬼滅の刃 クリアファイルA4 炭治郎＆禰豆子,https://www.enskyshop.com/products/list?name=%E9%AC%BC%E6%BB%85%E3%81%AE%E5%88%83%20%E3%82%AF%E3%83%AA%E3%82%A2%E3%83%95%E3%82%A1%E3%82%A4%E3%83%ABA4%20%E7%82%AD%E6%B2%BB%E9%83%8E%EF%BC%86%E7%A6%B0%E8%B1%86%E5%AD%90
1734,귀멸의 칼날 클리어 파일 세트 주 9종,鬼滅の刃 クリアファイルセット 柱9種,,문구,귀멸의 칼날,애니메이트,,False,False,official_search,search_only,candidate_provider_script_required,10,鬼滅の刃 クリアファイルセット 柱9種,https://www.animate-onlineshop.jp/products/list.php?mode=search&smt=%E9%AC%BC%E6%BB%85%E3%81%AE%E5%88%83%20%E3%82%AF%E3%83%AA%E3%82%A2%E3%83%95%E3%82%A1%E3%82%A4%E3%83%AB%E3%82%BB%E3%83%83%E3%83%88%20%E6%9F%B19%E7%A8%AE
1735,귀멸의 칼날 일러스트 카드 컬렉션 렌고쿠,鬼滅の刃 イラストカードコレクション 煉獄,,문구,귀멸의 칼날,엔스카이,,False,False,official_search,search_only,candidate_provider_script_required,10,鬼滅の刃 イラストカードコレクション 煉獄,https://www.enskyshop.com/products/list?name=%E9%AC%BC%E6%BB%85%E3%81%AE%E5%88%83%20%E3%82%A4%E3%83%A9%E3%82%B9%E3%83%88%E3%82%AB%E3%83%BC%E3%83%89%E3%82%B3%E3%83%AC%E3%82%AF%E3%82%B7%E3%83%A7%E3%83%B3%20%E7%85%89%E7%8D%84
1741,원피스 메탈릭 캔뱃지 에이스,ONE PIECE メタリック缶バッジ エース,,캔뱃지,원피스,Movic,,False,False,official_search,search_only,candidate_provider_script_required,10,ONE PIECE メタリック缶バッジ エース,https://www.movic.jp/shop/goods/search.aspx?search=x&keyword=ONE%20PIECE%20%E3%83%A1%E3%82%BF%E3%83%AA%E3%83%83%E3%82%AF%E7%BC%B6%E3%83%90%E3%83%83%E3%82%B8%20%E3%82%A8%E3%83%BC%E3%82%B9
1742,원피스 메탈릭 캔뱃지 트라팔가 로,ONE PIECE メタリック缶バッジ トラファルガー・ロー,,캔뱃지,원피스,Movic,,False,False,official_search,search_only,candidate_provider_script_required,10,ONE PIECE メタリック缶バッジ トラファルガー・ロー,https://www.movic.jp/shop/goods/search.aspx?search=x&keyword=ONE%20PIECE%20%E3%83%A1%E3%82%BF%E3%83%AA%E3%83%83%E3%82%AF%E7%BC%B6%E3%83%90%E3%83%83%E3%82%B8%20%E3%83%88%E3%83%A9%E3%83%95%E3%82%A1%E3%83%AB%E3%82%AC%E3%83%BC%E3%83%BB%E3%83%AD%E3%83%BC
1744,원피스 의상 변경 캔뱃지 나미,ONE PIECE 衣装替え缶バッジ ナミ,,캔뱃지,원피스,애니메이트,,False,False,official_search,search_only,candidate_provider_script_required,10,ONE PIECE 衣装替え缶バッジ ナミ,https://www.animate-onlineshop.jp/products/list.php?mode=search&smt=ONE%20PIECE%20%E8%A1%A3%E8%A3%85%E6%9B%BF%E3%81%88%E7%BC%B6%E3%83%90%E3%83%83%E3%82%B8%20%E3%83%8A%E3%83%9F
1745,원피스 일상 시리즈 캔뱃지 조로,ONE PIECE 日常シリーズ缶バッジ ゾロ,,캔뱃지,원피스,코토부키야,,False,False,official_search,search_only,candidate_provider_script_required,10,ONE PIECE 日常シリーズ缶バッジ ゾロ,https://shop.kotobukiya.co.jp/shop/goods/search.aspx?search=x&keyword=ONE%20PIECE%20%E6%97%A5%E5%B8%B8%E3%82%B7%E3%83%AA%E3%83%BC%E3%82%BA%E7%BC%B6%E3%83%90%E3%83%83%E3%82%B8%20%E3%82%BE%E3%83%AD
1747,원피스 클리어 파일 세트 와노쿠니편,ONE PIECE クリアファイルセット ワノ国編,,문구,원피스,애니메이트,,False,False,official_search,search_only,candidate_provider_script_required,10,ONE PIECE クリアファイルセット ワノ国編,https://www.animate-onlineshop.jp/products/list.php?mode=search&smt=ONE%20PIECE%20%E3%82%AF%E3%83%AA%E3%82%A2%E3%83%95%E3%82%A1%E3%82%A4%E3%83%AB%E3%82%BB%E3%83%83%E3%83%88%20%E3%83%AF%E3%83%8E%E5%9B%BD%E7%B7%A8
1754,체인소맨 메탈릭 캔뱃지 덴지,チェンソーマン メタリック缶バッジ デンジ,,캔뱃지,체인소맨,Movic,,False,False,official_search,search_only,candidate_provider_script_required,10,チェンソーマン メタリック缶バッジ デンジ,https://www.movic.jp/shop/goods/search.aspx?search=x&keyword=%E3%83%81%E3%82%A7%E3%83%B3%E3%82%BD%E3%83%BC%E3%83%9E%E3%83%B3%20%E3%83%A1%E3%82%BF%E3%83%AA%E3%83%83%E3%82%AF%E7%BC%B6%E3%83%90%E3%83%83%E3%82%B8%20%E3%83%87%E3%83%B3%E3%82%B8
1755,체인소맨 빅 캔뱃지 마키마,チェンソーマン BIG缶バッジ マキマ,,캔뱃지,체인소맨,Movic,,False,False,official_search,search_only,candidate_provider_script_required,10,チェンソーマン BIG缶バッジ マキマ,https://www.movic.jp/shop/goods/search.aspx?search=x&keyword=%E3%83%81%E3%82%A7%E3%83%B3%E3%82%BD%E3%83%BC%E3%83%9E%E3%83%B3%20BIG%E7%BC%B6%E3%83%90%E3%83%83%E3%82%B8%20%E3%83%9E%E3%82%AD%E3%83%9E
1756,체인소맨 의상 변경 캔뱃지 파워,チェンソーマン 衣装替え缶バッジ パワー,,캔뱃지,체인소맨,애니메이트,,False,False,official_search,search_only,candidate_provider_script_required,10,チェンソーマン 衣装替え缶バッジ パワー,https://www.animate-onlineshop.jp/products/list.php?mode=search&smt=%E3%83%81%E3%82%A7%E3%83%B3%E3%82%BD%E3%83%BC%E3%83%9E%E3%83%B3%20%E8%A1%A3%E8%A3%85%E6%9B%BF%E3%81%88%E7%BC%B6%E3%83%90%E3%83%83%E3%82%B8%20%E3%83%91%E3%83%AF%E3%83%BC
1757,체인소맨 일상 시리즈 캔뱃지 덴지&파워,チェンソーマン 日常シリーズ缶バッジ デンジ＆パワー,,캔뱃지,체인소맨,코토부키야,,False,False,official_search,search_only,candidate_provider_script_required,10,チェンソーマン 日常シリーズ缶バッジ デンジ＆パワー,https://shop.kotobukiya.co.jp/shop/goods/search.aspx?search=x&keyword=%E3%83%81%E3%82%A7%E3%83%B3%E3%82%BD%E3%83%BC%E3%83%9E%E3%83%B3%20%E6%97%A5%E5%B8%B8%E3%82%B7%E3%83%AA%E3%83%BC%E3%82%BA%E7%BC%B6%E3%83%90%E3%83%83%E3%82%B8%20%E3%83%87%E3%83%B3%E3%82%B8%EF%BC%86%E3%83%91%E3%83%AF%E3%83%BC
1759,체인소맨 클리어 파일 세트 공안 4과,チェンソーマン クリアファイルセット 公安4課,,문구,체인소맨,애니메이트,,False,False,official_search,search_only,candidate_provider_script_required,10,チェンソーマン クリアファイルセット 公安4課,https://www.animate-onlineshop.jp/products/list.php?mode=search&smt=%E3%83%81%E3%82%A7%E3%83%B3%E3%82%BD%E3%83%BC%E3%83%9E%E3%83%B3%20%E3%82%AF%E3%83%AA%E3%82%A2%E3%83%95%E3%82%A1%E3%82%A4%E3%83%AB%E3%82%BB%E3%83%83%E3%83%88%20%E5%85%AC%E5%AE%894%E8%AA%B2
1763,하츠네 미쿠 트레이딩 캔뱃지 오리지널,初音ミク トレーディング缶バッジ オリジナル,,캔뱃지,하츠네 미쿠,굿스마일컴퍼니,,False,False,official_search,search_only,candidate_provider_script_required,10,初音ミク トレーディング缶バッジ オリジナル,https://www.goodsmile.info/ja/products/search?utf8=%E2%9C%93&search%5Bquery%5D=%E5%88%9D%E9%9F%B3%E3%83%9F%E3%82%AF%20%E3%83%88%E3%83%AC%E3%83%BC%E3%83%87%E3%82%A3%E3%83%B3%E3%82%B0%E7%BC%B6%E3%83%90%E3%83%83%E3%82%B8%20%E3%82%AA%E3%83%AA%E3%82%B8%E3%83%8A%E3%83%AB
1764,하츠네 미쿠 트레이딩 캔뱃지 매지컬 미라이,初音ミク トレーディング缶バッジ マジカルミライ,,캔뱃지,하츠네 미쿠,굿스마일컴퍼니,,False,False,official_search,search_only,candidate_provider_script_required,10,初音ミク トレーディング缶バッジ マジカルミライ,https://www.goodsmile.info/ja/products/search?utf8=%E2%9C%93&search%5Bquery%5D=%E5%88%9D%E9%9F%B3%E3%83%9F%E3%82%AF%20%E3%83%88%E3%83%AC%E3%83%BC%E3%83%87%E3%82%A3%E3%83%B3%E3%82%B0%E7%BC%B6%E3%83%90%E3%83%83%E3%82%B8%20%E3%83%9E%E3%82%B8%E3%82%AB%E3%83%AB%E3%83%9F%E3%83%A9%E3%82%A4
1765,하츠네 미쿠 트레이딩 캔뱃지 눈 미쿠,初音ミク トレーディング缶バッジ 雪ミク,,캔뱃지,하츠네 미쿠,굿스마일컴퍼니,,False,False,official_search,search_only,candidate_provider_script_required,10,初音ミク トレーディング缶バッジ 雪ミク,https://www.goodsmile.info/ja/products/search?utf8=%E2%9C%93&search%5Bquery%5D=%E5%88%9D%E9%9F%B3%E3%83%9F%E3%82%AF%20%E3%83%88%E3%83%AC%E3%83%BC%E3%83%87%E3%82%A3%E3%83%B3%E3%82%B0%E7%BC%B6%E3%83%90%E3%83%83%E3%82%B8%20%E9%9B%AA%E3%83%9F%E3%82%AF
1766,하츠네 미쿠 트레이딩 캔뱃지 벚꽃 미쿠,初音ミク トレーディング缶バッジ 桜ミク,,캔뱃지,하츠네 미쿠,굿스마일컴퍼니,,False,False,official_search,search_only,candidate_provider_script_required,10,初音ミク トレーディング缶バッジ 桜ミク,https://www.goodsmile.info/ja/products/search?utf8=%E2%9C%93&search%5Bquery%5D=%E5%88%9D%E9%9F%B3%E3%83%9F%E3%82%AF%20%E3%83%88%E3%83%AC%E3%83%BC%E3%83%87%E3%82%A3%E3%83%B3%E3%82%B0%E7%BC%B6%E3%83%90%E3%83%83%E3%82%B8%20%E6%A1%9C%E3%83%9F%E3%82%AF
1767,하츠네 미쿠 메탈릭 캔뱃지 오리지널,初音ミク メタリック缶バッジ オリジナル,,캔뱃지,하츠네 미쿠,굿스마일컴퍼니,,False,False,official_search,search_only,candidate_provider_script_required,10,初音ミク メタリック缶バッジ オリジナル,https://www.goodsmile.info/ja/products/search?utf8=%E2%9C%93&search%5Bquery%5D=%E5%88%9D%E9%9F%B3%E3%83%9F%E3%82%AF%20%E3%83%A1%E3%82%BF%E3%83%AA%E3%83%83%E3%82%AF%E7%BC%B6%E3%83%90%E3%83%83%E3%82%B8%20%E3%82%AA%E3%83%AA%E3%82%B8%E3%83%8A%E3%83%AB
1768,하츠네 미쿠 빅 캔뱃지 매지컬 미라이,初音ミク BIG缶バッジ マジカルミライ,,캔뱃지,하츠네 미쿠,굿스마일컴퍼니,,False,False,official_search,search_only,candidate_provider_script_required,10,初音ミク BIG缶バッジ マジカルミライ,https://www.goodsmile.info/ja/products/search?utf8=%E2%9C%93&search%5Bquery%5D=%E5%88%9D%E9%9F%B3%E3%83%9F%E3%82%AF%20BIG%E7%BC%B6%E3%83%90%E3%83%83%E3%82%B8%20%E3%83%9E%E3%82%B8%E3%82%AB%E3%83%AB%E3%83%9F%E3%83%A9%E3%82%A4
1769,하츠네 미쿠 의상 변경 캔뱃지 차이나 드레스,初音ミク 衣装替え缶バッジ チャイナドレス,,캔뱃지,하츠네 미쿠,애니메이트,,False,False,official_search,search_only,candidate_provider_script_required,10,初音ミク 衣装替え缶バッジ チャイナドレス,https://www.animate-onlineshop.jp/products/list.php?mode=search&smt=%E5%88%9D%E9%9F%B3%E3%83%9F%E3%82%AF%20%E8%A1%A3%E8%A3%85%E6%9B%BF%E3%81%88%E7%BC%B6%E3%83%90%E3%83%83%E3%82%B8%20%E3%83%81%E3%83%A3%E3%82%A4%E3%83%8A%E3%83%89%E3%83%AC%E3%82%B9
1770,하츠네 미쿠 일상 시리즈 캔뱃지 카페,初音ミク 日常シリーズ缶バッジ カフェ,,캔뱃지,하츠네 미쿠,코토부키야,,False,False,official_search,search_only,candidate_provider_script_required,10,初音ミク 日常シリーズ缶バッジ カフェ,https://shop.kotobukiya.co.jp/shop/goods/search.aspx?search=x&keyword=%E5%88%9D%E9%9F%B3%E3%83%9F%E3%82%AF%20%E6%97%A5%E5%B8%B8%E3%82%B7%E3%83%AA%E3%83%BC%E3%82%BA%E7%BC%B6%E3%83%90%E3%83%83%E3%82%B8%20%E3%82%AB%E3%83%95%E3%82%A7
1772,하츠네 미쿠 클리어 파일 A4 매지컬 미라이,初音ミク クリアファイルA4 マジカルミライ,,문구,하츠네 미쿠,굿스마일컴퍼니,,False,False,official_search,search_only,candidate_provider_script_required,10,初音ミク クリアファイルA4 マジカルミライ,https://www.goodsmile.info/ja/products/search?utf8=%E2%9C%93&search%5Bquery%5D=%E5%88%9D%E9%9F%B3%E3%83%9F%E3%82%AF%20%E3%82%AF%E3%83%AA%E3%82%A2%E3%83%95%E3%82%A1%E3%82%A4%E3%83%ABA4%20%E3%83%9E%E3%82%B8%E3%82%AB%E3%83%AB%E3%83%9F%E3%83%A9%E3%82%A4
1773,하츠네 미쿠 클리어 파일 세트 보컬로이드,初音ミク クリアファイルセット ボーカロイド,,문구,하츠네 미쿠,애니메이트,,False,False,official_search,search_only,candidate_provider_script_required,10,初音ミク クリアファイルセット ボーカロイド,https://www.animate-onlineshop.jp/products/list.php?mode=search&smt=%E5%88%9D%E9%9F%B3%E3%83%9F%E3%82%AF%20%E3%82%AF%E3%83%AA%E3%82%A2%E3%83%95%E3%82%A1%E3%82%A4%E3%83%AB%E3%82%BB%E3%83%83%E3%83%88%20%E3%83%9C%E3%83%BC%E3%82%AB%E3%83%AD%E3%82%A4%E3%83%89
1774,하츠네 미쿠 일러스트 카드 컬렉션 오리지널,初音ミク イラストカードコレクション オリジナル,,문구,하츠네 미쿠,굿스마일컴퍼니,,False,False,official_search,search_only,candidate_provider_script_required,10,初音ミク イラストカードコレクション オリジナル,https://www.goodsmile.info/ja/products/search?utf8=%E2%9C%93&search%5Bquery%5D=%E5%88%9D%E9%9F%B3%E3%83%9F%E3%82%AF%20%E3%82%A4%E3%83%A9%E3%82%B9%E3%83%88%E3%82%AB%E3%83%BC%E3%83%89%E3%82%B3%E3%83%AC%E3%82%AF%E3%82%B7%E3%83%A7%E3%83%B3%20%E3%82%AA%E3%83%AA%E3%82%B8%E3%83%8A%E3%83%AB
1776,헌터X헌터 곤 프릭스 머그컵,HUNTER×HUNTER ゴン=フリークス マグカップ,,머그컵,헌터X헌터,엔스카이,,False,False,official_search,search_only,candidate_provider_script_required,10,HUNTER×HUNTER ゴン=フリークス マグカップ,https://www.enskyshop.com/products/list?name=HUNTER%C3%97HUNTER%20%E3%82%B4%E3%83%B3%3D%E3%83%95%E3%83%AA%E3%83%BC%E3%82%AF%E3%82%B9%20%E3%83%9E%E3%82%B0%E3%82%AB%E3%83%83%E3%83%97
1777,헌터X헌터 키루아 조르딕 머그컵,HUNTER×HUNTER キルア=ゾルディック マグカップ,,머그컵,헌터X헌터,엔스카이,,False,False,official_search,search_only,candidate_provider_script_required,10,HUNTER×HUNTER キルア=ゾルディック マグカップ,https://www.enskyshop.com/products/list?name=HUNTER%C3%97HUNTER%20%E3%82%AD%E3%83%AB%E3%82%A2%3D%E3%82%BE%E3%83%AB%E3%83%87%E3%82%A3%E3%83%83%E3%82%AF%20%E3%83%9E%E3%82%B0%E3%82%AB%E3%83%83%E3%83%97
1778,헌터X헌터 쿠라피카 머그컵,HUNTER×HUNTER クラピカ マグカップ,,머그컵,헌터X헌터,Movic,,False,False,official_search,search_only,candidate_provider_script_required,10,HUNTER×HUNTER クラピカ マグカップ,https://www.movic.jp/shop/goods/search.aspx?search=x&keyword=HUNTER%C3%97HUNTER%20%E3%82%AF%E3%83%A9%E3%83%94%E3%82%AB%20%E3%83%9E%E3%82%B0%E3%82%AB%E3%83%83%E3%83%97
1781,헌터X헌터 곤·키루아 카페 클리어 보틀,HUNTER×HUNTER ゴン・キルア カフェコラボ クリアボトル,,생활잡화,헌터X헌터,애니메이트,,False,False,official_search,search_only,candidate_provider_script_required,10,HUNTER×HUNTER ゴン・キルア カフェコラボ クリアボトル,https://www.animate-onlineshop.jp/products/list.php?mode=search&smt=HUNTER%C3%97HUNTER%20%E3%82%B4%E3%83%B3%E3%83%BB%E3%82%AD%E3%83%AB%E3%82%A2%20%E3%82%AB%E3%83%95%E3%82%A7%E3%82%B3%E3%83%A9%E3%83%9C%20%E3%82%AF%E3%83%AA%E3%82%A2%E3%83%9C%E3%83%88%E3%83%AB
1782,주술회전 이타도리 학원 시리즈 머그컵,呪術廻戦 虎杖悠仁 学園シリーズ マグカップ,,머그컵,주술회전,엔스카이,,False,False,official_search,search_only,candidate_provider_script_required,10,呪術廻戦 虎杖悠仁 学園シリーズ マグカップ,https://www.enskyshop.com/products/list?name=%E5%91%AA%E8%A1%93%E5%BB%BB%E6%88%A6%20%E8%99%8E%E6%9D%96%E6%82%A0%E4%BB%81%20%E5%AD%A6%E5%9C%92%E3%82%B7%E3%83%AA%E3%83%BC%E3%82%BA%20%E3%83%9E%E3%82%B0%E3%82%AB%E3%83%83%E3%83%97
1783,주술회전 후시구로 학원 시리즈 머그컵,呪術廻戦 伏黒恵 学園シリーズ マグカップ,,머그컵,주술회전,엔스카이,,False,False,official_search,search_only,candidate_provider_script_required,10,呪術廻戦 伏黒恵 学園シリーズ マグカップ,https://www.enskyshop.com/products/list?name=%E5%91%AA%E8%A1%93%E5%BB%BB%E6%88%A6%20%E4%BC%8F%E9%BB%92%E6%81%B5%20%E5%AD%A6%E5%9C%92%E3%82%B7%E3%83%AA%E3%83%BC%E3%82%BA%20%E3%83%9E%E3%82%B0%E3%82%AB%E3%83%83%E3%83%97
1784,주술회전 쿠기사키 학원 시리즈 타올,呪術廻戦 釘崎野薔薇 学園シリーズ タオル,,타월,주술회전,Movic,,False,False,official_search,search_only,candidate_provider_script_required,10,呪術廻戦 釘崎野薔薇 学園シリーズ タオル,https://www.movic.jp/shop/goods/search.aspx?search=x&keyword=%E5%91%AA%E8%A1%93%E5%BB%BB%E6%88%A6%20%E9%87%98%E5%B4%8E%E9%87%8E%E8%96%94%E8%96%87%20%E5%AD%A6%E5%9C%92%E3%82%B7%E3%83%AA%E3%83%BC%E3%82%BA%20%E3%82%BF%E3%82%AA%E3%83%AB
1787,주술회전 료멘 스쿠나 의상 변경 타올,呪術廻戦 両面宿儺 衣装替えタオル,,타월,주술회전,Movic,,False,False,official_search,search_only,candidate_provider_script_required,10,呪術廻戦 両面宿儺 衣装替えタオル,https://www.movic.jp/shop/goods/search.aspx?search=x&keyword=%E5%91%AA%E8%A1%93%E5%BB%BB%E6%88%A6%20%E4%B8%A1%E9%9D%A2%E5%AE%BF%E5%84%BA%20%E8%A1%A3%E8%A3%85%E6%9B%BF%E3%81%88%E3%82%BF%E3%82%AA%E3%83%AB
1788,주술회전 이누마키 토게 카페 클리어 보틀,呪術廻戦 狗巻棘 カフェコラボ クリアボトル,,생활잡화,주술회전,애니메이트,,False,False,official_search,search_only,candidate_provider_script_required,10,呪術廻戦 狗巻棘 カフェコラボ クリアボトル,https://www.animate-onlineshop.jp/products/list.php?mode=search&smt=%E5%91%AA%E8%A1%93%E5%BB%BB%E6%88%A6%20%E7%8B%97%E5%B7%BB%E6%A3%98%20%E3%82%AB%E3%83%95%E3%82%A7%E3%82%B3%E3%83%A9%E3%83%9C%20%E3%82%AF%E3%83%AA%E3%82%A2%E3%83%9C%E3%83%88%E3%83%AB
1789,주술회전 판다 우치와,呪術廻戦 パンダ うちわ,,응원용품,주술회전,엔스카이,,False,False,official_search,search_only,candidate_provider_script_required,10,呪術廻戦 パンダ うちわ,https://www.enskyshop.com/products/list?name=%E5%91%AA%E8%A1%93%E5%BB%BB%E6%88%A6%20%E3%83%91%E3%83%B3%E3%83%80%20%E3%81%86%E3%81%A1%E3%82%8F
1795,메이드 인 어비스 나나치 마이크로 화이버 타올,メイドインアビス ナナチ マイクロファイバータオル,,타월,메이드 인 어비스,애니메이트,,False,False,official_search,search_only,candidate_provider_script_required,10,メイドインアビス ナナチ マイクロファイバータオル,https://www.animate-onlineshop.jp/products/list.php?mode=search&smt=%E3%83%A1%E3%82%A4%E3%83%89%E3%82%A4%E3%83%B3%E3%82%A2%E3%83%93%E3%82%B9%20%E3%83%8A%E3%83%8A%E3%83%81%20%E3%83%9E%E3%82%A4%E3%82%AF%E3%83%AD%E3%83%95%E3%82%A1%E3%82%A4%E3%83%90%E3%83%BC%E3%82%BF%E3%82%AA%E3%83%AB
1796,메이드 인 어비스 파코야 토트백,メイドインアビス ファプタ トートバッグ,,가방,메이드 인 어비스,Movic,,False,False,official_search,search_only,candidate_provider_script_required,10,メイドインアビス ファプタ トートバッグ,https://www.movic.jp/shop/goods/search.aspx?search=x&keyword=%E3%83%A1%E3%82%A4%E3%83%89%E3%82%A4%E3%83%B3%E3%82%A2%E3%83%93%E3%82%B9%20%E3%83%95%E3%82%A1%E3%83%97%E3%82%BF%20%E3%83%88%E3%83%BC%E3%83%88%E3%83%90%E3%83%83%E3%82%B0
1797,메이드 인 어비스 보가만 클리어 보틀,メイドインアビス ボンドルド クリアボトル,,생활잡화,메이드 인 어비스,애니메이트,,False,False,official_search,search_only,candidate_provider_script_required,10,メイドインアビス ボンドルド クリアボトル,https://www.animate-onlineshop.jp/products/list.php?mode=search&smt=%E3%83%A1%E3%82%A4%E3%83%89%E3%82%A4%E3%83%B3%E3%82%A2%E3%83%93%E3%82%B9%20%E3%83%9C%E3%83%B3%E3%83%89%E3%83%AB%E3%83%89%20%E3%82%AF%E3%83%AA%E3%82%A2%E3%83%9C%E3%83%88%E3%83%AB
1798,단간론파 나에기 학원 시리즈 머그컵,ダンガンロンパ 苗木誠 学園シリーズ マグカップ,,머그컵,단간론파,Movic,,False,False,official_search,search_only,candidate_provider_script_required,10,ダンガンロンパ 苗木誠 学園シリーズ マグカップ,https://www.movic.jp/shop/goods/search.aspx?search=x&keyword=%E3%83%80%E3%83%B3%E3%82%AC%E3%83%B3%E3%83%AD%E3%83%B3%E3%83%91%20%E8%8B%97%E6%9C%A8%E8%AA%A0%20%E5%AD%A6%E5%9C%92%E3%82%B7%E3%83%AA%E3%83%BC%E3%82%BA%20%E3%83%9E%E3%82%B0%E3%82%AB%E3%83%83%E3%83%97
1799,단간론파 키리기리 학원 시리즈 타올,ダンガンロンパ 霧切響子 学園シリーズ タオル,,타월,단간론파,Movic,,False,False,official_search,search_only,candidate_provider_script_required,10,ダンガンロンパ 霧切響子 学園シリーズ タオル,https://www.movic.jp/shop/goods/search.aspx?search=x&keyword=%E3%83%80%E3%83%B3%E3%82%AC%E3%83%B3%E3%83%AD%E3%83%B3%E3%83%91%20%E9%9C%A7%E5%88%87%E9%9F%BF%E5%AD%90%20%E5%AD%A6%E5%9C%92%E3%82%B7%E3%83%AA%E3%83%BC%E3%82%BA%20%E3%82%BF%E3%82%AA%E3%83%AB
1802,단간론파 히나타 하지메 클리어 보틀,ダンガンロンパ 日向創 クリアボトル,,생활잡화,단간론파,애니메이트,,False,False,official_search,search_only,candidate_provider_script_required,10,ダンガンロンパ 日向創 クリアボトル,https://www.animate-onlineshop.jp/products/list.php?mode=search&smt=%E3%83%80%E3%83%B3%E3%82%AC%E3%83%B3%E3%83%AD%E3%83%B3%E3%83%91%20%E6%97%A5%E5%90%91%E5%89%B5%20%E3%82%AF%E3%83%AA%E3%82%A2%E3%83%9C%E3%83%88%E3%83%AB
1807,장송의 프리렌 카페 클리어 보틀,葬送のフリーレン カフェコラボ クリアボトル,,생활잡화,장송의 프리렌,애니메이트,,False,False,official_search,search_only,candidate_provider_script_required,10,葬送のフリーレン カフェコラボ クリアボトル,https://www.animate-onlineshop.jp/products/list.php?mode=search&smt=%E8%91%AC%E9%80%81%E3%81%AE%E3%83%95%E3%83%AA%E3%83%BC%E3%83%AC%E3%83%B3%20%E3%82%AB%E3%83%95%E3%82%A7%E3%82%B3%E3%83%A9%E3%83%9C%20%E3%82%AF%E3%83%AA%E3%82%A2%E3%83%9C%E3%83%88%E3%83%AB
1809,하츠네 미쿠 매지컬 미라이 2024 머그컵,初音ミク マジカルミライ 2024 マグカップ,,머그컵,하츠네 미쿠,굿스마일컴퍼니,,False,False,official_search,search_only,candidate_provider_script_required,10,初音ミク マジカルミライ 2024 マグカップ,https://www.goodsmile.info/ja/products/search?utf8=%E2%9C%93&search%5Bquery%5D=%E5%88%9D%E9%9F%B3%E3%83%9F%E3%82%AF%20%E3%83%9E%E3%82%B8%E3%82%AB%E3%83%AB%E3%83%9F%E3%83%A9%E3%82%A4%202024%20%E3%83%9E%E3%82%B0%E3%82%AB%E3%83%83%E3%83%97
1810,하츠네 미쿠 매지컬 미라이 2023 타올,初音ミク マジカルミライ 2023 タオル,,타월,하츠네 미쿠,굿스마일컴퍼니,,False,False,official_search,search_only,candidate_provider_script_required,10,初音ミク マジカルミライ 2023 タオル,https://www.goodsmile.info/ja/products/search?utf8=%E2%9C%93&search%5Bquery%5D=%E5%88%9D%E9%9F%B3%E3%83%9F%E3%82%AF%20%E3%83%9E%E3%82%B8%E3%82%AB%E3%83%AB%E3%83%9F%E3%83%A9%E3%82%A4%202023%20%E3%82%BF%E3%82%AA%E3%83%AB
1811,하츠네 미쿠 매지컬 미라이 펜라이트,初音ミク マジカルミライ ペンライト,,응원봉,하츠네 미쿠,굿스마일컴퍼니,,False,False,official_search,search_only,candidate_provider_script_required,10,初音ミク マジカルミライ ペンライト,https://www.goodsmile.info/ja/products/search?utf8=%E2%9C%93&search%5Bquery%5D=%E5%88%9D%E9%9F%B3%E3%83%9F%E3%82%AF%20%E3%83%9E%E3%82%B8%E3%82%AB%E3%83%AB%E3%83%9F%E3%83%A9%E3%82%A4%20%E3%83%9A%E3%83%B3%E3%83%A9%E3%82%A4%E3%83%88
1812,하츠네 미쿠 매지컬 미라이 토트백,初音ミク マジカルミライ トートバッグ,,가방,하츠네 미쿠,굿스마일컴퍼니,,False,False,official_search,search_only,candidate_provider_script_required,10,初音ミク マジカルミライ トートバッグ,https://www.goodsmile.info/ja/products/search?utf8=%E2%9C%93&search%5Bquery%5D=%E5%88%9D%E9%9F%B3%E3%83%9F%E3%82%AF%20%E3%83%9E%E3%82%B8%E3%82%AB%E3%83%AB%E3%83%9F%E3%83%A9%E3%82%A4%20%E3%83%88%E3%83%BC%E3%83%88%E3%83%90%E3%83%83%E3%82%B0
1813,하츠네 미쿠 매지컬 미라이 우치와,初音ミク マジカルミライ うちわ,,응원용품,하츠네 미쿠,굿스마일컴퍼니,,False,False,official_search,search_only,candidate_provider_script_required,10,初音ミク マジカルミライ うちわ,https://www.goodsmile.info/ja/products/search?utf8=%E2%9C%93&search%5Bquery%5D=%E5%88%9D%E9%9F%B3%E3%83%9F%E3%82%AF%20%E3%83%9E%E3%82%B8%E3%82%AB%E3%83%AB%E3%83%9F%E3%83%A9%E3%82%A4%20%E3%81%86%E3%81%A1%E3%82%8F
1814,하츠네 미쿠 매지컬 미라이 클리어 보틀,初音ミク マジカルミライ クリアボトル,,생활잡화,하츠네 미쿠,굿스마일컴퍼니,,False,False,official_search,search_only,candidate_provider_script_required,10,初音ミク マジカルミライ クリアボトル,https://www.goodsmile.info/ja/products/search?utf8=%E2%9C%93&search%5Bquery%5D=%E5%88%9D%E9%9F%B3%E3%83%9F%E3%82%AF%20%E3%83%9E%E3%82%B8%E3%82%AB%E3%83%AB%E3%83%9F%E3%83%A9%E3%82%A4%20%E3%82%AF%E3%83%AA%E3%82%A2%E3%83%9C%E3%83%88%E3%83%AB
1815,하츠네 미쿠 라이브 한정 펜라이트 2024,初音ミク ライブ限定 ペンライト 2024,,응원봉,하츠네 미쿠,굿스마일컴퍼니,,False,False,official_search,search_only,candidate_provider_script_required,10,初音ミク ライブ限定 ペンライト 2024,https://www.goodsmile.info/ja/products/search?utf8=%E2%9C%93&search%5Bquery%5D=%E5%88%9D%E9%9F%B3%E3%83%9F%E3%82%AF%20%E3%83%A9%E3%82%A4%E3%83%96%E9%99%90%E5%AE%9A%20%E3%83%9A%E3%83%B3%E3%83%A9%E3%82%A4%E3%83%88%202024
1816,카가미네 린 머그컵,鏡音リン マグカップ,,머그컵,하츠네 미쿠,굿스마일컴퍼니,,False,False,official_search,search_only,candidate_provider_script_required,10,鏡音リン マグカップ,https://www.goodsmile.info/ja/products/search?utf8=%E2%9C%93&search%5Bquery%5D=%E9%8F%A1%E9%9F%B3%E3%83%AA%E3%83%B3%20%E3%83%9E%E3%82%B0%E3%82%AB%E3%83%83%E3%83%97
1817,나의 히어로 아카데미아 미도리야 학원 머그컵,僕のヒーローアカデミア 緑谷出久 学園シリーズ マグカップ,,머그컵,나의 히어로 아카데미아,엔스카이,,False,False,official_search,search_only,candidate_provider_script_required,10,僕のヒーローアカデミア 緑谷出久 学園シリーズ マグカップ,https://www.enskyshop.com/products/list?name=%E5%83%95%E3%81%AE%E3%83%92%E3%83%BC%E3%83%AD%E3%83%BC%E3%82%A2%E3%82%AB%E3%83%87%E3%83%9F%E3%82%A2%20%E7%B7%91%E8%B0%B7%E5%87%BA%E4%B9%85%20%E5%AD%A6%E5%9C%92%E3%82%B7%E3%83%AA%E3%83%BC%E3%82%BA%20%E3%83%9E%E3%82%B0%E3%82%AB%E3%83%83%E3%83%97
1818,나의 히어로 아카데미아 바쿠고 학원 머그컵,僕のヒーローアカデミア 爆豪勝己 学園シリーズ マグカップ,,머그컵,나의 히어로 아카데미아,엔스카이,,False,False,official_search,search_only,candidate_provider_script_required,10,僕のヒーローアカデミア 爆豪勝己 学園シリーズ マグカップ,https://www.enskyshop.com/products/list?name=%E5%83%95%E3%81%AE%E3%83%92%E3%83%BC%E3%83%AD%E3%83%BC%E3%82%A2%E3%82%AB%E3%83%87%E3%83%9F%E3%82%A2%20%E7%88%86%E8%B1%AA%E5%8B%9D%E5%B7%B1%20%E5%AD%A6%E5%9C%92%E3%82%B7%E3%83%AA%E3%83%BC%E3%82%BA%20%E3%83%9E%E3%82%B0%E3%82%AB%E3%83%83%E3%83%97
1819,나의 히어로 아카데미아 토도로키 학원 타올,僕のヒーローアカデミア 轟焦凍 学園シリーズ タオル,,타월,나의 히어로 아카데미아,Movic,,False,False,official_search,search_only,candidate_provider_script_required,10,僕のヒーローアカデミア 轟焦凍 学園シリーズ タオル,https://www.movic.jp/shop/goods/search.aspx?search=x&keyword=%E5%83%95%E3%81%AE%E3%83%92%E3%83%BC%E3%83%AD%E3%83%BC%E3%82%A2%E3%82%AB%E3%83%87%E3%83%9F%E3%82%A2%20%E8%BD%9F%E7%84%A6%E5%87%8D%20%E5%AD%A6%E5%9C%92%E3%82%B7%E3%83%AA%E3%83%BC%E3%82%BA%20%E3%82%BF%E3%82%AA%E3%83%AB
1821,나의 히어로 아카데미아 우라라카 우치와,僕のヒーローアカデミア 麗日お茶子 うちわ,,응원용품,나의 히어로 아카데미아,엔스카이,,False,False,official_search,search_only,candidate_provider_script_required,10,僕のヒーローアカデミア 麗日お茶子 うちわ,https://www.enskyshop.com/products/list?name=%E5%83%95%E3%81%AE%E3%83%92%E3%83%BC%E3%83%AD%E3%83%BC%E3%82%A2%E3%82%AB%E3%83%87%E3%83%9F%E3%82%A2%20%E9%BA%97%E6%97%A5%E3%81%8A%E8%8C%B6%E5%AD%90%20%E3%81%86%E3%81%A1%E3%82%8F
1822,나의 히어로 아카데미아 다비 의상 변경 머그컵,僕のヒーローアカデミア 荼毘 衣装替え マグカップ,,머그컵,나의 히어로 아카데미아,애니메이트,,False,False,official_search,search_only,candidate_provider_script_required,10,僕のヒーローアカデミア 荼毘 衣装替え マグカップ,https://www.animate-onlineshop.jp/products/list.php?mode=search&smt=%E5%83%95%E3%81%AE%E3%83%92%E3%83%BC%E3%83%AD%E3%83%BC%E3%82%A2%E3%82%AB%E3%83%87%E3%83%9F%E3%82%A2%20%E8%8D%BC%E6%AF%98%20%E8%A1%A3%E8%A3%85%E6%9B%BF%E3%81%88%20%E3%83%9E%E3%82%B0%E3%82%AB%E3%83%83%E3%83%97
1823,나의 히어로 아카데미아 카페 클리어 보틀,僕のヒーローアカデミア カフェコラボ クリアボトル,,생활잡화,나의 히어로 아카데미아,애니메이트,,False,False,official_search,search_only,candidate_provider_script_required,10,僕のヒーローアカデミア カフェコラボ クリアボトル,https://www.animate-onlineshop.jp/products/list.php?mode=search&smt=%E5%83%95%E3%81%AE%E3%83%92%E3%83%BC%E3%83%AD%E3%83%BC%E3%82%A2%E3%82%AB%E3%83%87%E3%83%9F%E3%82%A2%20%E3%82%AB%E3%83%95%E3%82%A7%E3%82%B3%E3%83%A9%E3%83%9C%20%E3%82%AF%E3%83%AA%E3%82%A2%E3%83%9C%E3%83%88%E3%83%AB
1824,귀멸의 칼날 탄지로 머그컵,鬼滅の刃 竈門炭治郎 マグカップ,,머그컵,귀멸의 칼날,엔스카이,,False,False,official_search,search_only,candidate_provider_script_required,10,鬼滅の刃 竈門炭治郎 マグカップ,https://www.enskyshop.com/products/list?name=%E9%AC%BC%E6%BB%85%E3%81%AE%E5%88%83%20%E7%AB%88%E9%96%80%E7%82%AD%E6%B2%BB%E9%83%8E%20%E3%83%9E%E3%82%B0%E3%82%AB%E3%83%83%E3%83%97
1825,귀멸의 칼날 네즈코 머그컵,鬼滅の刃 竈門禰豆子 マグカップ,,머그컵,귀멸의 칼날,엔스카이,,False,False,official_search,search_only,candidate_provider_script_required,10,鬼滅の刃 竈門禰豆子 マグカップ,https://www.enskyshop.com/products/list?name=%E9%AC%BC%E6%BB%85%E3%81%AE%E5%88%83%20%E7%AB%88%E9%96%80%E7%A6%B0%E8%B1%86%E5%AD%90%20%E3%83%9E%E3%82%B0%E3%82%AB%E3%83%83%E3%83%97
1828,귀멸의 칼날 렌고쿠 우치와,鬼滅の刃 煉獄杏寿郎 うちわ,,응원용품,귀멸의 칼날,엔스카이,,False,False,official_search,search_only,candidate_provider_script_required,10,鬼滅の刃 煉獄杏寿郎 うちわ,https://www.enskyshop.com/products/list?name=%E9%AC%BC%E6%BB%85%E3%81%AE%E5%88%83%20%E7%85%89%E7%8D%84%E6%9D%8F%E5%AF%BF%E9%83%8E%20%E3%81%86%E3%81%A1%E3%82%8F
1829,귀멸의 칼날 기유 학원 머그컵,鬼滅の刃 冨岡義勇 学園シリーズ マグカップ,,머그컵,귀멸의 칼날,엔스카이,,False,False,official_search,search_only,candidate_provider_script_required,10,鬼滅の刃 冨岡義勇 学園シリーズ マグカップ,https://www.enskyshop.com/products/list?name=%E9%AC%BC%E6%BB%85%E3%81%AE%E5%88%83%20%E5%86%A8%E5%B2%A1%E7%BE%A9%E5%8B%87%20%E5%AD%A6%E5%9C%92%E3%82%B7%E3%83%AA%E3%83%BC%E3%82%BA%20%E3%83%9E%E3%82%B0%E3%82%AB%E3%83%83%E3%83%97
1830,귀멸의 칼날 무이치로 의상 변경 타올,鬼滅の刃 時透無一郎 衣装替えタオル,,타월,귀멸의 칼날,Movic,,False,False,official_search,search_only,candidate_provider_script_required,10,鬼滅の刃 時透無一郎 衣装替えタオル,https://www.movic.jp/shop/goods/search.aspx?search=x&keyword=%E9%AC%BC%E6%BB%85%E3%81%AE%E5%88%83%20%E6%99%82%E9%80%8F%E7%84%A1%E4%B8%80%E9%83%8E%20%E8%A1%A3%E8%A3%85%E6%9B%BF%E3%81%88%E3%82%BF%E3%82%AA%E3%83%AB
1831,귀멸의 칼날 카페 클리어 보틀,鬼滅の刃 カフェコラボ クリアボトル,,생활잡화,귀멸의 칼날,애니메이트,,False,False,official_search,search_only,candidate_provider_script_required,10,鬼滅の刃 カフェコラボ クリアボトル,https://www.animate-onlineshop.jp/products/list.php?mode=search&smt=%E9%AC%BC%E6%BB%85%E3%81%AE%E5%88%83%20%E3%82%AB%E3%83%95%E3%82%A7%E3%82%B3%E3%83%A9%E3%83%9C%20%E3%82%AF%E3%83%AA%E3%82%A2%E3%83%9C%E3%83%88%E3%83%AB
1838,원피스 에이스 카페 클리어 보틀,ONE PIECE エース カフェコラボ クリアボトル,,생활잡화,원피스,애니메이트,,False,False,official_search,search_only,candidate_provider_script_required,10,ONE PIECE エース カフェコラボ クリアボトル,https://www.animate-onlineshop.jp/products/list.php?mode=search&smt=ONE%20PIECE%20%E3%82%A8%E3%83%BC%E3%82%B9%20%E3%82%AB%E3%83%95%E3%82%A7%E3%82%B3%E3%83%A9%E3%83%9C%20%E3%82%AF%E3%83%AA%E3%82%A2%E3%83%9C%E3%83%88%E3%83%AB
1853,체인소맨 포치타 우치와,チェンソーマン ポチタ うちわ,,응원용품,체인소맨,엔스카이,,False,False,official_search,search_only,candidate_provider_script_required,10,チェンソーマン ポチタ うちわ,https://www.enskyshop.com/products/list?name=%E3%83%81%E3%82%A7%E3%83%B3%E3%82%BD%E3%83%BC%E3%83%9E%E3%83%B3%20%E3%83%9D%E3%83%81%E3%82%BF%20%E3%81%86%E3%81%A1%E3%82%8F
1854,체인소맨 레제 의상 변경 머그컵,チェンソーマン レゼ 衣装替え マグカップ,,머그컵,체인소맨,애니메이트,,False,False,official_search,search_only,candidate_provider_script_required,10,チェンソーマン レゼ 衣装替え マグカップ,https://www.animate-onlineshop.jp/products/list.php?mode=search&smt=%E3%83%81%E3%82%A7%E3%83%B3%E3%82%BD%E3%83%BC%E3%83%9E%E3%83%B3%20%E3%83%AC%E3%82%BC%20%E8%A1%A3%E8%A3%85%E6%9B%BF%E3%81%88%20%E3%83%9E%E3%82%B0%E3%82%AB%E3%83%83%E3%83%97
1855,체인소맨 카페 클리어 보틀,チェンソーマン カフェコラボ クリアボトル,,생활잡화,체인소맨,애니메이트,,False,False,official_search,search_only,candidate_provider_script_required,10,チェンソーマン カフェコラボ クリアボトル,https://www.animate-onlineshop.jp/products/list.php?mode=search&smt=%E3%83%81%E3%82%A7%E3%83%B3%E3%82%BD%E3%83%BC%E3%83%9E%E3%83%B3%20%E3%82%AB%E3%83%95%E3%82%A7%E3%82%B3%E3%83%A9%E3%83%9C%20%E3%82%AF%E3%83%AA%E3%82%A2%E3%83%9C%E3%83%88%E3%83%AB
1863,ARTFX J 아냐 포저,ARTFX J アーニャ・フォージャー,,피규어,SPY×FAMILY,코토부키야,,False,False,official_search,search_only,candidate_provider_script_required,10,ARTFX J アーニャ・フォージャー,https://shop.kotobukiya.co.jp/shop/goods/search.aspx?search=x&keyword=ARTFX%20J%20%E3%82%A2%E3%83%BC%E3%83%8B%E3%83%A3%E3%83%BB%E3%83%95%E3%82%A9%E3%83%BC%E3%82%B8%E3%83%A3%E3%83%BC
1864,ARTFX J 로이드 포저,ARTFX J ロイド・フォージャー,,피규어,SPY×FAMILY,코토부키야,,False,False,official_search,search_only,candidate_provider_script_required,10,ARTFX J ロイド・フォージャー,https://shop.kotobukiya.co.jp/shop/goods/search.aspx?search=x&keyword=ARTFX%20J%20%E3%83%AD%E3%82%A4%E3%83%89%E3%83%BB%E3%83%95%E3%82%A9%E3%83%BC%E3%82%B8%E3%83%A3%E3%83%BC
1865,ARTFX J 요르 포저,ARTFX J ヨル・フォージャー,,피규어,SPY×FAMILY,코토부키야,,False,False,official_search,search_only,candidate_provider_script_required,10,ARTFX J ヨル・フォージャー,https://shop.kotobukiya.co.jp/shop/goods/search.aspx?search=x&keyword=ARTFX%20J%20%E3%83%A8%E3%83%AB%E3%83%BB%E3%83%95%E3%82%A9%E3%83%BC%E3%82%B8%E3%83%A3%E3%83%BC
1870,치비누이 아냐 포저,ちびぐるみ アーニャ・フォージャー,,인형,SPY×FAMILY,엔스카이,,False,False,official_search,search_only,candidate_provider_script_required,10,ちびぐるみ アーニャ・フォージャー,https://www.enskyshop.com/products/list?name=%E3%81%A1%E3%81%B3%E3%81%90%E3%82%8B%E3%81%BF%20%E3%82%A2%E3%83%BC%E3%83%8B%E3%83%A3%E3%83%BB%E3%83%95%E3%82%A9%E3%83%BC%E3%82%B8%E3%83%A3%E3%83%BC
1871,치비누이 본드,ちびぐるみ ボンド・フォージャー,,인형,SPY×FAMILY,엔스카이,,False,False,official_search,search_only,candidate_provider_script_required,10,ちびぐるみ ボンド・フォージャー,https://www.enskyshop.com/products/list?name=%E3%81%A1%E3%81%B3%E3%81%90%E3%82%8B%E3%81%BF%20%E3%83%9C%E3%83%B3%E3%83%89%E3%83%BB%E3%83%95%E3%82%A9%E3%83%BC%E3%82%B8%E3%83%A3%E3%83%BC
1872,후와푸치 아냐 포저,ふわぷち アーニャ・フォージャー,,인형,SPY×FAMILY,Taito,,False,False,official_search,search_only,candidate_provider_script_required,10,ふわぷち アーニャ・フォージャー,https://www.taito.co.jp/prize/search?keyword=%E3%81%B5%E3%82%8F%E3%81%B7%E3%81%A1%20%E3%82%A2%E3%83%BC%E3%83%8B%E3%83%A3%E3%83%BB%E3%83%95%E3%82%A9%E3%83%BC%E3%82%B8%E3%83%A3%E3%83%BC
1873,오만쥬 니기니기 SPY FAMILY,おまんじゅうにぎにぎマスコット SPY×FAMILY,,마스코트,SPY×FAMILY,엔스카이,,False,False,official_search,search_only,candidate_provider_script_required,10,おまんじゅうにぎにぎマスコット SPY×FAMILY,https://www.enskyshop.com/products/list?name=%E3%81%8A%E3%81%BE%E3%82%93%E3%81%98%E3%82%85%E3%81%86%E3%81%AB%E3%81%8E%E3%81%AB%E3%81%8E%E3%83%9E%E3%82%B9%E3%82%B3%E3%83%83%E3%83%88%20SPY%C3%97FAMILY
1874,리멘트 SPY FAMILY 데스크 컬렉션,リーメント SPY×FAMILY デスクコレクション,,피규어,SPY×FAMILY,Re-ment,,False,False,official_search,search_only,candidate_provider_script_required,10,リーメント SPY×FAMILY デスクコレクション,https://www.re-ment.co.jp/?s=%E3%83%AA%E3%83%BC%E3%83%A1%E3%83%B3%E3%83%88%20SPY%C3%97FAMILY%20%E3%83%87%E3%82%B9%E3%82%AF%E3%82%B3%E3%83%AC%E3%82%AF%E3%82%B7%E3%83%A7%E3%83%B3
1875,아크릴 스탠드 아냐 포저,アクリルスタンド アーニャ・フォージャー,,아크릴 스탠드,SPY×FAMILY,엔스카이,,False,False,official_search,search_only,candidate_provider_script_required,10,アクリルスタンド アーニャ・フォージャー,https://www.enskyshop.com/products/list?name=%E3%82%A2%E3%82%AF%E3%83%AA%E3%83%AB%E3%82%B9%E3%82%BF%E3%83%B3%E3%83%89%20%E3%82%A2%E3%83%BC%E3%83%8B%E3%83%A3%E3%83%BB%E3%83%95%E3%82%A9%E3%83%BC%E3%82%B8%E3%83%A3%E3%83%BC
1876,캔뱃지 SPY FAMILY 컬렉션,缶バッジ SPY×FAMILY コレクション,,캔뱃지,SPY×FAMILY,엔스카이,,False,False,official_search,search_only,candidate_provider_script_required,10,缶バッジ SPY×FAMILY コレクション,https://www.enskyshop.com/products/list?name=%E7%BC%B6%E3%83%90%E3%83%83%E3%82%B8%20SPY%C3%97FAMILY%20%E3%82%B3%E3%83%AC%E3%82%AF%E3%82%B7%E3%83%A7%E3%83%B3
1881,POP UP PARADE 카이저,POP UP PARADE ミヒャエル・カイザー,,피규어,블루록,굿스마일컴퍼니,,False,False,official_search,search_only,candidate_provider_script_required,10,POP UP PARADE ミヒャエル・カイザー,https://www.goodsmile.info/ja/products/search?utf8=%E2%9C%93&search%5Bquery%5D=POP%20UP%20PARADE%20%E3%83%9F%E3%83%92%E3%83%A3%E3%82%A8%E3%83%AB%E3%83%BB%E3%82%AB%E3%82%A4%E3%82%B6%E3%83%BC
1882,POP UP PARADE 시도 료스케,POP UP PARADE 士道龍聖,,피규어,블루록,굿스마일컴퍼니,,False,False,official_search,search_only,candidate_provider_script_required,10,POP UP PARADE 士道龍聖,https://www.goodsmile.info/ja/products/search?utf8=%E2%9C%93&search%5Bquery%5D=POP%20UP%20PARADE%20%E5%A3%AB%E9%81%93%E9%BE%8D%E8%81%96
1883,POP UP PARADE 미코토,POP UP PARADE 御影玲王,,피규어,블루록,굿스마일컴퍼니,,False,False,official_search,search_only,candidate_provider_script_required,10,POP UP PARADE 御影玲王,https://www.goodsmile.info/ja/products/search?utf8=%E2%9C%93&search%5Bquery%5D=POP%20UP%20PARADE%20%E5%BE%A1%E5%BD%B1%E7%8E%B2%E7%8E%8B
1884,POP UP PARADE 치기리,POP UP PARADE 千切豹馬,,피규어,블루록,굿스마일컴퍼니,,False,False,official_search,search_only,candidate_provider_script_required,10,POP UP PARADE 千切豹馬,https://www.goodsmile.info/ja/products/search?utf8=%E2%9C%93&search%5Bquery%5D=POP%20UP%20PARADE%20%E5%8D%83%E5%88%87%E8%B1%B9%E9%A6%AC
1885,ARTFX J 이사기 요이치,ARTFX J 潔世一,,피규어,블루록,코토부키야,,False,False,official_search,search_only,candidate_provider_script_required,10,ARTFX J 潔世一,https://shop.kotobukiya.co.jp/shop/goods/search.aspx?search=x&keyword=ARTFX%20J%20%E6%BD%94%E4%B8%96%E4%B8%80
1886,ARTFX J 바치라 메구루,ARTFX J 蜂楽廻,,피규어,블루록,코토부키야,,False,False,official_search,search_only,candidate_provider_script_required,10,ARTFX J 蜂楽廻,https://shop.kotobukiya.co.jp/shop/goods/search.aspx?search=x&keyword=ARTFX%20J%20%E8%9C%82%E6%A5%BD%E5%BB%BB
1889,Desktop Cute 이사기,Desktop Cute 潔世一,,피규어,블루록,FuRyu,,False,False,official_search,search_only,candidate_provider_script_required,10,Desktop Cute 潔世一,https://furyuprize.com/search?keyword=Desktop%20Cute%20%E6%BD%94%E4%B8%96%E4%B8%80
1890,Noodle Stopper 카이저,Noodle Stopper カイザー,,피규어,블루록,FuRyu,,False,False,official_search,search_only,candidate_provider_script_required,10,Noodle Stopper カイザー,https://furyuprize.com/search?keyword=Noodle%20Stopper%20%E3%82%AB%E3%82%A4%E3%82%B6%E3%83%BC
1893,오만쥬 니기니기 블루록,おまんじゅうにぎにぎマスコット ブルーロック,,마스코트,블루록,엔스카이,,False,False,official_search,search_only,candidate_provider_script_required,10,おまんじゅうにぎにぎマスコット ブルーロック,https://www.enskyshop.com/products/list?name=%E3%81%8A%E3%81%BE%E3%82%93%E3%81%98%E3%82%85%E3%81%86%E3%81%AB%E3%81%8E%E3%81%AB%E3%81%8E%E3%83%9E%E3%82%B9%E3%82%B3%E3%83%83%E3%83%88%20%E3%83%96%E3%83%AB%E3%83%BC%E3%83%AD%E3%83%83%E3%82%AF
1894,노루캬라 마스코트 블루록,のるキャラマスコット ブルーロック,,마스코트,블루록,엔스카이,,False,False,official_search,search_only,candidate_provider_script_required,10,のるキャラマスコット ブルーロック,https://www.enskyshop.com/products/list?name=%E3%81%AE%E3%82%8B%E3%82%AD%E3%83%A3%E3%83%A9%E3%83%9E%E3%82%B9%E3%82%B3%E3%83%83%E3%83%88%20%E3%83%96%E3%83%AB%E3%83%BC%E3%83%AD%E3%83%83%E3%82%AF
1896,러버 스트랩 블루록,ラバーストラップ ブルーロックコレクション,,키링,블루록,엔스카이,,False,False,official_search,search_only,candidate_provider_script_required,10,ラバーストラップ ブルーロックコレクション,https://www.enskyshop.com/products/list?name=%E3%83%A9%E3%83%90%E3%83%BC%E3%82%B9%E3%83%88%E3%83%A9%E3%83%83%E3%83%97%20%E3%83%96%E3%83%AB%E3%83%BC%E3%83%AD%E3%83%83%E3%82%AF%E3%82%B3%E3%83%AC%E3%82%AF%E3%82%B7%E3%83%A7%E3%83%B3
1897,캔뱃지 블루록,缶バッジ ブルーロックコレクション,,캔뱃지,블루록,엔스카이,,False,False,official_search,search_only,candidate_provider_script_required,10,缶バッジ ブルーロックコレクション,https://www.enskyshop.com/products/list?name=%E7%BC%B6%E3%83%90%E3%83%83%E3%82%B8%20%E3%83%96%E3%83%AB%E3%83%BC%E3%83%AD%E3%83%83%E3%82%AF%E3%82%B3%E3%83%AC%E3%82%AF%E3%82%B7%E3%83%A7%E3%83%B3
1904,POP UP PARADE 야마다 료,POP UP PARADE 山田リョウ,,피규어,봇치 더 록,굿스마일컴퍼니,,False,False,official_search,search_only,candidate_provider_script_required,10,POP UP PARADE 山田リョウ,https://www.goodsmile.info/ja/products/search?utf8=%E2%9C%93&search%5Bquery%5D=POP%20UP%20PARADE%20%E5%B1%B1%E7%94%B0%E3%83%AA%E3%83%A7%E3%82%A6
1905,POP UP PARADE 키타 이쿠요,POP UP PARADE 喜多郁代,,피규어,봇치 더 록,굿스마일컴퍼니,,False,False,official_search,search_only,candidate_provider_script_required,10,POP UP PARADE 喜多郁代,https://www.goodsmile.info/ja/products/search?utf8=%E2%9C%93&search%5Bquery%5D=POP%20UP%20PARADE%20%E5%96%9C%E5%A4%9A%E9%83%81%E4%BB%A3
1907,Noodle Stopper 고토 히토리,Noodle Stopper 後藤ひとり,,피규어,봇치 더 록,FuRyu,,False,False,official_search,search_only,candidate_provider_script_required,10,Noodle Stopper 後藤ひとり,https://furyuprize.com/search?keyword=Noodle%20Stopper%20%E5%BE%8C%E8%97%A4%E3%81%B2%E3%81%A8%E3%82%8A
1909,Q posket 고토 히토리,Q posket 後藤ひとり,,피규어,봇치 더 록,Banpresto,,False,False,official_search,search_only,candidate_provider_script_required,10,Q posket 後藤ひとり,https://bsp-prize.jp/search/?q=Q%20posket%20%E5%BE%8C%E8%97%A4%E3%81%B2%E3%81%A8%E3%82%8A
1910,치비누이 고토 히토리,ちびぐるみ 後藤ひとり,,인형,봇치 더 록,엔스카이,,False,False,official_search,search_only,candidate_provider_script_required,10,ちびぐるみ 後藤ひとり,https://www.enskyshop.com/products/list?name=%E3%81%A1%E3%81%B3%E3%81%90%E3%82%8B%E3%81%BF%20%E5%BE%8C%E8%97%A4%E3%81%B2%E3%81%A8%E3%82%8A
1911,치비누이 키타 이쿠요,ちびぐるみ 喜多郁代,,인형,봇치 더 록,엔스카이,,False,False,official_search,search_only,candidate_provider_script_required,10,ちびぐるみ 喜多郁代,https://www.enskyshop.com/products/list?name=%E3%81%A1%E3%81%B3%E3%81%90%E3%82%8B%E3%81%BF%20%E5%96%9C%E5%A4%9A%E9%83%81%E4%BB%A3
1912,오만쥬 니기니기 봇치 더 록,おまんじゅうにぎにぎマスコット ぼっち・ざ・ろっく!,,마스코트,봇치 더 록,엔스카이,,False,False,official_search,search_only,candidate_provider_script_required,10,おまんじゅうにぎにぎマスコット ぼっち・ざ・ろっく!,https://www.enskyshop.com/products/list?name=%E3%81%8A%E3%81%BE%E3%82%93%E3%81%98%E3%82%85%E3%81%86%E3%81%AB%E3%81%8E%E3%81%AB%E3%81%8E%E3%83%9E%E3%82%B9%E3%82%B3%E3%83%83%E3%83%88%20%E3%81%BC%E3%81%A3%E3%81%A1%E3%83%BB%E3%81%96%E3%83%BB%E3%82%8D%E3%81%A3%E3%81%8F%21
1913,모치코로링 봇치 더 록,もちころりん ぼっち・ざ・ろっく!,,마스코트,봇치 더 록,엔스카이,,False,False,official_search,search_only,candidate_provider_script_required,10,もちころりん ぼっち・ざ・ろっく!,https://www.enskyshop.com/products/list?name=%E3%82%82%E3%81%A1%E3%81%93%E3%82%8D%E3%82%8A%E3%82%93%20%E3%81%BC%E3%81%A3%E3%81%A1%E3%83%BB%E3%81%96%E3%83%BB%E3%82%8D%E3%81%A3%E3%81%8F%21
1914,아크릴 스탠드 고토 히토리,アクリルスタンド 後藤ひとり,,아크릴 스탠드,봇치 더 록,엔스카이,,False,False,official_search,search_only,candidate_provider_script_required,10,アクリルスタンド 後藤ひとり,https://www.enskyshop.com/products/list?name=%E3%82%A2%E3%82%AF%E3%83%AA%E3%83%AB%E3%82%B9%E3%82%BF%E3%83%B3%E3%83%89%20%E5%BE%8C%E8%97%A4%E3%81%B2%E3%81%A8%E3%82%8A
1915,러버 스트랩 결속밴드,ラバーストラップ 結束バンドコレクション,,키링,봇치 더 록,엔스카이,,False,False,official_search,search_only,candidate_provider_script_required,10,ラバーストラップ 結束バンドコレクション,https://www.enskyshop.com/products/list?name=%E3%83%A9%E3%83%90%E3%83%BC%E3%82%B9%E3%83%88%E3%83%A9%E3%83%83%E3%83%97%20%E7%B5%90%E6%9D%9F%E3%83%90%E3%83%B3%E3%83%89%E3%82%B3%E3%83%AC%E3%82%AF%E3%82%B7%E3%83%A7%E3%83%B3
1916,캔뱃지 봇치 더 록,缶バッジ ぼっち・ざ・ろっく! コレクション,,캔뱃지,봇치 더 록,엔스카이,,False,False,official_search,search_only,candidate_provider_script_required,10,缶バッジ ぼっち・ざ・ろっく! コレクション,https://www.enskyshop.com/products/list?name=%E7%BC%B6%E3%83%90%E3%83%83%E3%82%B8%20%E3%81%BC%E3%81%A3%E3%81%A1%E3%83%BB%E3%81%96%E3%83%BB%E3%82%8D%E3%81%A3%E3%81%8F%21%20%E3%82%B3%E3%83%AC%E3%82%AF%E3%82%B7%E3%83%A7%E3%83%B3
1917,리멘트 봇치 결속밴드 라이브,リーメント ぼっち・ざ・ろっく! 結束バンドライブ,,피규어,봇치 더 록,Re-ment,,False,False,official_search,search_only,candidate_provider_script_required,10,リーメント ぼっち・ざ・ろっく! 結束バンドライブ,https://www.re-ment.co.jp/?s=%E3%83%AA%E3%83%BC%E3%83%A1%E3%83%B3%E3%83%88%20%E3%81%BC%E3%81%A3%E3%81%A1%E3%83%BB%E3%81%96%E3%83%BB%E3%82%8D%E3%81%A3%E3%81%8F%21%20%E7%B5%90%E6%9D%9F%E3%83%90%E3%83%B3%E3%83%89%E3%83%A9%E3%82%A4%E3%83%96
1920,POP UP PARADE 천사 악마,POP UP PARADE 天使の悪魔,,피규어,체인소맨,굿스마일컴퍼니,,False,False,official_search,search_only,candidate_provider_script_required,10,POP UP PARADE 天使の悪魔,https://www.goodsmile.info/ja/products/search?utf8=%E2%9C%93&search%5Bquery%5D=POP%20UP%20PARADE%20%E5%A4%A9%E4%BD%BF%E3%81%AE%E6%82%AA%E9%AD%94
1921,Chokonose 카츠라기 산타,ちょこのせプレミアム 桂木サンタ,,피규어,체인소맨,FuRyu,,False,False,official_search,search_only,candidate_provider_script_required,10,ちょこのせプレミアム 桂木サンタ,https://furyuprize.com/search?keyword=%E3%81%A1%E3%82%87%E3%81%93%E3%81%AE%E3%81%9B%E3%83%97%E3%83%AC%E3%83%9F%E3%82%A2%E3%83%A0%20%E6%A1%82%E6%9C%A8%E3%82%B5%E3%83%B3%E3%82%BF
1922,POP UP PARADE 우솝,POP UP PARADE ウソップ,,피규어,원피스,굿스마일컴퍼니,,False,False,official_search,search_only,candidate_provider_script_required,10,POP UP PARADE ウソップ,https://www.goodsmile.info/ja/products/search?utf8=%E2%9C%93&search%5Bquery%5D=POP%20UP%20PARADE%20%E3%82%A6%E3%82%BD%E3%83%83%E3%83%97
1923,POP UP PARADE 토니토니 쵸파,POP UP PARADE トニートニー・チョッパー,,피규어,원피스,굿스마일컴퍼니,,False,False,official_search,search_only,candidate_provider_script_required,10,POP UP PARADE トニートニー・チョッパー,https://www.goodsmile.info/ja/products/search?utf8=%E2%9C%93&search%5Bquery%5D=POP%20UP%20PARADE%20%E3%83%88%E3%83%8B%E3%83%BC%E3%83%88%E3%83%8B%E3%83%BC%E3%83%BB%E3%83%81%E3%83%A7%E3%83%83%E3%83%91%E3%83%BC
1924,POP UP PARADE 니코 로빈,POP UP PARADE ニコ・ロビン,,피규어,원피스,굿스마일컴퍼니,,False,False,official_search,search_only,candidate_provider_script_required,10,POP UP PARADE ニコ・ロビン,https://www.goodsmile.info/ja/products/search?utf8=%E2%9C%93&search%5Bquery%5D=POP%20UP%20PARADE%20%E3%83%8B%E3%82%B3%E3%83%BB%E3%83%AD%E3%83%93%E3%83%B3
1925,POP UP PARADE 프랑키,POP UP PARADE フランキー,,피규어,원피스,굿스마일컴퍼니,,False,False,official_search,search_only,candidate_provider_script_required,10,POP UP PARADE フランキー,https://www.goodsmile.info/ja/products/search?utf8=%E2%9C%93&search%5Bquery%5D=POP%20UP%20PARADE%20%E3%83%95%E3%83%A9%E3%83%B3%E3%82%AD%E3%83%BC
1926,POP UP PARADE 브룩,POP UP PARADE ブルック,,피규어,원피스,굿스마일컴퍼니,,False,False,official_search,search_only,candidate_provider_script_required,10,POP UP PARADE ブルック,https://www.goodsmile.info/ja/products/search?utf8=%E2%9C%93&search%5Bquery%5D=POP%20UP%20PARADE%20%E3%83%96%E3%83%AB%E3%83%83%E3%82%AF
1927,POP UP PARADE 징베,POP UP PARADE ジンベエ,,피규어,원피스,굿스마일컴퍼니,,False,False,official_search,search_only,candidate_provider_script_required,10,POP UP PARADE ジンベエ,https://www.goodsmile.info/ja/products/search?utf8=%E2%9C%93&search%5Bquery%5D=POP%20UP%20PARADE%20%E3%82%B8%E3%83%B3%E3%83%99%E3%82%A8
1928,POP UP PARADE 사보,POP UP PARADE サボ,,피규어,원피스,굿스마일컴퍼니,,False,False,official_search,search_only,candidate_provider_script_required,10,POP UP PARADE サボ,https://www.goodsmile.info/ja/products/search?utf8=%E2%9C%93&search%5Bquery%5D=POP%20UP%20PARADE%20%E3%82%B5%E3%83%9C
1937,치비누이 루피,ちびぐるみ モンキー・D・ルフィ,,인형,원피스,엔스카이,,False,False,official_search,search_only,candidate_provider_script_required,10,ちびぐるみ モンキー・D・ルフィ,https://www.enskyshop.com/products/list?name=%E3%81%A1%E3%81%B3%E3%81%90%E3%82%8B%E3%81%BF%20%E3%83%A2%E3%83%B3%E3%82%AD%E3%83%BC%E3%83%BBD%E3%83%BB%E3%83%AB%E3%83%95%E3%82%A3
1938,치비누이 토니토니 쵸파,ちびぐるみ トニートニー・チョッパー,,인형,원피스,엔스카이,,False,False,official_search,search_only,candidate_provider_script_required,10,ちびぐるみ トニートニー・チョッパー,https://www.enskyshop.com/products/list?name=%E3%81%A1%E3%81%B3%E3%81%90%E3%82%8B%E3%81%BF%20%E3%83%88%E3%83%8B%E3%83%BC%E3%83%88%E3%83%8B%E3%83%BC%E3%83%BB%E3%83%81%E3%83%A7%E3%83%83%E3%83%91%E3%83%BC
1939,오만쥬 니기니기 원피스,おまんじゅうにぎにぎマスコット ONE PIECE,,마스코트,원피스,엔스카이,,False,False,official_search,search_only,candidate_provider_script_required,10,おまんじゅうにぎにぎマスコット ONE PIECE,https://www.enskyshop.com/products/list?name=%E3%81%8A%E3%81%BE%E3%82%93%E3%81%98%E3%82%85%E3%81%86%E3%81%AB%E3%81%8E%E3%81%AB%E3%81%8E%E3%83%9E%E3%82%B9%E3%82%B3%E3%83%83%E3%83%88%20ONE%20PIECE
1940,노루캬라 마스코트 원피스,のるキャラマスコット ONE PIECE,,마스코트,원피스,엔스카이,,False,False,official_search,search_only,candidate_provider_script_required,10,のるキャラマスコット ONE PIECE,https://www.enskyshop.com/products/list?name=%E3%81%AE%E3%82%8B%E3%82%AD%E3%83%A3%E3%83%A9%E3%83%9E%E3%82%B9%E3%82%B3%E3%83%83%E3%83%88%20ONE%20PIECE
1941,리멘트 원피스 월드 컬렉션,リーメント ONE PIECE ワールドコレクション,,피규어,원피스,Re-ment,,False,False,official_search,search_only,candidate_provider_script_required,10,リーメント ONE PIECE ワールドコレクション,https://www.re-ment.co.jp/?s=%E3%83%AA%E3%83%BC%E3%83%A1%E3%83%B3%E3%83%88%20ONE%20PIECE%20%E3%83%AF%E3%83%BC%E3%83%AB%E3%83%89%E3%82%B3%E3%83%AC%E3%82%AF%E3%82%B7%E3%83%A7%E3%83%B3
1949,POP UP PARADE 미카사 아커만,POP UP PARADE ミカサ・アッカーマン,,피규어,진격의 거인,굿스마일컴퍼니,,False,False,official_search,search_only,candidate_provider_script_required,10,POP UP PARADE ミカサ・アッカーマン,https://www.goodsmile.info/ja/products/search?utf8=%E2%9C%93&search%5Bquery%5D=POP%20UP%20PARADE%20%E3%83%9F%E3%82%AB%E3%82%B5%E3%83%BB%E3%82%A2%E3%83%83%E3%82%AB%E3%83%BC%E3%83%9E%E3%83%B3
1952,ARTFX J 리바이,ARTFX J リヴァイ,,피규어,진격의 거인,코토부키야,,False,False,official_search,search_only,candidate_provider_script_required,10,ARTFX J リヴァイ,https://shop.kotobukiya.co.jp/shop/goods/search.aspx?search=x&keyword=ARTFX%20J%20%E3%83%AA%E3%83%B4%E3%82%A1%E3%82%A4
1953,ARTFX J 미카사 아커만,ARTFX J ミカサ・アッカーマン,,피규어,진격의 거인,코토부키야,,False,False,official_search,search_only,candidate_provider_script_required,10,ARTFX J ミカサ・アッカーマン,https://shop.kotobukiya.co.jp/shop/goods/search.aspx?search=x&keyword=ARTFX%20J%20%E3%83%9F%E3%82%AB%E3%82%B5%E3%83%BB%E3%82%A2%E3%83%83%E3%82%AB%E3%83%BC%E3%83%9E%E3%83%B3
1954,ARTFX J 엘렌 예거,ARTFX J エレン・イェーガー,,피규어,진격의 거인,코토부키야,,False,False,official_search,search_only,candidate_provider_script_required,10,ARTFX J エレン・イェーガー,https://shop.kotobukiya.co.jp/shop/goods/search.aspx?search=x&keyword=ARTFX%20J%20%E3%82%A8%E3%83%AC%E3%83%B3%E3%83%BB%E3%82%A4%E3%82%A7%E3%83%BC%E3%82%AC%E3%83%BC
1964,진격의 거인 캔뱃지 세트 (조사병단),進撃の巨人 缶バッジセット (調査兵団),,캔뱃지,진격의 거인,애니메이트,,False,False,official_search,search_only,candidate_provider_script_required,10,進撃の巨人 缶バッジセット (調査兵団),https://www.animate-onlineshop.jp/products/list.php?mode=search&smt=%E9%80%B2%E6%92%83%E3%81%AE%E5%B7%A8%E4%BA%BA%20%E7%BC%B6%E3%83%90%E3%83%83%E3%82%B8%E3%82%BB%E3%83%83%E3%83%88%20%28%E8%AA%BF%E6%9F%BB%E5%85%B5%E5%9B%A3%29
1968,진격의 거인 러버 마스코트 (리바이),進撃の巨人 ラバーマスコット (リヴァイ),,마스코트,진격의 거인,애니메이트,,False,False,official_search,search_only,candidate_provider_script_required,10,進撃の巨人 ラバーマスコット (リヴァイ),https://www.animate-onlineshop.jp/products/list.php?mode=search&smt=%E9%80%B2%E6%92%83%E3%81%AE%E5%B7%A8%E4%BA%BA%20%E3%83%A9%E3%83%90%E3%83%BC%E3%83%9E%E3%82%B9%E3%82%B3%E3%83%83%E3%83%88%20%28%E3%83%AA%E3%83%B4%E3%82%A1%E3%82%A4%29
1974,진격의 거인 디포르메 아크릴 마스코트 (조사병단),進撃の巨人 デフォルメアクリルマスコット,,마스코트,진격의 거인,애니메이트,,False,False,official_search,search_only,candidate_provider_script_required,10,進撃の巨人 デフォルメアクリルマスコット,https://www.animate-onlineshop.jp/products/list.php?mode=search&smt=%E9%80%B2%E6%92%83%E3%81%AE%E5%B7%A8%E4%BA%BA%20%E3%83%87%E3%83%95%E3%82%A9%E3%83%AB%E3%83%A1%E3%82%A2%E3%82%AF%E3%83%AA%E3%83%AB%E3%83%9E%E3%82%B9%E3%82%B3%E3%83%83%E3%83%88
1975,Mensore 리바이 봉제 인형,メンソーレ リヴァイ ぬいぐるみ,,인형,진격의 거인,애니메이트,,False,False,official_search,search_only,candidate_provider_script_required,10,メンソーレ リヴァイ ぬいぐるみ,https://www.animate-onlineshop.jp/products/list.php?mode=search&smt=%E3%83%A1%E3%83%B3%E3%82%BD%E3%83%BC%E3%83%AC%20%E3%83%AA%E3%83%B4%E3%82%A1%E3%82%A4%20%E3%81%AC%E3%81%84%E3%81%90%E3%82%8B%E3%81%BF
1983,POP UP PARADE 쿠로카와 아카네,POP UP PARADE 黒川あかね,,피규어,최애의 아이,굿스마일컴퍼니,,False,False,official_search,search_only,candidate_provider_script_required,10,POP UP PARADE 黒川あかね,https://www.goodsmile.info/ja/products/search?utf8=%E2%9C%93&search%5Bquery%5D=POP%20UP%20PARADE%20%E9%BB%92%E5%B7%9D%E3%81%82%E3%81%8B%E3%81%AD
1984,ARTFX J 호시노 아이,ARTFX J 星野アイ,,피규어,최애의 아이,코토부키야,,False,False,official_search,search_only,candidate_provider_script_required,10,ARTFX J 星野アイ,https://shop.kotobukiya.co.jp/shop/goods/search.aspx?search=x&keyword=ARTFX%20J%20%E6%98%9F%E9%87%8E%E3%82%A2%E3%82%A4
1988,최애의 아이 봉제 인형 (호시노 아이),推しの子 ぬいぐるみ (星野アイ),,인형,최애의 아이,애니메이트,,False,False,official_search,search_only,candidate_provider_script_required,10,推しの子 ぬいぐるみ (星野アイ),https://www.animate-onlineshop.jp/products/list.php?mode=search&smt=%E6%8E%A8%E3%81%97%E3%81%AE%E5%AD%90%20%E3%81%AC%E3%81%84%E3%81%90%E3%82%8B%E3%81%BF%20%28%E6%98%9F%E9%87%8E%E3%82%A2%E3%82%A4%29
1991,최애의 아이 아크릴 스탠드 (카나),推しの子 アクリルスタンド (かな),,아크릴 스탠드,최애의 아이,애니메이트,,False,False,official_search,search_only,candidate_provider_script_required,10,推しの子 アクリルスタンド (かな),https://www.animate-onlineshop.jp/products/list.php?mode=search&smt=%E6%8E%A8%E3%81%97%E3%81%AE%E5%AD%90%20%E3%82%A2%E3%82%AF%E3%83%AA%E3%83%AB%E3%82%B9%E3%82%BF%E3%83%B3%E3%83%89%20%28%E3%81%8B%E3%81%AA%29
1994,최애의 아이 캔뱃지 (호시노 아이),推しの子 缶バッジ (星野アイ),,캔뱃지,최애의 아이,애니메이트,,False,False,official_search,search_only,candidate_provider_script_required,10,推しの子 缶バッジ (星野アイ),https://www.animate-onlineshop.jp/products/list.php?mode=search&smt=%E6%8E%A8%E3%81%97%E3%81%AE%E5%AD%90%20%E7%BC%B6%E3%83%90%E3%83%83%E3%82%B8%20%28%E6%98%9F%E9%87%8E%E3%82%A2%E3%82%A4%29
1995,최애의 아이 키링 (호시노 아이),推しの子 キーホルダー (星野アイ),,키링,최애의 아이,애니메이트,,False,False,official_search,search_only,candidate_provider_script_required,10,推しの子 キーホルダー (星野アイ),https://www.animate-onlineshop.jp/products/list.php?mode=search&smt=%E6%8E%A8%E3%81%97%E3%81%AE%E5%AD%90%20%E3%82%AD%E3%83%BC%E3%83%9B%E3%83%AB%E3%83%80%E3%83%BC%20%28%E6%98%9F%E9%87%8E%E3%82%A2%E3%82%A4%29
1998,최애의 아이 태피스트리 (호시노 아이),推しの子 タペストリー (星野アイ),,태피스트리,최애의 아이,애니메이트,,False,False,official_search,search_only,candidate_provider_script_required,10,推しの子 タペストリー (星野アイ),https://www.animate-onlineshop.jp/products/list.php?mode=search&smt=%E6%8E%A8%E3%81%97%E3%81%AE%E5%AD%90%20%E3%82%BF%E3%83%9A%E3%82%B9%E3%83%88%E3%83%AA%E3%83%BC%20%28%E6%98%9F%E9%87%8E%E3%82%A2%E3%82%A4%29
2000,최애의 아이 디포르메 러버 마스코트,推しの子 デフォルメラバーマスコット,,마스코트,최애의 아이,애니메이트,,False,False,official_search,search_only,candidate_provider_script_required,10,推しの子 デフォルメラバーマスコット,https://www.animate-onlineshop.jp/products/list.php?mode=search&smt=%E6%8E%A8%E3%81%97%E3%81%AE%E5%AD%90%20%E3%83%87%E3%83%95%E3%82%A9%E3%83%AB%E3%83%A1%E3%83%A9%E3%83%90%E3%83%BC%E3%83%9E%E3%82%B9%E3%82%B3%E3%83%83%E3%83%88
2010,POP UP PARADE 베아트리스,POP UP PARADE ベアトリス,,피규어,리제로,굿스마일컴퍼니,,False,False,official_search,search_only,candidate_provider_script_required,10,POP UP PARADE ベアトリス,https://www.goodsmile.info/ja/products/search?utf8=%E2%9C%93&search%5Bquery%5D=POP%20UP%20PARADE%20%E3%83%99%E3%82%A2%E3%83%88%E3%83%AA%E3%82%B9
2011,ARTFX J 렘,ARTFX J レム,,피규어,리제로,코토부키야,,False,False,official_search,search_only,candidate_provider_script_required,10,ARTFX J レム,https://shop.kotobukiya.co.jp/shop/goods/search.aspx?search=x&keyword=ARTFX%20J%20%E3%83%AC%E3%83%A0
2012,ARTFX J 람,ARTFX J ラム,,피규어,리제로,코토부키야,,False,False,official_search,search_only,candidate_provider_script_required,10,ARTFX J ラム,https://shop.kotobukiya.co.jp/shop/goods/search.aspx?search=x&keyword=ARTFX%20J%20%E3%83%A9%E3%83%A0
2013,ARTFX J 에밀리아,ARTFX J エミリア,,피규어,리제로,코토부키야,,False,False,official_search,search_only,candidate_provider_script_required,10,ARTFX J エミリア,https://shop.kotobukiya.co.jp/shop/goods/search.aspx?search=x&keyword=ARTFX%20J%20%E3%82%A8%E3%83%9F%E3%83%AA%E3%82%A2
2014,Q posket 렘,Q posket レム,,피규어,리제로,Banpresto,,False,False,official_search,search_only,candidate_provider_script_required,10,Q posket レム,https://bsp-prize.jp/search/?q=Q%20posket%20%E3%83%AC%E3%83%A0
2015,Q posket 람,Q posket ラム,,피규어,리제로,Banpresto,,False,False,official_search,search_only,candidate_provider_script_required,10,Q posket ラム,https://bsp-prize.jp/search/?q=Q%20posket%20%E3%83%A9%E3%83%A0
2016,Q posket 에밀리아,Q posket エミリア,,피규어,리제로,Banpresto,,False,False,official_search,search_only,candidate_provider_script_required,10,Q posket エミリア,https://bsp-prize.jp/search/?q=Q%20posket%20%E3%82%A8%E3%83%9F%E3%83%AA%E3%82%A2
2017,Espresto 렘,エスプレスト レム,,피규어,리제로,Banpresto,,False,False,official_search,search_only,candidate_provider_script_required,10,エスプレスト レム,https://bsp-prize.jp/search/?q=%E3%82%A8%E3%82%B9%E3%83%97%E3%83%AC%E3%82%B9%E3%83%88%20%E3%83%AC%E3%83%A0
2037,리제로 트레이딩 아크릴 (렘 의상시리즈),Re:ゼロ トレーディングアクリル (レム衣装),,아크릴 스탠드,리제로,애니메이트,,False,False,official_search,search_only,candidate_provider_script_required,10,Re:ゼロ トレーディングアクリル (レム衣装),https://www.animate-onlineshop.jp/products/list.php?mode=search&smt=Re%3A%E3%82%BC%E3%83%AD%20%E3%83%88%E3%83%AC%E3%83%BC%E3%83%87%E3%82%A3%E3%83%B3%E3%82%B0%E3%82%A2%E3%82%AF%E3%83%AA%E3%83%AB%20%28%E3%83%AC%E3%83%A0%E8%A1%A3%E8%A3%85%29
2038,넨도로이드 마히토,ねんどろいど 真人,,피규어,주술회전,굿스마일컴퍼니,,False,False,official_search,search_only,candidate_provider_script_required,10,ねんどろいど 真人,https://www.goodsmile.info/ja/products/search?utf8=%E2%9C%93&search%5Bquery%5D=%E3%81%AD%E3%82%93%E3%81%A9%E3%82%8D%E3%81%84%E3%81%A9%20%E7%9C%9F%E4%BA%BA
2039,POP UP PARADE 마히토,POP UP PARADE 真人,,피규어,주술회전,굿스마일컴퍼니,,False,False,official_search,search_only,candidate_provider_script_required,10,POP UP PARADE 真人,https://www.goodsmile.info/ja/products/search?utf8=%E2%9C%93&search%5Bquery%5D=POP%20UP%20PARADE%20%E7%9C%9F%E4%BA%BA
2040,ARTFX J 마히토,ARTFX J 真人,,피규어,주술회전,코토부키야,,False,False,official_search,search_only,candidate_provider_script_required,10,ARTFX J 真人,https://shop.kotobukiya.co.jp/shop/goods/search.aspx?search=x&keyword=ARTFX%20J%20%E7%9C%9F%E4%BA%BA
2042,주술회전 디포르메 아크릴 마스코트 (마히토),呪術廻戦 デフォルメアクリルマスコット (真人),,마스코트,주술회전,애니메이트,,False,False,official_search,search_only,candidate_provider_script_required,10,呪術廻戦 デフォルメアクリルマスコット (真人),https://www.animate-onlineshop.jp/products/list.php?mode=search&smt=%E5%91%AA%E8%A1%93%E5%BB%BB%E6%88%A6%20%E3%83%87%E3%83%95%E3%82%A9%E3%83%AB%E3%83%A1%E3%82%A2%E3%82%AF%E3%83%AA%E3%83%AB%E3%83%9E%E3%82%B9%E3%82%B3%E3%83%83%E3%83%88%20%28%E7%9C%9F%E4%BA%BA%29
2045,주술회전 러버 마스코트 (마히토),呪術廻戦 ラバーマスコット (真人),,마스코트,주술회전,애니메이트,,False,False,official_search,search_only,candidate_provider_script_required,10,呪術廻戦 ラバーマスコット (真人),https://www.animate-onlineshop.jp/products/list.php?mode=search&smt=%E5%91%AA%E8%A1%93%E5%BB%BB%E6%88%A6%20%E3%83%A9%E3%83%90%E3%83%BC%E3%83%9E%E3%82%B9%E3%82%B3%E3%83%83%E3%83%88%20%28%E7%9C%9F%E4%BA%BA%29
2053,넨도로이드 시즈에 이자와,ねんどろいど 井沢静江,,피규어,전생슬,굿스마일컴퍼니,,False,False,official_search,search_only,candidate_provider_script_required,10,ねんどろいど 井沢静江,https://www.goodsmile.info/ja/products/search?utf8=%E2%9C%93&search%5Bquery%5D=%E3%81%AD%E3%82%93%E3%81%A9%E3%82%8D%E3%81%84%E3%81%A9%20%E4%BA%95%E6%B2%A2%E9%9D%99%E6%B1%9F
2058,POP UP PARADE 디아블로,POP UP PARADE ディアブロ,,피규어,전생슬,굿스마일컴퍼니,,False,False,official_search,search_only,candidate_provider_script_required,10,POP UP PARADE ディアブロ,https://www.goodsmile.info/ja/products/search?utf8=%E2%9C%93&search%5Bquery%5D=POP%20UP%20PARADE%20%E3%83%87%E3%82%A3%E3%82%A2%E3%83%96%E3%83%AD
2059,ARTFX J 리무루 템페스트,ARTFX J リムル＝テンペスト,,피규어,전생슬,코토부키야,,False,False,official_search,search_only,candidate_provider_script_required,10,ARTFX J リムル＝テンペスト,https://shop.kotobukiya.co.jp/shop/goods/search.aspx?search=x&keyword=ARTFX%20J%20%E3%83%AA%E3%83%A0%E3%83%AB%EF%BC%9D%E3%83%86%E3%83%B3%E3%83%9A%E3%82%B9%E3%83%88
2060,전생슬 봉제 인형 (리무루 슬라임),転スラ ぬいぐるみ (スライム リムル),,인형,전생슬,애니메이트,,False,False,official_search,search_only,candidate_provider_script_required,10,転スラ ぬいぐるみ (スライム リムル),https://www.animate-onlineshop.jp/products/list.php?mode=search&smt=%E8%BB%A2%E3%82%B9%E3%83%A9%20%E3%81%AC%E3%81%84%E3%81%90%E3%82%8B%E3%81%BF%20%28%E3%82%B9%E3%83%A9%E3%82%A4%E3%83%A0%20%E3%83%AA%E3%83%A0%E3%83%AB%29
2061,전생슬 봉제 인형 (리무루 인간형),転スラ ぬいぐるみ (人型リムル),,인형,전생슬,애니메이트,,False,False,official_search,search_only,candidate_provider_script_required,10,転スラ ぬいぐるみ (人型リムル),https://www.animate-onlineshop.jp/products/list.php?mode=search&smt=%E8%BB%A2%E3%82%B9%E3%83%A9%20%E3%81%AC%E3%81%84%E3%81%90%E3%82%8B%E3%81%BF%20%28%E4%BA%BA%E5%9E%8B%E3%83%AA%E3%83%A0%E3%83%AB%29
2062,전생슬 봉제 인형 (밀림),転スラ ぬいぐるみ (ミリム),,인형,전생슬,애니메이트,,False,False,official_search,search_only,candidate_provider_script_required,10,転スラ ぬいぐるみ (ミリム),https://www.animate-onlineshop.jp/products/list.php?mode=search&smt=%E8%BB%A2%E3%82%B9%E3%83%A9%20%E3%81%AC%E3%81%84%E3%81%90%E3%82%8B%E3%81%BF%20%28%E3%83%9F%E3%83%AA%E3%83%A0%29
2066,전생슬 아크릴 스탠드 (베니마루),転スラ アクリルスタンド (紅丸),,아크릴 스탠드,전생슬,애니메이트,,False,False,official_search,search_only,candidate_provider_script_required,10,転スラ アクリルスタンド (紅丸),https://www.animate-onlineshop.jp/products/list.php?mode=search&smt=%E8%BB%A2%E3%82%B9%E3%83%A9%20%E3%82%A2%E3%82%AF%E3%83%AA%E3%83%AB%E3%82%B9%E3%82%BF%E3%83%B3%E3%83%89%20%28%E7%B4%85%E4%B8%B8%29
2067,전생슬 아크릴 스탠드 (디아블로),転スラ アクリルスタンド (ディアブロ),,아크릴 스탠드,전생슬,애니메이트,,False,False,official_search,search_only,candidate_provider_script_required,10,転スラ アクリルスタンド (ディアブロ),https://www.animate-onlineshop.jp/products/list.php?mode=search&smt=%E8%BB%A2%E3%82%B9%E3%83%A9%20%E3%82%A2%E3%82%AF%E3%83%AA%E3%83%AB%E3%82%B9%E3%82%BF%E3%83%B3%E3%83%89%20%28%E3%83%87%E3%82%A3%E3%82%A2%E3%83%96%E3%83%AD%29
2068,전생슬 캔뱃지 (랜덤),転スラ 缶バッジ (ランダム),,캔뱃지,전생슬,애니메이트,,False,False,official_search,search_only,candidate_provider_script_required,10,転スラ 缶バッジ (ランダム),https://www.animate-onlineshop.jp/products/list.php?mode=search&smt=%E8%BB%A2%E3%82%B9%E3%83%A9%20%E7%BC%B6%E3%83%90%E3%83%83%E3%82%B8%20%28%E3%83%A9%E3%83%B3%E3%83%80%E3%83%A0%29
2069,전생슬 키링 (리무루 슬라임),転スラ キーホルダー (スライム),,키링,전생슬,애니메이트,,False,False,official_search,search_only,candidate_provider_script_required,10,転スラ キーホルダー (スライム),https://www.animate-onlineshop.jp/products/list.php?mode=search&smt=%E8%BB%A2%E3%82%B9%E3%83%A9%20%E3%82%AD%E3%83%BC%E3%83%9B%E3%83%AB%E3%83%80%E3%83%BC%20%28%E3%82%B9%E3%83%A9%E3%82%A4%E3%83%A0%29
2070,전생슬 러버 마스코트 (리무루),転スラ ラバーマスコット (リムル),,마스코트,전생슬,애니메이트,,False,False,official_search,search_only,candidate_provider_script_required,10,転スラ ラバーマスコット (リムル),https://www.animate-onlineshop.jp/products/list.php?mode=search&smt=%E8%BB%A2%E3%82%B9%E3%83%A9%20%E3%83%A9%E3%83%90%E3%83%BC%E3%83%9E%E3%82%B9%E3%82%B3%E3%83%83%E3%83%88%20%28%E3%83%AA%E3%83%A0%E3%83%AB%29
2072,전생슬 클리어 파일 (템페스트 연방국),転スラ クリアファイル,,문구,전생슬,애니메이트,,False,False,official_search,search_only,candidate_provider_script_required,10,転スラ クリアファイル,https://www.animate-onlineshop.jp/products/list.php?mode=search&smt=%E8%BB%A2%E3%82%B9%E3%83%A9%20%E3%82%AF%E3%83%AA%E3%82%A2%E3%83%95%E3%82%A1%E3%82%A4%E3%83%AB
2074,단간론파 봉제 인형 (모노쿠마),ダンガンロンパ ぬいぐるみ (モノクマ),,인형,단간론파,애니메이트,,False,False,official_search,search_only,candidate_provider_script_required,10,ダンガンロンパ ぬいぐるみ (モノクマ),https://www.animate-onlineshop.jp/products/list.php?mode=search&smt=%E3%83%80%E3%83%B3%E3%82%AC%E3%83%B3%E3%83%AD%E3%83%B3%E3%83%91%20%E3%81%AC%E3%81%84%E3%81%90%E3%82%8B%E3%81%BF%20%28%E3%83%A2%E3%83%8E%E3%82%AF%E3%83%9E%29
2077,단간론파 캔뱃지 (모노쿠마),ダンガンロンパ 缶バッジ (モノクマ),,캔뱃지,단간론파,애니메이트,,False,False,official_search,search_only,candidate_provider_script_required,10,ダンガンロンパ 缶バッジ (モノクマ),https://www.animate-onlineshop.jp/products/list.php?mode=search&smt=%E3%83%80%E3%83%B3%E3%82%AC%E3%83%B3%E3%83%AD%E3%83%B3%E3%83%91%20%E7%BC%B6%E3%83%90%E3%83%83%E3%82%B8%20%28%E3%83%A2%E3%83%8E%E3%82%AF%E3%83%9E%29
2080,단간론파 키링 (코마에다),ダンガンロンパ キーホルダー (狛枝),,키링,단간론파,애니메이트,,False,False,official_search,search_only,candidate_provider_script_required,10,ダンガンロンパ キーホルダー (狛枝),https://www.animate-onlineshop.jp/products/list.php?mode=search&smt=%E3%83%80%E3%83%B3%E3%82%AC%E3%83%B3%E3%83%AD%E3%83%B3%E3%83%91%20%E3%82%AD%E3%83%BC%E3%83%9B%E3%83%AB%E3%83%80%E3%83%BC%20%28%E7%8B%9B%E6%9E%9D%29
2081,단간론파 클리어 파일 (V3 캐스트),ダンガンロンパ クリアファイル (V3キャスト),,문구,단간론파,애니메이트,,False,False,official_search,search_only,candidate_provider_script_required,10,ダンガンロンパ クリアファイル (V3キャスト),https://www.animate-onlineshop.jp/products/list.php?mode=search&smt=%E3%83%80%E3%83%B3%E3%82%AC%E3%83%B3%E3%83%AD%E3%83%B3%E3%83%91%20%E3%82%AF%E3%83%AA%E3%82%A2%E3%83%95%E3%82%A1%E3%82%A4%E3%83%AB%20%28V3%E3%82%AD%E3%83%A3%E3%82%B9%E3%83%88%29
2082,단간론파 머그컵 (모노쿠마),ダンガンロンパ マグカップ (モノクマ),,머그컵,단간론파,애니메이트,,False,False,official_search,search_only,candidate_provider_script_required,10,ダンガンロンパ マグカップ (モノクマ),https://www.animate-onlineshop.jp/products/list.php?mode=search&smt=%E3%83%80%E3%83%B3%E3%82%AC%E3%83%B3%E3%83%AD%E3%83%B3%E3%83%91%20%E3%83%9E%E3%82%B0%E3%82%AB%E3%83%83%E3%83%97%20%28%E3%83%A2%E3%83%8E%E3%82%AF%E3%83%9E%29
2083,단간론파 러버 마스코트 (모노쿠마),ダンガンロンパ ラバーマスコット (モノクマ),,마스코트,단간론파,애니메이트,,False,False,official_search,search_only,candidate_provider_script_required,10,ダンガンロンパ ラバーマスコット (モノクマ),https://www.animate-onlineshop.jp/products/list.php?mode=search&smt=%E3%83%80%E3%83%B3%E3%82%AC%E3%83%B3%E3%83%AD%E3%83%B3%E3%83%91%20%E3%83%A9%E3%83%90%E3%83%BC%E3%83%9E%E3%82%B9%E3%82%B3%E3%83%83%E3%83%88%20%28%E3%83%A2%E3%83%8E%E3%82%AF%E3%83%9E%29
2084,단간론파 러버 마스코트 (코마에다),ダンガンロンパ ラバーマスコット (狛枝),,마스코트,단간론파,애니메이트,,False,False,official_search,search_only,candidate_provider_script_required,10,ダンガンロンパ ラバーマスコット (狛枝),https://www.animate-onlineshop.jp/products/list.php?mode=search&smt=%E3%83%80%E3%83%B3%E3%82%AC%E3%83%B3%E3%83%AD%E3%83%B3%E3%83%91%20%E3%83%A9%E3%83%90%E3%83%BC%E3%83%9E%E3%82%B9%E3%82%B3%E3%83%83%E3%83%88%20%28%E7%8B%9B%E6%9E%9D%29
2085,단간론파 태피스트리 (모노쿠마),ダンガンロンパ タペストリー (モノクマ),,태피스트리,단간론파,애니메이트,,False,False,official_search,search_only,candidate_provider_script_required,10,ダンガンロンパ タペストリー (モノクマ),https://www.animate-onlineshop.jp/products/list.php?mode=search&smt=%E3%83%80%E3%83%B3%E3%82%AC%E3%83%B3%E3%83%AD%E3%83%B3%E3%83%91%20%E3%82%BF%E3%83%9A%E3%82%B9%E3%83%88%E3%83%AA%E3%83%BC%20%28%E3%83%A2%E3%83%8E%E3%82%AF%E3%83%9E%29
2088,슈타인즈게이트 아크릴 스탠드 (오카베 린타로),シュタインズ・ゲート アクリルスタンド (岡部倫太郎),,아크릴 스탠드,슈타인즈게이트,애니메이트,,False,False,official_search,search_only,candidate_provider_script_required,10,シュタインズ・ゲート アクリルスタンド (岡部倫太郎),https://www.animate-onlineshop.jp/products/list.php?mode=search&smt=%E3%82%B7%E3%83%A5%E3%82%BF%E3%82%A4%E3%83%B3%E3%82%BA%E3%83%BB%E3%82%B2%E3%83%BC%E3%83%88%20%E3%82%A2%E3%82%AF%E3%83%AA%E3%83%AB%E3%82%B9%E3%82%BF%E3%83%B3%E3%83%89%20%28%E5%B2%A1%E9%83%A8%E5%80%AB%E5%A4%AA%E9%83%8E%29
2091,슈타인즈게이트 아크릴 스탠드 (하시다 이타루),シュタインズ・ゲート アクリルスタンド (橋田至),,아크릴 스탠드,슈타인즈게이트,애니메이트,,False,False,official_search,search_only,candidate_provider_script_required,10,シュタインズ・ゲート アクリルスタンド (橋田至),https://www.animate-onlineshop.jp/products/list.php?mode=search&smt=%E3%82%B7%E3%83%A5%E3%82%BF%E3%82%A4%E3%83%B3%E3%82%BA%E3%83%BB%E3%82%B2%E3%83%BC%E3%83%88%20%E3%82%A2%E3%82%AF%E3%83%AA%E3%83%AB%E3%82%B9%E3%82%BF%E3%83%B3%E3%83%89%20%28%E6%A9%8B%E7%94%B0%E8%87%B3%29
2092,슈타인즈게이트 아크릴 스탠드 (페이리스 NyanNyan),シュタインズ・ゲート アクリルスタンド (フェイリス・ニャンニャン),,아크릴 스탠드,슈타인즈게이트,애니메이트,,False,False,official_search,search_only,candidate_provider_script_required,10,シュタインズ・ゲート アクリルスタンド (フェイリス・ニャンニャン),https://www.animate-onlineshop.jp/products/list.php?mode=search&smt=%E3%82%B7%E3%83%A5%E3%82%BF%E3%82%A4%E3%83%B3%E3%82%BA%E3%83%BB%E3%82%B2%E3%83%BC%E3%83%88%20%E3%82%A2%E3%82%AF%E3%83%AA%E3%83%AB%E3%82%B9%E3%82%BF%E3%83%B3%E3%83%89%20%28%E3%83%95%E3%82%A7%E3%82%A4%E3%83%AA%E3%82%B9%E3%83%BB%E3%83%8B%E3%83%A3%E3%83%B3%E3%83%8B%E3%83%A3%E3%83%B3%29
2094,슈타인즈게이트 아크릴 스탠드 (우루시바라 루카),シュタインズ・ゲート アクリルスタンド (漆原るか),,아크릴 스탠드,슈타인즈게이트,애니메이트,,False,False,official_search,search_only,candidate_provider_script_required,10,シュタインズ・ゲート アクリルスタンド (漆原るか),https://www.animate-onlineshop.jp/products/list.php?mode=search&smt=%E3%82%B7%E3%83%A5%E3%82%BF%E3%82%A4%E3%83%B3%E3%82%BA%E3%83%BB%E3%82%B2%E3%83%BC%E3%83%88%20%E3%82%A2%E3%82%AF%E3%83%AA%E3%83%AB%E3%82%B9%E3%82%BF%E3%83%B3%E3%83%89%20%28%E6%BC%86%E5%8E%9F%E3%82%8B%E3%81%8B%29
2095,슈타인즈게이트 캔뱃지 (오카베),シュタインズ・ゲート 缶バッジ (岡部),,캔뱃지,슈타인즈게이트,애니메이트,,False,False,official_search,search_only,candidate_provider_script_required,10,シュタインズ・ゲート 缶バッジ (岡部),https://www.animate-onlineshop.jp/products/list.php?mode=search&smt=%E3%82%B7%E3%83%A5%E3%82%BF%E3%82%A4%E3%83%B3%E3%82%BA%E3%83%BB%E3%82%B2%E3%83%BC%E3%83%88%20%E7%BC%B6%E3%83%90%E3%83%83%E3%82%B8%20%28%E5%B2%A1%E9%83%A8%29
2096,슈타인즈게이트 캔뱃지 (크리스),シュタインズ・ゲート 缶バッジ (紅莉栖),,캔뱃지,슈타인즈게이트,애니메이트,,False,False,official_search,search_only,candidate_provider_script_required,10,シュタインズ・ゲート 缶バッジ (紅莉栖),https://www.animate-onlineshop.jp/products/list.php?mode=search&smt=%E3%82%B7%E3%83%A5%E3%82%BF%E3%82%A4%E3%83%B3%E3%82%BA%E3%83%BB%E3%82%B2%E3%83%BC%E3%83%88%20%E7%BC%B6%E3%83%90%E3%83%83%E3%82%B8%20%28%E7%B4%85%E8%8E%89%E6%A0%96%29
2097,슈타인즈게이트 트레이딩 캔뱃지 (랜덤),シュタインズ・ゲート トレーディング缶バッジ,,캔뱃지,슈타인즈게이트,애니메이트,,False,False,official_search,search_only,candidate_provider_script_required,10,シュタインズ・ゲート トレーディング缶バッジ,https://www.animate-onlineshop.jp/products/list.php?mode=search&smt=%E3%82%B7%E3%83%A5%E3%82%BF%E3%82%A4%E3%83%B3%E3%82%BA%E3%83%BB%E3%82%B2%E3%83%BC%E3%83%88%20%E3%83%88%E3%83%AC%E3%83%BC%E3%83%87%E3%82%A3%E3%83%B3%E3%82%B0%E7%BC%B6%E3%83%90%E3%83%83%E3%82%B8
2098,슈타인즈게이트 키링 (오카베 린타로),シュタインズ・ゲート キーホルダー (岡部倫太郎),,키링,슈타인즈게이트,애니메이트,,False,False,official_search,search_only,candidate_provider_script_required,10,シュタインズ・ゲート キーホルダー (岡部倫太郎),https://www.animate-onlineshop.jp/products/list.php?mode=search&smt=%E3%82%B7%E3%83%A5%E3%82%BF%E3%82%A4%E3%83%B3%E3%82%BA%E3%83%BB%E3%82%B2%E3%83%BC%E3%83%88%20%E3%82%AD%E3%83%BC%E3%83%9B%E3%83%AB%E3%83%80%E3%83%BC%20%28%E5%B2%A1%E9%83%A8%E5%80%AB%E5%A4%AA%E9%83%8E%29
2099,슈타인즈게이트 키링 (마유시이),シュタインズ・ゲート キーホルダー (まゆしぃ),,키링,슈타인즈게이트,애니메이트,,False,False,official_search,search_only,candidate_provider_script_required,10,シュタインズ・ゲート キーホルダー (まゆしぃ),https://www.animate-onlineshop.jp/products/list.php?mode=search&smt=%E3%82%B7%E3%83%A5%E3%82%BF%E3%82%A4%E3%83%B3%E3%82%BA%E3%83%BB%E3%82%B2%E3%83%BC%E3%83%88%20%E3%82%AD%E3%83%BC%E3%83%9B%E3%83%AB%E3%83%80%E3%83%BC%20%28%E3%81%BE%E3%82%86%E3%81%97%E3%81%83%29
2100,슈타인즈게이트 러버 스트랩 (오카베),シュタインズ・ゲート ラバーストラップ (岡部),,키링,슈타인즈게이트,애니메이트,,False,False,official_search,search_only,candidate_provider_script_required,10,シュタインズ・ゲート ラバーストラップ (岡部),https://www.animate-onlineshop.jp/products/list.php?mode=search&smt=%E3%82%B7%E3%83%A5%E3%82%BF%E3%82%A4%E3%83%B3%E3%82%BA%E3%83%BB%E3%82%B2%E3%83%BC%E3%83%88%20%E3%83%A9%E3%83%90%E3%83%BC%E3%82%B9%E3%83%88%E3%83%A9%E3%83%83%E3%83%97%20%28%E5%B2%A1%E9%83%A8%29
2101,슈타인즈게이트 러버 스트랩 (크리스),シュタインズ・ゲート ラバーストラップ (紅莉栖),,키링,슈타인즈게이트,애니메이트,,False,False,official_search,search_only,candidate_provider_script_required,10,シュタインズ・ゲート ラバーストラップ (紅莉栖),https://www.animate-onlineshop.jp/products/list.php?mode=search&smt=%E3%82%B7%E3%83%A5%E3%82%BF%E3%82%A4%E3%83%B3%E3%82%BA%E3%83%BB%E3%82%B2%E3%83%BC%E3%83%88%20%E3%83%A9%E3%83%90%E3%83%BC%E3%82%B9%E3%83%88%E3%83%A9%E3%83%83%E3%83%97%20%28%E7%B4%85%E8%8E%89%E6%A0%96%29
2102,슈타인즈게이트 머그컵 (미래 가젯 연구소),シュタインズ・ゲート マグカップ (未来ガジェット研究所),,머그컵,슈타인즈게이트,애니메이트,,False,False,official_search,search_only,candidate_provider_script_required,10,シュタインズ・ゲート マグカップ (未来ガジェット研究所),https://www.animate-onlineshop.jp/products/list.php?mode=search&smt=%E3%82%B7%E3%83%A5%E3%82%BF%E3%82%A4%E3%83%B3%E3%82%BA%E3%83%BB%E3%82%B2%E3%83%BC%E3%83%88%20%E3%83%9E%E3%82%B0%E3%82%AB%E3%83%83%E3%83%97%20%28%E6%9C%AA%E6%9D%A5%E3%82%AC%E3%82%B8%E3%82%A7%E3%83%83%E3%83%88%E7%A0%94%E7%A9%B6%E6%89%80%29
2103,슈타인즈게이트 클리어 파일 (라보 멤버),シュタインズ・ゲート クリアファイル (ラボメン),,문구,슈타인즈게이트,애니메이트,,False,False,official_search,search_only,candidate_provider_script_required,10,シュタインズ・ゲート クリアファイル (ラボメン),https://www.animate-onlineshop.jp/products/list.php?mode=search&smt=%E3%82%B7%E3%83%A5%E3%82%BF%E3%82%A4%E3%83%B3%E3%82%BA%E3%83%BB%E3%82%B2%E3%83%BC%E3%83%88%20%E3%82%AF%E3%83%AA%E3%82%A2%E3%83%95%E3%82%A1%E3%82%A4%E3%83%AB%20%28%E3%83%A9%E3%83%9C%E3%83%A1%E3%83%B3%29
2107,슈타인즈게이트 봉제 인형 (우파),シュタインズ・ゲート ぬいぐるみ (うーぱ),,인형,슈타인즈게이트,애니메이트,,False,False,official_search,search_only,candidate_provider_script_required,10,シュタインズ・ゲート ぬいぐるみ (うーぱ),https://www.animate-onlineshop.jp/products/list.php?mode=search&smt=%E3%82%B7%E3%83%A5%E3%82%BF%E3%82%A4%E3%83%B3%E3%82%BA%E3%83%BB%E3%82%B2%E3%83%BC%E3%83%88%20%E3%81%AC%E3%81%84%E3%81%90%E3%82%8B%E3%81%BF%20%28%E3%81%86%E3%83%BC%E3%81%B1%29
2108,슈타인즈게이트 의류 라보 멤버 티셔츠,シュタインズ・ゲート ラボメンTシャツ,,의류,슈타인즈게이트,애니메이트,,False,False,official_search,search_only,candidate_provider_script_required,10,シュタインズ・ゲート ラボメンTシャツ,https://www.animate-onlineshop.jp/products/list.php?mode=search&smt=%E3%82%B7%E3%83%A5%E3%82%BF%E3%82%A4%E3%83%B3%E3%82%BA%E3%83%BB%E3%82%B2%E3%83%BC%E3%83%88%20%E3%83%A9%E3%83%9C%E3%83%A1%E3%83%B3T%E3%82%B7%E3%83%A3%E3%83%84
2109,슈타인즈게이트 일러스트 카드 (한정),シュタインズ・ゲート イラストカード,,문구,슈타인즈게이트,애니메이트,,False,False,official_search,search_only,candidate_provider_script_required,10,シュタインズ・ゲート イラストカード,https://www.animate-onlineshop.jp/products/list.php?mode=search&smt=%E3%82%B7%E3%83%A5%E3%82%BF%E3%82%A4%E3%83%B3%E3%82%BA%E3%83%BB%E3%82%B2%E3%83%BC%E3%83%88%20%E3%82%A4%E3%83%A9%E3%82%B9%E3%83%88%E3%82%AB%E3%83%BC%E3%83%89
2110,슈타인즈게이트 스티커 세트,シュタインズ・ゲート ステッカーセット,,문구,슈타인즈게이트,애니메이트,,False,False,official_search,search_only,candidate_provider_script_required,10,シュタインズ・ゲート ステッカーセット,https://www.animate-onlineshop.jp/products/list.php?mode=search&smt=%E3%82%B7%E3%83%A5%E3%82%BF%E3%82%A4%E3%83%B3%E3%82%BA%E3%83%BB%E3%82%B2%E3%83%BC%E3%83%88%20%E3%82%B9%E3%83%86%E3%83%83%E3%82%AB%E3%83%BC%E3%82%BB%E3%83%83%E3%83%88
2126,명탐정 코난 러버 스트랩 (카이토 키드),名探偵コナン ラバーストラップ (怪盗キッド),,키링,명탐정 코난,애니메이트,,False,False,official_search,search_only,candidate_provider_script_required,10,名探偵コナン ラバーストラップ (怪盗キッド),https://www.animate-onlineshop.jp/products/list.php?mode=search&smt=%E5%90%8D%E6%8E%A2%E5%81%B5%E3%82%B3%E3%83%8A%E3%83%B3%20%E3%83%A9%E3%83%90%E3%83%BC%E3%82%B9%E3%83%88%E3%83%A9%E3%83%83%E3%83%97%20%28%E6%80%AA%E7%9B%97%E3%82%AD%E3%83%83%E3%83%89%29
2127,명탐정 코난 머그컵 (실루엣),名探偵コナン マグカップ (シルエット),,머그컵,명탐정 코난,애니메이트,,False,False,official_search,search_only,candidate_provider_script_required,10,名探偵コナン マグカップ (シルエット),https://www.animate-onlineshop.jp/products/list.php?mode=search&smt=%E5%90%8D%E6%8E%A2%E5%81%B5%E3%82%B3%E3%83%8A%E3%83%B3%20%E3%83%9E%E3%82%B0%E3%82%AB%E3%83%83%E3%83%97%20%28%E3%82%B7%E3%83%AB%E3%82%A8%E3%83%83%E3%83%88%29
2129,명탐정 코난 클리어 파일 (아무로&아카이),名探偵コナン クリアファイル (安室&赤井),,문구,명탐정 코난,애니메이트,,False,False,official_search,search_only,candidate_provider_script_required,10,名探偵コナン クリアファイル (安室&赤井),https://www.animate-onlineshop.jp/products/list.php?mode=search&smt=%E5%90%8D%E6%8E%A2%E5%81%B5%E3%82%B3%E3%83%8A%E3%83%B3%20%E3%82%AF%E3%83%AA%E3%82%A2%E3%83%95%E3%82%A1%E3%82%A4%E3%83%AB%20%28%E5%AE%89%E5%AE%A4%26%E8%B5%A4%E4%BA%95%29
2176,스킵과 로퍼 아크릴 스탠드 (무카이 유즈키),スキップとローファー アクリルスタンド (向井結月),,아크릴 스탠드,스킵과 로퍼,애니메이트,,False,False,official_search,search_only,candidate_provider_script_required,10,スキップとローファー アクリルスタンド (向井結月),https://www.animate-onlineshop.jp/products/list.php?mode=search&smt=%E3%82%B9%E3%82%AD%E3%83%83%E3%83%97%E3%81%A8%E3%83%AD%E3%83%BC%E3%83%95%E3%82%A1%E3%83%BC%20%E3%82%A2%E3%82%AF%E3%83%AA%E3%83%AB%E3%82%B9%E3%82%BF%E3%83%B3%E3%83%89%20%28%E5%90%91%E4%BA%95%E7%B5%90%E6%9C%88%29
2177,스킵과 로퍼 아크릴 스탠드 (시바 마카토),スキップとローファー アクリルスタンド (柴山誠),,아크릴 스탠드,스킵과 로퍼,애니메이트,,False,False,official_search,search_only,candidate_provider_script_required,10,スキップとローファー アクリルスタンド (柴山誠),https://www.animate-onlineshop.jp/products/list.php?mode=search&smt=%E3%82%B9%E3%82%AD%E3%83%83%E3%83%97%E3%81%A8%E3%83%AD%E3%83%BC%E3%83%95%E3%82%A1%E3%83%BC%20%E3%82%A2%E3%82%AF%E3%83%AA%E3%83%AB%E3%82%B9%E3%82%BF%E3%83%B3%E3%83%89%20%28%E6%9F%B4%E5%B1%B1%E8%AA%A0%29
2184,스킵과 로퍼 러버 스트랩 (랜덤),スキップとローファー ラバーストラップ,,키링,스킵과 로퍼,애니메이트,,False,False,official_search,search_only,candidate_provider_script_required,10,スキップとローファー ラバーストラップ,https://www.animate-onlineshop.jp/products/list.php?mode=search&smt=%E3%82%B9%E3%82%AD%E3%83%83%E3%83%97%E3%81%A8%E3%83%AD%E3%83%BC%E3%83%95%E3%82%A1%E3%83%BC%20%E3%83%A9%E3%83%90%E3%83%BC%E3%82%B9%E3%83%88%E3%83%A9%E3%83%83%E3%83%97
2190,이루마군 아크릴 스탠드 (아스모데우스 알리),魔入りました！入間くん アクリルスタンド (アスモデウス・アリ),,아크릴 스탠드,이루마군,애니메이트,,False,False,official_search,search_only,candidate_provider_script_required,10,魔入りました！入間くん アクリルスタンド (アスモデウス・アリ),https://www.animate-onlineshop.jp/products/list.php?mode=search&smt=%E9%AD%94%E5%85%A5%E3%82%8A%E3%81%BE%E3%81%97%E3%81%9F%EF%BC%81%E5%85%A5%E9%96%93%E3%81%8F%E3%82%93%20%E3%82%A2%E3%82%AF%E3%83%AA%E3%83%AB%E3%82%B9%E3%82%BF%E3%83%B3%E3%83%89%20%28%E3%82%A2%E3%82%B9%E3%83%A2%E3%83%87%E3%82%A6%E3%82%B9%E3%83%BB%E3%82%A2%E3%83%AA%29
2191,이루마군 아크릴 스탠드 (클라라 발락),魔入りました！入間くん アクリルスタンド (クララ・バラック),,아크릴 스탠드,이루마군,애니메이트,,False,False,official_search,search_only,candidate_provider_script_required,10,魔入りました！入間くん アクリルスタンド (クララ・バラック),https://www.animate-onlineshop.jp/products/list.php?mode=search&smt=%E9%AD%94%E5%85%A5%E3%82%8A%E3%81%BE%E3%81%97%E3%81%9F%EF%BC%81%E5%85%A5%E9%96%93%E3%81%8F%E3%82%93%20%E3%82%A2%E3%82%AF%E3%83%AA%E3%83%AB%E3%82%B9%E3%82%BF%E3%83%B3%E3%83%89%20%28%E3%82%AF%E3%83%A9%E3%83%A9%E3%83%BB%E3%83%90%E3%83%A9%E3%83%83%E3%82%AF%29
2197,이루마군 키링 (알리),魔入りました！入間くん キーホルダー (アリ),,키링,이루마군,애니메이트,,False,False,official_search,search_only,candidate_provider_script_required,10,魔入りました！入間くん キーホルダー (アリ),https://www.animate-onlineshop.jp/products/list.php?mode=search&smt=%E9%AD%94%E5%85%A5%E3%82%8A%E3%81%BE%E3%81%97%E3%81%9F%EF%BC%81%E5%85%A5%E9%96%93%E3%81%8F%E3%82%93%20%E3%82%AD%E3%83%BC%E3%83%9B%E3%83%AB%E3%83%80%E3%83%BC%20%28%E3%82%A2%E3%83%AA%29
2219,짱구는 못말려 아크릴 스탠드 (신노스케),クレヨンしんちゃん アクリルスタンド (しんのすけ),,아크릴 스탠드,짱구는 못말려,애니메이트,,False,False,official_search,search_only,candidate_provider_script_required,10,クレヨンしんちゃん アクリルスタンド (しんのすけ),https://www.animate-onlineshop.jp/products/list.php?mode=search&smt=%E3%82%AF%E3%83%AC%E3%83%A8%E3%83%B3%E3%81%97%E3%82%93%E3%81%A1%E3%82%83%E3%82%93%20%E3%82%A2%E3%82%AF%E3%83%AA%E3%83%AB%E3%82%B9%E3%82%BF%E3%83%B3%E3%83%89%20%28%E3%81%97%E3%82%93%E3%81%AE%E3%81%99%E3%81%91%29
2220,짱구는 못말려 아크릴 스탠드 (흰둥이),クレヨンしんちゃん アクリルスタンド (シロ),,아크릴 스탠드,짱구는 못말려,애니메이트,,False,False,official_search,search_only,candidate_provider_script_required,10,クレヨンしんちゃん アクリルスタンド (シロ),https://www.animate-onlineshop.jp/products/list.php?mode=search&smt=%E3%82%AF%E3%83%AC%E3%83%A8%E3%83%B3%E3%81%97%E3%82%93%E3%81%A1%E3%82%83%E3%82%93%20%E3%82%A2%E3%82%AF%E3%83%AA%E3%83%AB%E3%82%B9%E3%82%BF%E3%83%B3%E3%83%89%20%28%E3%82%B7%E3%83%AD%29
2221,짱구는 못말려 아크릴 스탠드 (액션가면),クレヨンしんちゃん アクリルスタンド (アクション仮面),,아크릴 스탠드,짱구는 못말려,애니메이트,,False,False,official_search,search_only,candidate_provider_script_required,10,クレヨンしんちゃん アクリルスタンド (アクション仮面),https://www.animate-onlineshop.jp/products/list.php?mode=search&smt=%E3%82%AF%E3%83%AC%E3%83%A8%E3%83%B3%E3%81%97%E3%82%93%E3%81%A1%E3%82%83%E3%82%93%20%E3%82%A2%E3%82%AF%E3%83%AA%E3%83%AB%E3%82%B9%E3%82%BF%E3%83%B3%E3%83%89%20%28%E3%82%A2%E3%82%AF%E3%82%B7%E3%83%A7%E3%83%B3%E4%BB%AE%E9%9D%A2%29
2222,짱구는 못말려 아크릴 스탠드 (카자마),クレヨンしんちゃん アクリルスタンド (風間),,아크릴 스탠드,짱구는 못말려,애니메이트,,False,False,official_search,search_only,candidate_provider_script_required,10,クレヨンしんちゃん アクリルスタンド (風間),https://www.animate-onlineshop.jp/products/list.php?mode=search&smt=%E3%82%AF%E3%83%AC%E3%83%A8%E3%83%B3%E3%81%97%E3%82%93%E3%81%A1%E3%82%83%E3%82%93%20%E3%82%A2%E3%82%AF%E3%83%AA%E3%83%AB%E3%82%B9%E3%82%BF%E3%83%B3%E3%83%89%20%28%E9%A2%A8%E9%96%93%29
2224,짱구는 못말려 캔뱃지 (짱아),クレヨンしんちゃん 缶バッジ (ひまわり),,캔뱃지,짱구는 못말려,애니메이트,,False,False,official_search,search_only,candidate_provider_script_required,10,クレヨンしんちゃん 缶バッジ (ひまわり),https://www.animate-onlineshop.jp/products/list.php?mode=search&smt=%E3%82%AF%E3%83%AC%E3%83%A8%E3%83%B3%E3%81%97%E3%82%93%E3%81%A1%E3%82%83%E3%82%93%20%E7%BC%B6%E3%83%90%E3%83%83%E3%82%B8%20%28%E3%81%B2%E3%81%BE%E3%82%8F%E3%82%8A%29
2225,짱구는 못말려 트레이딩 캔뱃지 (가족),クレヨンしんちゃん トレーディング缶バッジ,,캔뱃지,짱구는 못말려,애니메이트,,False,False,official_search,search_only,candidate_provider_script_required,10,クレヨンしんちゃん トレーディング缶バッジ,https://www.animate-onlineshop.jp/products/list.php?mode=search&smt=%E3%82%AF%E3%83%AC%E3%83%A8%E3%83%B3%E3%81%97%E3%82%93%E3%81%A1%E3%82%83%E3%82%93%20%E3%83%88%E3%83%AC%E3%83%BC%E3%83%87%E3%82%A3%E3%83%B3%E3%82%B0%E7%BC%B6%E3%83%90%E3%83%83%E3%82%B8
2227,짱구는 못말려 키링 (흰둥이),クレヨンしんちゃん キーホルダー (シロ),,키링,짱구는 못말려,애니메이트,,False,False,official_search,search_only,candidate_provider_script_required,10,クレヨンしんちゃん キーホルダー (シロ),https://www.animate-onlineshop.jp/products/list.php?mode=search&smt=%E3%82%AF%E3%83%AC%E3%83%A8%E3%83%B3%E3%81%97%E3%82%93%E3%81%A1%E3%82%83%E3%82%93%20%E3%82%AD%E3%83%BC%E3%83%9B%E3%83%AB%E3%83%80%E3%83%BC%20%28%E3%82%B7%E3%83%AD%29
2228,짱구는 못말려 러버 스트랩 (카스카베 방위대),クレヨンしんちゃん ラバーストラップ (春日部防衛隊),,키링,짱구는 못말려,애니메이트,,False,False,official_search,search_only,candidate_provider_script_required,10,クレヨンしんちゃん ラバーストラップ (春日部防衛隊),https://www.animate-onlineshop.jp/products/list.php?mode=search&smt=%E3%82%AF%E3%83%AC%E3%83%A8%E3%83%B3%E3%81%97%E3%82%93%E3%81%A1%E3%82%83%E3%82%93%20%E3%83%A9%E3%83%90%E3%83%BC%E3%82%B9%E3%83%88%E3%83%A9%E3%83%83%E3%83%97%20%28%E6%98%A5%E6%97%A5%E9%83%A8%E9%98%B2%E8%A1%9B%E9%9A%8A%29
2229,짱구는 못말려 봉제 인형 (신노스케),クレヨンしんちゃん ぬいぐるみ (しんのすけ),,인형,짱구는 못말려,애니메이트,,False,False,official_search,search_only,candidate_provider_script_required,10,クレヨンしんちゃん ぬいぐるみ (しんのすけ),https://www.animate-onlineshop.jp/products/list.php?mode=search&smt=%E3%82%AF%E3%83%AC%E3%83%A8%E3%83%B3%E3%81%97%E3%82%93%E3%81%A1%E3%82%83%E3%82%93%20%E3%81%AC%E3%81%84%E3%81%90%E3%82%8B%E3%81%BF%20%28%E3%81%97%E3%82%93%E3%81%AE%E3%81%99%E3%81%91%29
2232,짱구는 못말려 머그컵 (노하라 가족),クレヨンしんちゃん マグカップ,,머그컵,짱구는 못말려,애니메이트,,False,False,official_search,search_only,candidate_provider_script_required,10,クレヨンしんちゃん マグカップ,https://www.animate-onlineshop.jp/products/list.php?mode=search&smt=%E3%82%AF%E3%83%AC%E3%83%A8%E3%83%B3%E3%81%97%E3%82%93%E3%81%A1%E3%82%83%E3%82%93%20%E3%83%9E%E3%82%B0%E3%82%AB%E3%83%83%E3%83%97
2233,짱구는 못말려 클리어 파일 (카스카베 방위대),クレヨンしんちゃん クリアファイル,,문구,짱구는 못말려,애니메이트,,False,False,official_search,search_only,candidate_provider_script_required,10,クレヨンしんちゃん クリアファイル,https://www.animate-onlineshop.jp/products/list.php?mode=search&smt=%E3%82%AF%E3%83%AC%E3%83%A8%E3%83%B3%E3%81%97%E3%82%93%E3%81%A1%E3%82%83%E3%82%93%20%E3%82%AF%E3%83%AA%E3%82%A2%E3%83%95%E3%82%A1%E3%82%A4%E3%83%AB
2234,짱구는 못말려 미니 피규어 (랜덤),クレヨンしんちゃん ミニフィギュア,,피규어,짱구는 못말려,애니메이트,,False,False,official_search,search_only,candidate_provider_script_required,10,クレヨンしんちゃん ミニフィギュア,https://www.animate-onlineshop.jp/products/list.php?mode=search&smt=%E3%82%AF%E3%83%AC%E3%83%A8%E3%83%B3%E3%81%97%E3%82%93%E3%81%A1%E3%82%83%E3%82%93%20%E3%83%9F%E3%83%8B%E3%83%95%E3%82%A3%E3%82%AE%E3%83%A5%E3%82%A2
2235,짱구는 못말려 의류 신짱 액션가면 티셔츠,クレヨンしんちゃん Tシャツ,,의류,짱구는 못말려,애니메이트,,False,False,official_search,search_only,candidate_provider_script_required,10,クレヨンしんちゃん Tシャツ,https://www.animate-onlineshop.jp/products/list.php?mode=search&smt=%E3%82%AF%E3%83%AC%E3%83%A8%E3%83%B3%E3%81%97%E3%82%93%E3%81%A1%E3%82%83%E3%82%93%20T%E3%82%B7%E3%83%A3%E3%83%84
2236,짱구는 못말려 타올 (액션가면),クレヨンしんちゃん タオル (アクション仮面),,타월,짱구는 못말려,애니메이트,,False,False,official_search,search_only,candidate_provider_script_required,10,クレヨンしんちゃん タオル (アクション仮面),https://www.animate-onlineshop.jp/products/list.php?mode=search&smt=%E3%82%AF%E3%83%AC%E3%83%A8%E3%83%B3%E3%81%97%E3%82%93%E3%81%A1%E3%82%83%E3%82%93%20%E3%82%BF%E3%82%AA%E3%83%AB%20%28%E3%82%A2%E3%82%AF%E3%82%B7%E3%83%A7%E3%83%B3%E4%BB%AE%E9%9D%A2%29
2237,짱구는 못말려 파우치 (신짱),クレヨンしんちゃん ポーチ,,가방,짱구는 못말려,애니메이트,,False,False,official_search,search_only,candidate_provider_script_required,10,クレヨンしんちゃん ポーチ,https://www.animate-onlineshop.jp/products/list.php?mode=search&smt=%E3%82%AF%E3%83%AC%E3%83%A8%E3%83%B3%E3%81%97%E3%82%93%E3%81%A1%E3%82%83%E3%82%93%20%E3%83%9D%E3%83%BC%E3%83%81
2238,짱구는 못말려 스티커 세트,クレヨンしんちゃん ステッカーセット,,문구,짱구는 못말려,애니메이트,,False,False,official_search,search_only,candidate_provider_script_required,10,クレヨンしんちゃん ステッカーセット,https://www.animate-onlineshop.jp/products/list.php?mode=search&smt=%E3%82%AF%E3%83%AC%E3%83%A8%E3%83%B3%E3%81%97%E3%82%93%E3%81%A1%E3%82%83%E3%82%93%20%E3%82%B9%E3%83%86%E3%83%83%E3%82%AB%E3%83%BC%E3%82%BB%E3%83%83%E3%83%88
2240,오버로드 아크릴 스탠드 (알베도),オーバーロード アクリルスタンド (アルベド),,아크릴 스탠드,오버로드,애니메이트,,False,False,official_search,search_only,candidate_provider_script_required,10,オーバーロード アクリルスタンド (アルベド),https://www.animate-onlineshop.jp/products/list.php?mode=search&smt=%E3%82%AA%E3%83%BC%E3%83%90%E3%83%BC%E3%83%AD%E3%83%BC%E3%83%89%20%E3%82%A2%E3%82%AF%E3%83%AA%E3%83%AB%E3%82%B9%E3%82%BF%E3%83%B3%E3%83%89%20%28%E3%82%A2%E3%83%AB%E3%83%99%E3%83%89%29
2242,오버로드 아크릴 스탠드 (아우라),オーバーロード アクリルスタンド (アウラ),,아크릴 스탠드,오버로드,애니메이트,,False,False,official_search,search_only,candidate_provider_script_required,10,オーバーロード アクリルスタンド (アウラ),https://www.animate-onlineshop.jp/products/list.php?mode=search&smt=%E3%82%AA%E3%83%BC%E3%83%90%E3%83%BC%E3%83%AD%E3%83%BC%E3%83%89%20%E3%82%A2%E3%82%AF%E3%83%AA%E3%83%AB%E3%82%B9%E3%82%BF%E3%83%B3%E3%83%89%20%28%E3%82%A2%E3%82%A6%E3%83%A9%29
2243,오버로드 아크릴 스탠드 (마레),オーバーロード アクリルスタンド (マーレ),,아크릴 스탠드,오버로드,애니메이트,,False,False,official_search,search_only,candidate_provider_script_required,10,オーバーロード アクリルスタンド (マーレ),https://www.animate-onlineshop.jp/products/list.php?mode=search&smt=%E3%82%AA%E3%83%BC%E3%83%90%E3%83%BC%E3%83%AD%E3%83%BC%E3%83%89%20%E3%82%A2%E3%82%AF%E3%83%AA%E3%83%AB%E3%82%B9%E3%82%BF%E3%83%B3%E3%83%89%20%28%E3%83%9E%E3%83%BC%E3%83%AC%29
2244,오버로드 아크릴 스탠드 (데미우르고스),オーバーロード アクリルスタンド (デミウルゴス),,아크릴 스탠드,오버로드,애니메이트,,False,False,official_search,search_only,candidate_provider_script_required,10,オーバーロード アクリルスタンド (デミウルゴス),https://www.animate-onlineshop.jp/products/list.php?mode=search&smt=%E3%82%AA%E3%83%BC%E3%83%90%E3%83%BC%E3%83%AD%E3%83%BC%E3%83%89%20%E3%82%A2%E3%82%AF%E3%83%AA%E3%83%AB%E3%82%B9%E3%82%BF%E3%83%B3%E3%83%89%20%28%E3%83%87%E3%83%9F%E3%82%A6%E3%83%AB%E3%82%B4%E3%82%B9%29
2252,오버로드 러버 스트랩 (랜덤),オーバーロード ラバーストラップ,,키링,오버로드,애니메이트,,False,False,official_search,search_only,candidate_provider_script_required,10,オーバーロード ラバーストラップ,https://www.animate-onlineshop.jp/products/list.php?mode=search&smt=%E3%82%AA%E3%83%BC%E3%83%90%E3%83%BC%E3%83%AD%E3%83%BC%E3%83%89%20%E3%83%A9%E3%83%90%E3%83%BC%E3%82%B9%E3%83%88%E3%83%A9%E3%83%83%E3%83%97
2253,오버로드 클리어 파일 (나자릭 지하 대분묘),オーバーロード クリアファイル,,문구,오버로드,애니메이트,,False,False,official_search,search_only,candidate_provider_script_required,10,オーバーロード クリアファイル,https://www.animate-onlineshop.jp/products/list.php?mode=search&smt=%E3%82%AA%E3%83%BC%E3%83%90%E3%83%BC%E3%83%AD%E3%83%BC%E3%83%89%20%E3%82%AF%E3%83%AA%E3%82%A2%E3%83%95%E3%82%A1%E3%82%A4%E3%83%AB
2264,하이큐!! 클리어 파일 (카라스노 VS 네코마),ハイキュー!! クリアファイル 烏野高校VS音駒高校,,문구,하이큐!!,애니메이트,,False,False,official_search,search_only,candidate_provider_script_required,10,ハイキュー!! クリアファイル 烏野高校VS音駒高校,https://www.animate-onlineshop.jp/products/list.php?mode=search&smt=%E3%83%8F%E3%82%A4%E3%82%AD%E3%83%A5%E3%83%BC%21%21%20%E3%82%AF%E3%83%AA%E3%82%A2%E3%83%95%E3%82%A1%E3%82%A4%E3%83%AB%20%E7%83%8F%E9%87%8E%E9%AB%98%E6%A0%A1VS%E9%9F%B3%E9%A7%92%E9%AB%98%E6%A0%A1
2390,니지산지 아크릴 스탠드 (츠키노 미토),にじさんじ アクリルスタンド (月ノ美兎),,아크릴 스탠드,니지산지,애니메이트,,False,False,official_search,search_only,candidate_provider_script_required,10,にじさんじ アクリルスタンド (月ノ美兎),https://www.animate-onlineshop.jp/products/list.php?mode=search&smt=%E3%81%AB%E3%81%98%E3%81%95%E3%82%93%E3%81%98%20%E3%82%A2%E3%82%AF%E3%83%AA%E3%83%AB%E3%82%B9%E3%82%BF%E3%83%B3%E3%83%89%20%28%E6%9C%88%E3%83%8E%E7%BE%8E%E5%85%8E%29
1026,원피스 피규어 (몽키 D 루피),ONE PIECE フィギュア (モンキー・D・ルフィ),,피규어,원피스,반다이,,False,False,manual_official_search_review,search_only_manual,manual_confirmation_required,20,ONE PIECE フィギュア (モンキー・D・ルフィ),https://p-bandai.jp/search/?q=ONE%20PIECE%20%E3%83%95%E3%82%A3%E3%82%AE%E3%83%A5%E3%82%A2%20%28%E3%83%A2%E3%83%B3%E3%82%AD%E3%83%BC%E3%83%BBD%E3%83%BB%E3%83%AB%E3%83%95%E3%82%A3%29
1027,원피스 피규어 (로로노아 조로),,,피규어,원피스,반다이,,False,False,manual_official_search_review,search_only_manual,manual_confirmation_required,20,원피스 피규어 (로로노아 조로),https://p-bandai.jp/search/?q=%EC%9B%90%ED%94%BC%EC%8A%A4%20%ED%94%BC%EA%B7%9C%EC%96%B4%20%28%EB%A1%9C%EB%A1%9C%EB%85%B8%EC%95%84%20%EC%A1%B0%EB%A1%9C%29
1028,원피스 피규어 (나미),,,피규어,원피스,반다이,,False,False,manual_official_search_review,search_only_manual,manual_confirmation_required,20,원피스 피규어 (나미),https://p-bandai.jp/search/?q=%EC%9B%90%ED%94%BC%EC%8A%A4%20%ED%94%BC%EA%B7%9C%EC%96%B4%20%28%EB%82%98%EB%AF%B8%29
1029,원피스 피규어 (상디),,,피규어,원피스,반다이,,False,False,manual_official_search_review,search_only_manual,manual_confirmation_required,20,원피스 피규어 (상디),https://p-bandai.jp/search/?q=%EC%9B%90%ED%94%BC%EC%8A%A4%20%ED%94%BC%EA%B7%9C%EC%96%B4%20%28%EC%83%81%EB%94%94%29
1030,원피스 피규어 (니코 로빈),,,피규어,원피스,반다이,,False,False,manual_official_search_review,search_only_manual,manual_confirmation_required,20,원피스 피규어 (니코 로빈),https://p-bandai.jp/search/?q=%EC%9B%90%ED%94%BC%EC%8A%A4%20%ED%94%BC%EA%B7%9C%EC%96%B4%20%28%EB%8B%88%EC%BD%94%20%EB%A1%9C%EB%B9%88%29
1057,나루토 피규어 (우즈마키 나루토),,,피규어,나루토,반다이,,False,False,manual_official_search_review,search_only_manual,manual_confirmation_required,20,나루토 피규어 (우즈마키 나루토),https://p-bandai.jp/search/?q=%EB%82%98%EB%A3%A8%ED%86%A0%20%ED%94%BC%EA%B7%9C%EC%96%B4%20%28%EC%9A%B0%EC%A6%88%EB%A7%88%ED%82%A4%20%EB%82%98%EB%A3%A8%ED%86%A0%29
1058,나루토 피규어 (우치하 사스케),,,피규어,나루토,반다이,,False,False,manual_official_search_review,search_only_manual,manual_confirmation_required,20,나루토 피규어 (우치하 사스케),https://p-bandai.jp/search/?q=%EB%82%98%EB%A3%A8%ED%86%A0%20%ED%94%BC%EA%B7%9C%EC%96%B4%20%28%EC%9A%B0%EC%B9%98%ED%95%98%20%EC%82%AC%EC%8A%A4%EC%BC%80%29
1059,나루토 피규어 (하타케 카카시),,,피규어,나루토,반다이,,False,False,manual_official_search_review,search_only_manual,manual_confirmation_required,20,나루토 피규어 (하타케 카카시),https://p-bandai.jp/search/?q=%EB%82%98%EB%A3%A8%ED%86%A0%20%ED%94%BC%EA%B7%9C%EC%96%B4%20%28%ED%95%98%ED%83%80%EC%BC%80%20%EC%B9%B4%EC%B9%B4%EC%8B%9C%29
1080,죠죠의 기묘한 모험 피규어 (죠타로 쿠죠),,,피규어,죠죠의 기묘한 모험,반다이,,False,False,manual_official_search_review,search_only_manual,manual_confirmation_required,20,죠죠의 기묘한 모험 피규어 (죠타로 쿠죠),https://p-bandai.jp/search/?q=%EC%A3%A0%EC%A3%A0%EC%9D%98%20%EA%B8%B0%EB%AC%98%ED%95%9C%20%EB%AA%A8%ED%97%98%20%ED%94%BC%EA%B7%9C%EC%96%B4%20%28%EC%A3%A0%ED%83%80%EB%A1%9C%20%EC%BF%A0%EC%A3%A0%29
1081,죠죠의 기묘한 모험 피규어 (지오르노 죠바나),,,피규어,죠죠의 기묘한 모험,반다이,,False,False,manual_official_search_review,search_only_manual,manual_confirmation_required,20,죠죠의 기묘한 모험 피규어 (지오르노 죠바나),https://p-bandai.jp/search/?q=%EC%A3%A0%EC%A3%A0%EC%9D%98%20%EA%B8%B0%EB%AC%98%ED%95%9C%20%EB%AA%A8%ED%97%98%20%ED%94%BC%EA%B7%9C%EC%96%B4%20%28%EC%A7%80%EC%98%A4%EB%A5%B4%EB%85%B8%20%EC%A3%A0%EB%B0%94%EB%82%98%29
1092,산리오 봉제 인형 (시나모롤),,,인형,산리오,산리오,,False,False,manual_official_search_review,search_only_manual,manual_confirmation_required,20,산리오 봉제 인형 (시나모롤),https://shop.sanrio.co.jp/search?keyword=%EC%82%B0%EB%A6%AC%EC%98%A4%20%EB%B4%89%EC%A0%9C%20%EC%9D%B8%ED%98%95%20%28%EC%8B%9C%EB%82%98%EB%AA%A8%EB%A1%A4%29
1093,산리오 봉제 인형 (쿠로미),,,인형,산리오,산리오,,False,False,manual_official_search_review,search_only_manual,manual_confirmation_required,20,산리오 봉제 인형 (쿠로미),https://shop.sanrio.co.jp/search?keyword=%EC%82%B0%EB%A6%AC%EC%98%A4%20%EB%B4%89%EC%A0%9C%20%EC%9D%B8%ED%98%95%20%28%EC%BF%A0%EB%A1%9C%EB%AF%B8%29
1094,산리오 봉제 인형 (마이멜로디),,,인형,산리오,산리오,,False,False,manual_official_search_review,search_only_manual,manual_confirmation_required,20,산리오 봉제 인형 (마이멜로디),https://shop.sanrio.co.jp/search?keyword=%EC%82%B0%EB%A6%AC%EC%98%A4%20%EB%B4%89%EC%A0%9C%20%EC%9D%B8%ED%98%95%20%28%EB%A7%88%EC%9D%B4%EB%A9%9C%EB%A1%9C%EB%94%94%29
1095,산리오 봉제 인형 (폼폼푸린),,,인형,산리오,산리오,,False,False,manual_official_search_review,search_only_manual,manual_confirmation_required,20,산리오 봉제 인형 (폼폼푸린),https://shop.sanrio.co.jp/search?keyword=%EC%82%B0%EB%A6%AC%EC%98%A4%20%EB%B4%89%EC%A0%9C%20%EC%9D%B8%ED%98%95%20%28%ED%8F%BC%ED%8F%BC%ED%91%B8%EB%A6%B0%29
1096,산리오 마스코트 키링 (시나모롤),,,키링,산리오,산리오,,False,False,manual_official_search_review,search_only_manual,manual_confirmation_required,20,산리오 마스코트 키링 (시나모롤),https://shop.sanrio.co.jp/search?keyword=%EC%82%B0%EB%A6%AC%EC%98%A4%20%EB%A7%88%EC%8A%A4%EC%BD%94%ED%8A%B8%20%ED%82%A4%EB%A7%81%20%28%EC%8B%9C%EB%82%98%EB%AA%A8%EB%A1%A4%29
1097,산리오 마스코트 키링 (쿠로미),,,키링,산리오,산리오,,False,False,manual_official_search_review,search_only_manual,manual_confirmation_required,20,산리오 마스코트 키링 (쿠로미),https://shop.sanrio.co.jp/search?keyword=%EC%82%B0%EB%A6%AC%EC%98%A4%20%EB%A7%88%EC%8A%A4%EC%BD%94%ED%8A%B8%20%ED%82%A4%EB%A7%81%20%28%EC%BF%A0%EB%A1%9C%EB%AF%B8%29
1108,디즈니 봉제 인형 (미키 마우스),,,인형,디즈니,디즈니 스토어,,False,False,manual_official_search_review,search_only_manual,manual_confirmation_required,20,디즈니 봉제 인형 (미키 마우스),https://store.disney.co.jp/search?q=%EB%94%94%EC%A6%88%EB%8B%88%20%EB%B4%89%EC%A0%9C%20%EC%9D%B8%ED%98%95%20%28%EB%AF%B8%ED%82%A4%20%EB%A7%88%EC%9A%B0%EC%8A%A4%29
1109,디즈니 봉제 인형 (미니 마우스),,,인형,디즈니,디즈니 스토어,,False,False,manual_official_search_review,search_only_manual,manual_confirmation_required,20,디즈니 봉제 인형 (미니 마우스),https://store.disney.co.jp/search?q=%EB%94%94%EC%A6%88%EB%8B%88%20%EB%B4%89%EC%A0%9C%20%EC%9D%B8%ED%98%95%20%28%EB%AF%B8%EB%8B%88%20%EB%A7%88%EC%9A%B0%EC%8A%A4%29
1110,디즈니 봉제 인형 (스티치),,,인형,디즈니,디즈니 스토어,,False,False,manual_official_search_review,search_only_manual,manual_confirmation_required,20,디즈니 봉제 인형 (스티치),https://store.disney.co.jp/search?q=%EB%94%94%EC%A6%88%EB%8B%88%20%EB%B4%89%EC%A0%9C%20%EC%9D%B8%ED%98%95%20%28%EC%8A%A4%ED%8B%B0%EC%B9%98%29
1111,디즈니 봉제 인형 (푸),,,인형,디즈니,디즈니 스토어,,False,False,manual_official_search_review,search_only_manual,manual_confirmation_required,20,디즈니 봉제 인형 (푸),https://store.disney.co.jp/search?q=%EB%94%94%EC%A6%88%EB%8B%88%20%EB%B4%89%EC%A0%9C%20%EC%9D%B8%ED%98%95%20%28%ED%91%B8%29
1120,세일러문 변신 컴팩트 (프로프 리플리카),,,리플리카,세일러문,반다이,,False,False,manual_official_search_review,search_only_manual,manual_confirmation_required,20,세일러문 변신 컴팩트 (프로프 리플리카),https://p-bandai.jp/search/?q=%EC%84%B8%EC%9D%BC%EB%9F%AC%EB%AC%B8%20%EB%B3%80%EC%8B%A0%20%EC%BB%B4%ED%8C%A9%ED%8A%B8%20%28%ED%94%84%EB%A1%9C%ED%94%84%20%EB%A6%AC%ED%94%8C%EB%A6%AC%EC%B9%B4%29
1291,노루캬라 마스코트 토도로키 쇼토 교복ver.,のるキャラマスコット 轟焦凍 制服ver.,,마스코트,나의 히어로 아카데미아,점프 캐릭터즈 스토어,,False,False,manual_official_search_review,search_only_manual,manual_confirmation_required,20,のるキャラマスコット 轟焦凍 制服ver.,https://jumpcs.shueisha.co.jp/shop/goods/search.aspx?search=x&keyword=%E3%81%AE%E3%82%8B%E3%82%AD%E3%83%A3%E3%83%A9%E3%83%9E%E3%82%B9%E3%82%B3%E3%83%83%E3%83%88%20%E8%BD%9F%E7%84%A6%E5%87%8D%20%E5%88%B6%E6%9C%8Dver.
1292,노루캬라 마스코트 미도리야 이즈쿠 교복ver.,のるキャラマスコット 緑谷出久 制服ver.,,마스코트,나의 히어로 아카데미아,점프 캐릭터즈 스토어,,False,False,manual_official_search_review,search_only_manual,manual_confirmation_required,20,のるキャラマスコット 緑谷出久 制服ver.,https://jumpcs.shueisha.co.jp/shop/goods/search.aspx?search=x&keyword=%E3%81%AE%E3%82%8B%E3%82%AD%E3%83%A3%E3%83%A9%E3%83%9E%E3%82%B9%E3%82%B3%E3%83%83%E3%83%88%20%E7%B7%91%E8%B0%B7%E5%87%BA%E4%B9%85%20%E5%88%B6%E6%9C%8Dver.
1293,노루캬라 마스코트 바쿠고 카츠키 교복ver.,のるキャラマスコット 爆豪勝己 制服ver.,,마스코트,나의 히어로 아카데미아,점프 캐릭터즈 스토어,,False,False,manual_official_search_review,search_only_manual,manual_confirmation_required,20,のるキャラマスコット 爆豪勝己 制服ver.,https://jumpcs.shueisha.co.jp/shop/goods/search.aspx?search=x&keyword=%E3%81%AE%E3%82%8B%E3%82%AD%E3%83%A3%E3%83%A9%E3%83%9E%E3%82%B9%E3%82%B3%E3%83%83%E3%83%88%20%E7%88%86%E8%B1%AA%E5%8B%9D%E5%B7%B1%20%E5%88%B6%E6%9C%8Dver.
1400,Lookup 게토 스구루,Lookup 夏油傑,,피규어,주술회전,메가하우스,,False,False,manual_official_search_review,search_only_manual,manual_confirmation_required,20,Lookup 夏油傑,https://www.megahobby.jp/products/?s=Lookup%20%E5%A4%8F%E6%B2%B9%E5%82%91
1401,Petite Doll 고죠 사토루,プチデフォルメドール 五条悟,,피규어,주술회전,메가하우스,,False,False,manual_official_search_review,search_only_manual,manual_confirmation_required,20,プチデフォルメドール 五条悟,https://www.megahobby.jp/products/?s=%E3%83%97%E3%83%81%E3%83%87%E3%83%95%E3%82%A9%E3%83%AB%E3%83%A1%E3%83%89%E3%83%BC%E3%83%AB%20%E4%BA%94%E6%9D%A1%E6%82%9F
1403,MEGA CAT PROJECT 주술회전 냐루토 편 이타도리 유지,MEGA CAT PROJECT 呪術廻戦 にゃんと! 虎杖悠仁,,피규어,주술회전,메가하우스,,False,False,manual_official_search_review,search_only_manual,manual_confirmation_required,20,MEGA CAT PROJECT 呪術廻戦 にゃんと! 虎杖悠仁,https://www.megahobby.jp/products/?s=MEGA%20CAT%20PROJECT%20%E5%91%AA%E8%A1%93%E5%BB%BB%E6%88%A6%20%E3%81%AB%E3%82%83%E3%82%93%E3%81%A8%21%20%E8%99%8E%E6%9D%96%E6%82%A0%E4%BB%81
1404,MEGA CAT PROJECT 주술회전 냐루토 편 후시구로 메구미,MEGA CAT PROJECT 呪術廻戦 にゃんと! 伏黒恵,,피규어,주술회전,메가하우스,,False,False,manual_official_search_review,search_only_manual,manual_confirmation_required,20,MEGA CAT PROJECT 呪術廻戦 にゃんと! 伏黒恵,https://www.megahobby.jp/products/?s=MEGA%20CAT%20PROJECT%20%E5%91%AA%E8%A1%93%E5%BB%BB%E6%88%A6%20%E3%81%AB%E3%82%83%E3%82%93%E3%81%A8%21%20%E4%BC%8F%E9%BB%92%E6%81%B5
1435,Lookup 리코,ルックアップ リコ,,피규어,메이드 인 어비스,메가하우스,,False,False,manual_official_search_review,search_only_manual,manual_confirmation_required,20,ルックアップ リコ,https://www.megahobby.jp/products/?s=%E3%83%AB%E3%83%83%E3%82%AF%E3%82%A2%E3%83%83%E3%83%97%20%E3%83%AA%E3%82%B3
1436,Lookup 레그,ルックアップ レグ,,피규어,메이드 인 어비스,메가하우스,,False,False,manual_official_search_review,search_only_manual,manual_confirmation_required,20,ルックアップ レグ,https://www.megahobby.jp/products/?s=%E3%83%AB%E3%83%83%E3%82%AF%E3%82%A2%E3%83%83%E3%83%97%20%E3%83%AC%E3%82%B0
1631,주술회전 모자이크 아트 아크릴 스탠드 (고죠 사토루),呪術廻戦 モザイクアートアクリルスタンド (五条悟),,아크릴 스탠드,주술회전,Cospa,,False,False,manual_official_search_review,search_only_manual,manual_confirmation_required,20,呪術廻戦 モザイクアートアクリルスタンド (五条悟),https://www.cospa.com/cospa/itemlist/id/00000/mode/title/page/1/series_index/%E5%91%AA%E8%A1%93%E5%BB%BB%E6%88%A6%20%E3%83%A2%E3%82%B6%E3%82%A4%E3%82%AF%E3%82%A2%E3%83%BC%E3%83%88%E3%82%A2%E3%82%AF%E3%83%AA%E3%83%AB%E3%82%B9%E3%82%BF%E3%83%B3%E3%83%89%20%28%E4%BA%94%E6%9D%A1%E6%82%9F%29
1637,메이드 인 어비스 아크릴 스탠드 (보가만),メイドインアビス アクリルスタンド (ボンドルド),,아크릴 스탠드,메이드 인 어비스,Cospa,,False,False,manual_official_search_review,search_only_manual,manual_confirmation_required,20,メイドインアビス アクリルスタンド (ボンドルド),https://www.cospa.com/cospa/itemlist/id/00000/mode/title/page/1/series_index/%E3%83%A1%E3%82%A4%E3%83%89%E3%82%A4%E3%83%B3%E3%82%A2%E3%83%93%E3%82%B9%20%E3%82%A2%E3%82%AF%E3%83%AA%E3%83%AB%E3%82%B9%E3%82%BF%E3%83%B3%E3%83%89%20%28%E3%83%9C%E3%83%B3%E3%83%89%E3%83%AB%E3%83%89%29
1666,원피스 모자이크 아크릴 스탠드 (조로),ONE PIECE モザイクアクリルスタンド (ゾロ),,아크릴 스탠드,원피스,Cospa,,False,False,manual_official_search_review,search_only_manual,manual_confirmation_required,20,ONE PIECE モザイクアクリルスタンド (ゾロ),https://www.cospa.com/cospa/itemlist/id/00000/mode/title/page/1/series_index/ONE%20PIECE%20%E3%83%A2%E3%82%B6%E3%82%A4%E3%82%AF%E3%82%A2%E3%82%AF%E3%83%AA%E3%83%AB%E3%82%B9%E3%82%BF%E3%83%B3%E3%83%89%20%28%E3%82%BE%E3%83%AD%29
1671,체인소맨 모자이크 아크릴 스탠드 (마키마),チェンソーマン モザイクアクリルスタンド (マキマ),,아크릴 스탠드,체인소맨,Cospa,,False,False,manual_official_search_review,search_only_manual,manual_confirmation_required,20,チェンソーマン モザイクアクリルスタンド (マキマ),https://www.cospa.com/cospa/itemlist/id/00000/mode/title/page/1/series_index/%E3%83%81%E3%82%A7%E3%83%B3%E3%82%BD%E3%83%BC%E3%83%9E%E3%83%B3%20%E3%83%A2%E3%82%B6%E3%82%A4%E3%82%AF%E3%82%A2%E3%82%AF%E3%83%AA%E3%83%AB%E3%82%B9%E3%82%BF%E3%83%B3%E3%83%89%20%28%E3%83%9E%E3%82%AD%E3%83%9E%29
1680,헌터X헌터 학원 시리즈 캔뱃지 곤,HUNTER×HUNTER 学園シリーズ缶バッジ ゴン,,캔뱃지,헌터X헌터,AmiAmi,,False,False,manual_official_search_review,search_only_manual,manual_confirmation_required,20,HUNTER×HUNTER 学園シリーズ缶バッジ ゴン,https://www.amiami.jp/top/search/list?s_keywords=HUNTER%C3%97HUNTER%20%E5%AD%A6%E5%9C%92%E3%82%B7%E3%83%AA%E3%83%BC%E3%82%BA%E7%BC%B6%E3%83%90%E3%83%83%E3%82%B8%20%E3%82%B4%E3%83%B3
1690,주술회전 학원 시리즈 캔뱃지 후시구로,呪術廻戦 学園シリーズ缶バッジ 伏黒,,캔뱃지,주술회전,AmiAmi,,False,False,manual_official_search_review,search_only_manual,manual_confirmation_required,20,呪術廻戦 学園シリーズ缶バッジ 伏黒,https://www.amiami.jp/top/search/list?s_keywords=%E5%91%AA%E8%A1%93%E5%BB%BB%E6%88%A6%20%E5%AD%A6%E5%9C%92%E3%82%B7%E3%83%AA%E3%83%BC%E3%82%BA%E7%BC%B6%E3%83%90%E3%83%83%E3%82%B8%20%E4%BC%8F%E9%BB%92
1696,메이드 인 어비스 일러스트 카드 컬렉션 나나치,メイドインアビス イラストカードコレクション ナナチ,,문구,메이드 인 어비스,AmiAmi,,False,False,manual_official_search_review,search_only_manual,manual_confirmation_required,20,メイドインアビス イラストカードコレクション ナナチ,https://www.amiami.jp/top/search/list?s_keywords=%E3%83%A1%E3%82%A4%E3%83%89%E3%82%A4%E3%83%B3%E3%82%A2%E3%83%93%E3%82%B9%20%E3%82%A4%E3%83%A9%E3%82%B9%E3%83%88%E3%82%AB%E3%83%BC%E3%83%89%E3%82%B3%E3%83%AC%E3%82%AF%E3%82%B7%E3%83%A7%E3%83%B3%20%E3%83%8A%E3%83%8A%E3%83%81
1704,단간론파 일러스트 카드 컬렉션 코마에다,ダンガンロンパ イラストカードコレクション 狛枝,,문구,단간론파,AmiAmi,,False,False,manual_official_search_review,search_only_manual,manual_confirmation_required,20,ダンガンロンパ イラストカードコレクション 狛枝,https://www.amiami.jp/top/search/list?s_keywords=%E3%83%80%E3%83%B3%E3%82%AC%E3%83%B3%E3%83%AD%E3%83%B3%E3%83%91%20%E3%82%A4%E3%83%A9%E3%82%B9%E3%83%88%E3%82%AB%E3%83%BC%E3%83%89%E3%82%B3%E3%83%AC%E3%82%AF%E3%82%B7%E3%83%A7%E3%83%B3%20%E7%8B%9B%E6%9E%9D
1712,장송의 프리렌 일러스트 카드 컬렉션 페른,葬送のフリーレン イラストカードコレクション フェルン,,문구,장송의 프리렌,AmiAmi,,False,False,manual_official_search_review,search_only_manual,manual_confirmation_required,20,葬送のフリーレン イラストカードコレクション フェルン,https://www.amiami.jp/top/search/list?s_keywords=%E8%91%AC%E9%80%81%E3%81%AE%E3%83%95%E3%83%AA%E3%83%BC%E3%83%AC%E3%83%B3%20%E3%82%A4%E3%83%A9%E3%82%B9%E3%83%88%E3%82%AB%E3%83%BC%E3%83%89%E3%82%B3%E3%83%AC%E3%82%AF%E3%82%B7%E3%83%A7%E3%83%B3%20%E3%83%95%E3%82%A7%E3%83%AB%E3%83%B3
1723,나의 히어로 아카데미아 학원 시리즈 캔뱃지 토도로키,僕のヒーローアカデミア 学園シリーズ缶バッジ 轟,,캔뱃지,나의 히어로 아카데미아,AmiAmi,,False,False,manual_official_search_review,search_only_manual,manual_confirmation_required,20,僕のヒーローアカデミア 学園シリーズ缶バッジ 轟,https://www.amiami.jp/top/search/list?s_keywords=%E5%83%95%E3%81%AE%E3%83%92%E3%83%BC%E3%83%AD%E3%83%BC%E3%82%A2%E3%82%AB%E3%83%87%E3%83%9F%E3%82%A2%20%E5%AD%A6%E5%9C%92%E3%82%B7%E3%83%AA%E3%83%BC%E3%82%BA%E7%BC%B6%E3%83%90%E3%83%83%E3%82%B8%20%E8%BD%9F
1736,귀멸의 칼날 일러스트 카드 컬렉션 토미오카,鬼滅の刃 イラストカードコレクション 冨岡,,문구,귀멸의 칼날,AmiAmi,,False,False,manual_official_search_review,search_only_manual,manual_confirmation_required,20,鬼滅の刃 イラストカードコレクション 冨岡,https://www.amiami.jp/top/search/list?s_keywords=%E9%AC%BC%E6%BB%85%E3%81%AE%E5%88%83%20%E3%82%A4%E3%83%A9%E3%82%B9%E3%83%88%E3%82%AB%E3%83%BC%E3%83%89%E3%82%B3%E3%83%AC%E3%82%AF%E3%82%B7%E3%83%A7%E3%83%B3%20%E5%86%A8%E5%B2%A1
1737,원피스 트레이딩 캔뱃지 몽키 D 루피,ONE PIECE トレーディング缶バッジ モンキー・D・ルフィ,,캔뱃지,원피스,점프 캐릭터즈 스토어,,False,False,manual_official_search_review,search_only_manual,manual_confirmation_required,20,ONE PIECE トレーディング缶バッジ モンキー・D・ルフィ,https://jumpcs.shueisha.co.jp/shop/goods/search.aspx?search=x&keyword=ONE%20PIECE%20%E3%83%88%E3%83%AC%E3%83%BC%E3%83%87%E3%82%A3%E3%83%B3%E3%82%B0%E7%BC%B6%E3%83%90%E3%83%83%E3%82%B8%20%E3%83%A2%E3%83%B3%E3%82%AD%E3%83%BC%E3%83%BBD%E3%83%BB%E3%83%AB%E3%83%95%E3%82%A3
1738,원피스 트레이딩 캔뱃지 롤로노아 조로,ONE PIECE トレーディング缶バッジ ロロノア・ゾロ,,캔뱃지,원피스,점프 캐릭터즈 스토어,,False,False,manual_official_search_review,search_only_manual,manual_confirmation_required,20,ONE PIECE トレーディング缶バッジ ロロノア・ゾロ,https://jumpcs.shueisha.co.jp/shop/goods/search.aspx?search=x&keyword=ONE%20PIECE%20%E3%83%88%E3%83%AC%E3%83%BC%E3%83%87%E3%82%A3%E3%83%B3%E3%82%B0%E7%BC%B6%E3%83%90%E3%83%83%E3%82%B8%20%E3%83%AD%E3%83%AD%E3%83%8E%E3%82%A2%E3%83%BB%E3%82%BE%E3%83%AD
1739,원피스 트레이딩 캔뱃지 나미,ONE PIECE トレーディング缶バッジ ナミ,,캔뱃지,원피스,점프 캐릭터즈 스토어,,False,False,manual_official_search_review,search_only_manual,manual_confirmation_required,20,ONE PIECE トレーディング缶バッジ ナミ,https://jumpcs.shueisha.co.jp/shop/goods/search.aspx?search=x&keyword=ONE%20PIECE%20%E3%83%88%E3%83%AC%E3%83%BC%E3%83%87%E3%82%A3%E3%83%B3%E3%82%B0%E7%BC%B6%E3%83%90%E3%83%83%E3%82%B8%20%E3%83%8A%E3%83%9F
1740,원피스 트레이딩 캔뱃지 상디,ONE PIECE トレーディング缶バッジ サンジ,,캔뱃지,원피스,점프 캐릭터즈 스토어,,False,False,manual_official_search_review,search_only_manual,manual_confirmation_required,20,ONE PIECE トレーディング缶バッジ サンジ,https://jumpcs.shueisha.co.jp/shop/goods/search.aspx?search=x&keyword=ONE%20PIECE%20%E3%83%88%E3%83%AC%E3%83%BC%E3%83%87%E3%82%A3%E3%83%B3%E3%82%B0%E7%BC%B6%E3%83%90%E3%83%83%E3%82%B8%20%E3%82%B5%E3%83%B3%E3%82%B8
1743,원피스 빅 캔뱃지 루피 기어5,ONE PIECE BIG缶バッジ ルフィ ギア5,,캔뱃지,원피스,점프 캐릭터즈 스토어,,False,False,manual_official_search_review,search_only_manual,manual_confirmation_required,20,ONE PIECE BIG缶バッジ ルフィ ギア5,https://jumpcs.shueisha.co.jp/shop/goods/search.aspx?search=x&keyword=ONE%20PIECE%20BIG%E7%BC%B6%E3%83%90%E3%83%83%E3%82%B8%20%E3%83%AB%E3%83%95%E3%82%A3%20%E3%82%AE%E3%82%A25
1746,원피스 클리어 파일 A4 밀짚모자 일당,ONE PIECE クリアファイルA4 麦わら一味,,문구,원피스,점프 캐릭터즈 스토어,,False,False,manual_official_search_review,search_only_manual,manual_confirmation_required,20,ONE PIECE クリアファイルA4 麦わら一味,https://jumpcs.shueisha.co.jp/shop/goods/search.aspx?search=x&keyword=ONE%20PIECE%20%E3%82%AF%E3%83%AA%E3%82%A2%E3%83%95%E3%82%A1%E3%82%A4%E3%83%ABA4%20%E9%BA%A6%E3%82%8F%E3%82%89%E4%B8%80%E5%91%B3
1748,원피스 일러스트 카드 컬렉션 루피,ONE PIECE イラストカードコレクション ルフィ,,문구,원피스,점프 캐릭터즈 스토어,,False,False,manual_official_search_review,search_only_manual,manual_confirmation_required,20,ONE PIECE イラストカードコレクション ルフィ,https://jumpcs.shueisha.co.jp/shop/goods/search.aspx?search=x&keyword=ONE%20PIECE%20%E3%82%A4%E3%83%A9%E3%82%B9%E3%83%88%E3%82%AB%E3%83%BC%E3%83%89%E3%82%B3%E3%83%AC%E3%82%AF%E3%82%B7%E3%83%A7%E3%83%B3%20%E3%83%AB%E3%83%95%E3%82%A3
1749,원피스 일러스트 카드 컬렉션 에이스&사보&루피,ONE PIECE イラストカードコレクション エース＆サボ＆ルフィ,,문구,원피스,AmiAmi,,False,False,manual_official_search_review,search_only_manual,manual_confirmation_required,20,ONE PIECE イラストカードコレクション エース＆サボ＆ルフィ,https://www.amiami.jp/top/search/list?s_keywords=ONE%20PIECE%20%E3%82%A4%E3%83%A9%E3%82%B9%E3%83%88%E3%82%AB%E3%83%BC%E3%83%89%E3%82%B3%E3%83%AC%E3%82%AF%E3%82%B7%E3%83%A7%E3%83%B3%20%E3%82%A8%E3%83%BC%E3%82%B9%EF%BC%86%E3%82%B5%E3%83%9C%EF%BC%86%E3%83%AB%E3%83%95%E3%82%A3
1750,체인소맨 트레이딩 캔뱃지 덴지,チェンソーマン トレーディング缶バッジ デンジ,,캔뱃지,체인소맨,점프 캐릭터즈 스토어,,False,False,manual_official_search_review,search_only_manual,manual_confirmation_required,20,チェンソーマン トレーディング缶バッジ デンジ,https://jumpcs.shueisha.co.jp/shop/goods/search.aspx?search=x&keyword=%E3%83%81%E3%82%A7%E3%83%B3%E3%82%BD%E3%83%BC%E3%83%9E%E3%83%B3%20%E3%83%88%E3%83%AC%E3%83%BC%E3%83%87%E3%82%A3%E3%83%B3%E3%82%B0%E7%BC%B6%E3%83%90%E3%83%83%E3%82%B8%20%E3%83%87%E3%83%B3%E3%82%B8
1751,체인소맨 트레이딩 캔뱃지 파워,チェンソーマン トレーディング缶バッジ パワー,,캔뱃지,체인소맨,점프 캐릭터즈 스토어,,False,False,manual_official_search_review,search_only_manual,manual_confirmation_required,20,チェンソーマン トレーディング缶バッジ パワー,https://jumpcs.shueisha.co.jp/shop/goods/search.aspx?search=x&keyword=%E3%83%81%E3%82%A7%E3%83%B3%E3%82%BD%E3%83%BC%E3%83%9E%E3%83%B3%20%E3%83%88%E3%83%AC%E3%83%BC%E3%83%87%E3%82%A3%E3%83%B3%E3%82%B0%E7%BC%B6%E3%83%90%E3%83%83%E3%82%B8%20%E3%83%91%E3%83%AF%E3%83%BC
1752,체인소맨 트레이딩 캔뱃지 마키마,チェンソーマン トレーディング缶バッジ マキマ,,캔뱃지,체인소맨,점프 캐릭터즈 스토어,,False,False,manual_official_search_review,search_only_manual,manual_confirmation_required,20,チェンソーマン トレーディング缶バッジ マキマ,https://jumpcs.shueisha.co.jp/shop/goods/search.aspx?search=x&keyword=%E3%83%81%E3%82%A7%E3%83%B3%E3%82%BD%E3%83%BC%E3%83%9E%E3%83%B3%20%E3%83%88%E3%83%AC%E3%83%BC%E3%83%87%E3%82%A3%E3%83%B3%E3%82%B0%E7%BC%B6%E3%83%90%E3%83%83%E3%82%B8%20%E3%83%9E%E3%82%AD%E3%83%9E
1753,체인소맨 트레이딩 캔뱃지 아키 하야카와,チェンソーマン トレーディング缶バッジ 早川アキ,,캔뱃지,체인소맨,점프 캐릭터즈 스토어,,False,False,manual_official_search_review,search_only_manual,manual_confirmation_required,20,チェンソーマン トレーディング缶バッジ 早川アキ,https://jumpcs.shueisha.co.jp/shop/goods/search.aspx?search=x&keyword=%E3%83%81%E3%82%A7%E3%83%B3%E3%82%BD%E3%83%BC%E3%83%9E%E3%83%B3%20%E3%83%88%E3%83%AC%E3%83%BC%E3%83%87%E3%82%A3%E3%83%B3%E3%82%B0%E7%BC%B6%E3%83%90%E3%83%83%E3%82%B8%20%E6%97%A9%E5%B7%9D%E3%82%A2%E3%82%AD
1758,체인소맨 클리어 파일 A4 덴지,チェンソーマン クリアファイルA4 デンジ,,문구,체인소맨,점프 캐릭터즈 스토어,,False,False,manual_official_search_review,search_only_manual,manual_confirmation_required,20,チェンソーマン クリアファイルA4 デンジ,https://jumpcs.shueisha.co.jp/shop/goods/search.aspx?search=x&keyword=%E3%83%81%E3%82%A7%E3%83%B3%E3%82%BD%E3%83%BC%E3%83%9E%E3%83%B3%20%E3%82%AF%E3%83%AA%E3%82%A2%E3%83%95%E3%82%A1%E3%82%A4%E3%83%ABA4%20%E3%83%87%E3%83%B3%E3%82%B8
1760,체인소맨 일러스트 카드 컬렉션 마키마,チェンソーマン イラストカードコレクション マキマ,,문구,체인소맨,점프 캐릭터즈 스토어,,False,False,manual_official_search_review,search_only_manual,manual_confirmation_required,20,チェンソーマン イラストカードコレクション マキマ,https://jumpcs.shueisha.co.jp/shop/goods/search.aspx?search=x&keyword=%E3%83%81%E3%82%A7%E3%83%B3%E3%82%BD%E3%83%BC%E3%83%9E%E3%83%B3%20%E3%82%A4%E3%83%A9%E3%82%B9%E3%83%88%E3%82%AB%E3%83%BC%E3%83%89%E3%82%B3%E3%83%AC%E3%82%AF%E3%82%B7%E3%83%A7%E3%83%B3%20%E3%83%9E%E3%82%AD%E3%83%9E
1761,체인소맨 일러스트 카드 컬렉션 아키,チェンソーマン イラストカードコレクション アキ,,문구,체인소맨,AmiAmi,,False,False,manual_official_search_review,search_only_manual,manual_confirmation_required,20,チェンソーマン イラストカードコレクション アキ,https://www.amiami.jp/top/search/list?s_keywords=%E3%83%81%E3%82%A7%E3%83%B3%E3%82%BD%E3%83%BC%E3%83%9E%E3%83%B3%20%E3%82%A4%E3%83%A9%E3%82%B9%E3%83%88%E3%82%AB%E3%83%BC%E3%83%89%E3%82%B3%E3%83%AC%E3%82%AF%E3%82%B7%E3%83%A7%E3%83%B3%20%E3%82%A2%E3%82%AD
1762,체인소맨 학원 시리즈 캔뱃지 덴지,チェンソーマン 学園シリーズ缶バッジ デンジ,,캔뱃지,체인소맨,AmiAmi,,False,False,manual_official_search_review,search_only_manual,manual_confirmation_required,20,チェンソーマン 学園シリーズ缶バッジ デンジ,https://www.amiami.jp/top/search/list?s_keywords=%E3%83%81%E3%82%A7%E3%83%B3%E3%82%BD%E3%83%BC%E3%83%9E%E3%83%B3%20%E5%AD%A6%E5%9C%92%E3%82%B7%E3%83%AA%E3%83%BC%E3%82%BA%E7%BC%B6%E3%83%90%E3%83%83%E3%82%B8%20%E3%83%87%E3%83%B3%E3%82%B8
1771,하츠네 미쿠 학원 시리즈 캔뱃지,初音ミク 学園シリーズ缶バッジ,,캔뱃지,하츠네 미쿠,AmiAmi,,False,False,manual_official_search_review,search_only_manual,manual_confirmation_required,20,初音ミク 学園シリーズ缶バッジ,https://www.amiami.jp/top/search/list?s_keywords=%E5%88%9D%E9%9F%B3%E3%83%9F%E3%82%AF%20%E5%AD%A6%E5%9C%92%E3%82%B7%E3%83%AA%E3%83%BC%E3%82%BA%E7%BC%B6%E3%83%90%E3%83%83%E3%82%B8
1775,하츠네 미쿠 일러스트 카드 컬렉션 눈 미쿠,初音ミク イラストカードコレクション 雪ミク,,문구,하츠네 미쿠,AmiAmi,,False,False,manual_official_search_review,search_only_manual,manual_confirmation_required,20,初音ミク イラストカードコレクション 雪ミク,https://www.amiami.jp/top/search/list?s_keywords=%E5%88%9D%E9%9F%B3%E3%83%9F%E3%82%AF%20%E3%82%A4%E3%83%A9%E3%82%B9%E3%83%88%E3%82%AB%E3%83%BC%E3%83%89%E3%82%B3%E3%83%AC%E3%82%AF%E3%82%B7%E3%83%A7%E3%83%B3%20%E9%9B%AA%E3%83%9F%E3%82%AF
1779,헌터X헌터 레오리오 마이크로 화이버 타올,HUNTER×HUNTER レオリオ マイクロファイバータオル,,타월,헌터X헌터,Cospa,,False,False,manual_official_search_review,search_only_manual,manual_confirmation_required,20,HUNTER×HUNTER レオリオ マイクロファイバータオル,https://www.cospa.com/cospa/itemlist/id/00000/mode/title/page/1/series_index/HUNTER%C3%97HUNTER%20%E3%83%AC%E3%82%AA%E3%83%AA%E3%82%AA%20%E3%83%9E%E3%82%A4%E3%82%AF%E3%83%AD%E3%83%95%E3%82%A1%E3%82%A4%E3%83%90%E3%83%BC%E3%82%BF%E3%82%AA%E3%83%AB
1780,헌터X헌터 히소카 토트백,HUNTER×HUNTER ヒソカ トートバッグ,,가방,헌터X헌터,Cospa,,False,False,manual_official_search_review,search_only_manual,manual_confirmation_required,20,HUNTER×HUNTER ヒソカ トートバッグ,https://www.cospa.com/cospa/itemlist/id/00000/mode/title/page/1/series_index/HUNTER%C3%97HUNTER%20%E3%83%92%E3%82%BD%E3%82%AB%20%E3%83%88%E3%83%BC%E3%83%88%E3%83%90%E3%83%83%E3%82%B0
1786,주술회전 나나미 켄토 토트백,呪術廻戦 七海建人 トートバッグ,,가방,주술회전,Cospa,,False,False,manual_official_search_review,search_only_manual,manual_confirmation_required,20,呪術廻戦 七海建人 トートバッグ,https://www.cospa.com/cospa/itemlist/id/00000/mode/title/page/1/series_index/%E5%91%AA%E8%A1%93%E5%BB%BB%E6%88%A6%20%E4%B8%83%E6%B5%B7%E5%BB%BA%E4%BA%BA%20%E3%83%88%E3%83%BC%E3%83%88%E3%83%90%E3%83%83%E3%82%B0
1800,단간론파 모노쿠마 토트백,ダンガンロンパ モノクマ トートバッグ,,가방,단간론파,Cospa,,False,False,manual_official_search_review,search_only_manual,manual_confirmation_required,20,ダンガンロンパ モノクマ トートバッグ,https://www.cospa.com/cospa/itemlist/id/00000/mode/title/page/1/series_index/%E3%83%80%E3%83%B3%E3%82%AC%E3%83%B3%E3%83%AD%E3%83%B3%E3%83%91%20%E3%83%A2%E3%83%8E%E3%82%AF%E3%83%9E%20%E3%83%88%E3%83%BC%E3%83%88%E3%83%90%E3%83%83%E3%82%B0
1806,장송의 프리렌 히멜 토트백,葬送のフリーレン ヒンメル トートバッグ,,가방,장송의 프리렌,Cospa,,False,False,manual_official_search_review,search_only_manual,manual_confirmation_required,20,葬送のフリーレン ヒンメル トートバッグ,https://www.cospa.com/cospa/itemlist/id/00000/mode/title/page/1/series_index/%E8%91%AC%E9%80%81%E3%81%AE%E3%83%95%E3%83%AA%E3%83%BC%E3%83%AC%E3%83%B3%20%E3%83%92%E3%83%B3%E3%83%A1%E3%83%AB%20%E3%83%88%E3%83%BC%E3%83%88%E3%83%90%E3%83%83%E3%82%B0
1820,나의 히어로 아카데미아 올마이트 토트백,僕のヒーローアカデミア オールマイト トートバッグ,,가방,나의 히어로 아카데미아,Cospa,,False,False,manual_official_search_review,search_only_manual,manual_confirmation_required,20,僕のヒーローアカデミア オールマイト トートバッグ,https://www.cospa.com/cospa/itemlist/id/00000/mode/title/page/1/series_index/%E5%83%95%E3%81%AE%E3%83%92%E3%83%BC%E3%83%AD%E3%83%BC%E3%82%A2%E3%82%AB%E3%83%87%E3%83%9F%E3%82%A2%20%E3%82%AA%E3%83%BC%E3%83%AB%E3%83%9E%E3%82%A4%E3%83%88%20%E3%83%88%E3%83%BC%E3%83%88%E3%83%90%E3%83%83%E3%82%B0
1826,귀멸의 칼날 젠이츠 마이크로 화이버 타올,鬼滅の刃 我妻善逸 マイクロファイバータオル,,타월,귀멸의 칼날,Cospa,,False,False,manual_official_search_review,search_only_manual,manual_confirmation_required,20,鬼滅の刃 我妻善逸 マイクロファイバータオル,https://www.cospa.com/cospa/itemlist/id/00000/mode/title/page/1/series_index/%E9%AC%BC%E6%BB%85%E3%81%AE%E5%88%83%20%E6%88%91%E5%A6%BB%E5%96%84%E9%80%B8%20%E3%83%9E%E3%82%A4%E3%82%AF%E3%83%AD%E3%83%95%E3%82%A1%E3%82%A4%E3%83%90%E3%83%BC%E3%82%BF%E3%82%AA%E3%83%AB
1833,원피스 루피 머그컵,ONE PIECE モンキー・D・ルフィ マグカップ,,머그컵,원피스,점프 캐릭터즈 스토어,,False,False,manual_official_search_review,search_only_manual,manual_confirmation_required,20,ONE PIECE モンキー・D・ルフィ マグカップ,https://jumpcs.shueisha.co.jp/shop/goods/search.aspx?search=x&keyword=ONE%20PIECE%20%E3%83%A2%E3%83%B3%E3%82%AD%E3%83%BC%E3%83%BBD%E3%83%BB%E3%83%AB%E3%83%95%E3%82%A3%20%E3%83%9E%E3%82%B0%E3%82%AB%E3%83%83%E3%83%97
1834,원피스 조로 머그컵,ONE PIECE ロロノア・ゾロ マグカップ,,머그컵,원피스,점프 캐릭터즈 스토어,,False,False,manual_official_search_review,search_only_manual,manual_confirmation_required,20,ONE PIECE ロロノア・ゾロ マグカップ,https://jumpcs.shueisha.co.jp/shop/goods/search.aspx?search=x&keyword=ONE%20PIECE%20%E3%83%AD%E3%83%AD%E3%83%8E%E3%82%A2%E3%83%BB%E3%82%BE%E3%83%AD%20%E3%83%9E%E3%82%B0%E3%82%AB%E3%83%83%E3%83%97
1835,원피스 나미 타올,ONE PIECE ナミ タオル,,타월,원피스,Bandai Premium,,False,False,manual_official_search_review,search_only_manual,manual_confirmation_required,20,ONE PIECE ナミ タオル,https://p-bandai.jp/search/?q=ONE%20PIECE%20%E3%83%8A%E3%83%9F%20%E3%82%BF%E3%82%AA%E3%83%AB
1836,원피스 상디 토트백,ONE PIECE サンジ トートバッグ,,가방,원피스,Bandai Premium,,False,False,manual_official_search_review,search_only_manual,manual_confirmation_required,20,ONE PIECE サンジ トートバッグ,https://p-bandai.jp/search/?q=ONE%20PIECE%20%E3%82%B5%E3%83%B3%E3%82%B8%20%E3%83%88%E3%83%BC%E3%83%88%E3%83%90%E3%83%83%E3%82%B0
1837,원피스 트라팔가 로 우치와,ONE PIECE トラファルガー・ロー うちわ,,응원용품,원피스,점프 캐릭터즈 스토어,,False,False,manual_official_search_review,search_only_manual,manual_confirmation_required,20,ONE PIECE トラファルガー・ロー うちわ,https://jumpcs.shueisha.co.jp/shop/goods/search.aspx?search=x&keyword=ONE%20PIECE%20%E3%83%88%E3%83%A9%E3%83%95%E3%82%A1%E3%83%AB%E3%82%AC%E3%83%BC%E3%83%BB%E3%83%AD%E3%83%BC%20%E3%81%86%E3%81%A1%E3%82%8F
1839,원피스 사보 의상 변경 머그컵,ONE PIECE サボ 衣装替え マグカップ,,머그컵,원피스,점프 캐릭터즈 스토어,,False,False,manual_official_search_review,search_only_manual,manual_confirmation_required,20,ONE PIECE サボ 衣装替え マグカップ,https://jumpcs.shueisha.co.jp/shop/goods/search.aspx?search=x&keyword=ONE%20PIECE%20%E3%82%B5%E3%83%9C%20%E8%A1%A3%E8%A3%85%E6%9B%BF%E3%81%88%20%E3%83%9E%E3%82%B0%E3%82%AB%E3%83%83%E3%83%97
1840,원피스 쵸파 머그컵,ONE PIECE チョッパー マグカップ,,머그컵,원피스,Bandai Premium,,False,False,manual_official_search_review,search_only_manual,manual_confirmation_required,20,ONE PIECE チョッパー マグカップ,https://p-bandai.jp/search/?q=ONE%20PIECE%20%E3%83%81%E3%83%A7%E3%83%83%E3%83%91%E3%83%BC%20%E3%83%9E%E3%82%B0%E3%82%AB%E3%83%83%E3%83%97
1849,체인소맨 덴지 머그컵,チェンソーマン デンジ マグカップ,,머그컵,체인소맨,점프 캐릭터즈 스토어,,False,False,manual_official_search_review,search_only_manual,manual_confirmation_required,20,チェンソーマン デンジ マグカップ,https://jumpcs.shueisha.co.jp/shop/goods/search.aspx?search=x&keyword=%E3%83%81%E3%82%A7%E3%83%B3%E3%82%BD%E3%83%BC%E3%83%9E%E3%83%B3%20%E3%83%87%E3%83%B3%E3%82%B8%20%E3%83%9E%E3%82%B0%E3%82%AB%E3%83%83%E3%83%97
1850,체인소맨 마키마 머그컵,チェンソーマン マキマ マグカップ,,머그컵,체인소맨,점프 캐릭터즈 스토어,,False,False,manual_official_search_review,search_only_manual,manual_confirmation_required,20,チェンソーマン マキマ マグカップ,https://jumpcs.shueisha.co.jp/shop/goods/search.aspx?search=x&keyword=%E3%83%81%E3%82%A7%E3%83%B3%E3%82%BD%E3%83%BC%E3%83%9E%E3%83%B3%20%E3%83%9E%E3%82%AD%E3%83%9E%20%E3%83%9E%E3%82%B0%E3%82%AB%E3%83%83%E3%83%97
1851,체인소맨 파워 마이크로 화이버 타올,チェンソーマン パワー マイクロファイバータオル,,타월,체인소맨,Cospa,,False,False,manual_official_search_review,search_only_manual,manual_confirmation_required,20,チェンソーマン パワー マイクロファイバータオル,https://www.cospa.com/cospa/itemlist/id/00000/mode/title/page/1/series_index/%E3%83%81%E3%82%A7%E3%83%B3%E3%82%BD%E3%83%BC%E3%83%9E%E3%83%B3%20%E3%83%91%E3%83%AF%E3%83%BC%20%E3%83%9E%E3%82%A4%E3%82%AF%E3%83%AD%E3%83%95%E3%82%A1%E3%82%A4%E3%83%90%E3%83%BC%E3%82%BF%E3%82%AA%E3%83%AB
1856,체인소맨 키시베 머그컵,チェンソーマン 岸辺 マグカップ,,머그컵,체인소맨,점프 캐릭터즈 스토어,,False,False,manual_official_search_review,search_only_manual,manual_confirmation_required,20,チェンソーマン 岸辺 マグカップ,https://jumpcs.shueisha.co.jp/shop/goods/search.aspx?search=x&keyword=%E3%83%81%E3%82%A7%E3%83%B3%E3%82%BD%E3%83%BC%E3%83%9E%E3%83%B3%20%E5%B2%B8%E8%BE%BA%20%E3%83%9E%E3%82%B0%E3%82%AB%E3%83%83%E3%83%97
1934,POP 보아 핸콕,Portrait.Of.Pirates ボア・ハンコック,,피규어,원피스,메가하우스,,False,False,manual_official_search_review,search_only_manual,manual_confirmation_required,20,Portrait.Of.Pirates ボア・ハンコック,https://www.megahobby.jp/products/?s=Portrait.Of.Pirates%20%E3%83%9C%E3%82%A2%E3%83%BB%E3%83%8F%E3%83%B3%E3%82%B3%E3%83%83%E3%82%AF
1935,POP 니코 로빈,Portrait.Of.Pirates ニコ・ロビン,,피규어,원피스,메가하우스,,False,False,manual_official_search_review,search_only_manual,manual_confirmation_required,20,Portrait.Of.Pirates ニコ・ロビン,https://www.megahobby.jp/products/?s=Portrait.Of.Pirates%20%E3%83%8B%E3%82%B3%E3%83%BB%E3%83%AD%E3%83%93%E3%83%B3
1936,POP 트라팔가 로,Portrait.Of.Pirates トラファルガー・ロー,,피규어,원피스,메가하우스,,False,False,manual_official_search_review,search_only_manual,manual_confirmation_required,20,Portrait.Of.Pirates トラファルガー・ロー,https://www.megahobby.jp/products/?s=Portrait.Of.Pirates%20%E3%83%88%E3%83%A9%E3%83%95%E3%82%A1%E3%83%AB%E3%82%AC%E3%83%BC%E3%83%BB%E3%83%AD%E3%83%BC
2204,원피스 아크릴 스탠드 (카이도),ONE PIECE アクリルスタンド (カイドウ),,아크릴 스탠드,원피스,무기와라스토어,,False,False,manual_official_search_review,search_only_manual,manual_confirmation_required,20,ONE PIECE アクリルスタンド (カイドウ),https://www.google.com/search?q=site%3Amugiwara-store.com%20ONE%20PIECE%20%E3%82%A2%E3%82%AF%E3%83%AA%E3%83%AB%E3%82%B9%E3%82%BF%E3%83%B3%E3%83%89%20%28%E3%82%AB%E3%82%A4%E3%83%89%E3%82%A6%29
2205,원피스 아크릴 스탠드 (빅맘),ONE PIECE アクリルスタンド (ビッグ・マム),,아크릴 스탠드,원피스,무기와라스토어,,False,False,manual_official_search_review,search_only_manual,manual_confirmation_required,20,ONE PIECE アクリルスタンド (ビッグ・マム),https://www.google.com/search?q=site%3Amugiwara-store.com%20ONE%20PIECE%20%E3%82%A2%E3%82%AF%E3%83%AA%E3%83%AB%E3%82%B9%E3%82%BF%E3%83%B3%E3%83%89%20%28%E3%83%93%E3%83%83%E3%82%B0%E3%83%BB%E3%83%9E%E3%83%A0%29
2206,원피스 아크릴 스탠드 (야마토),ONE PIECE アクリルスタンド (ヤマト),,아크릴 스탠드,원피스,무기와라스토어,,False,False,manual_official_search_review,search_only_manual,manual_confirmation_required,20,ONE PIECE アクリルスタンド (ヤマト),https://www.google.com/search?q=site%3Amugiwara-store.com%20ONE%20PIECE%20%E3%82%A2%E3%82%AF%E3%83%AA%E3%83%AB%E3%82%B9%E3%82%BF%E3%83%B3%E3%83%89%20%28%E3%83%A4%E3%83%9E%E3%83%88%29
2207,원피스 아크릴 스탠드 (카타쿠리),ONE PIECE アクリルスタンド (カタクリ),,아크릴 스탠드,원피스,무기와라스토어,,False,False,manual_official_search_review,search_only_manual,manual_confirmation_required,20,ONE PIECE アクリルスタンド (カタクリ),https://www.google.com/search?q=site%3Amugiwara-store.com%20ONE%20PIECE%20%E3%82%A2%E3%82%AF%E3%83%AA%E3%83%AB%E3%82%B9%E3%82%BF%E3%83%B3%E3%83%89%20%28%E3%82%AB%E3%82%BF%E3%82%AF%E3%83%AA%29
2208,원피스 아크릴 스탠드 (광신),ONE PIECE アクリルスタンド (狂死郎),,아크릴 스탠드,원피스,무기와라스토어,,False,False,manual_official_search_review,search_only_manual,manual_confirmation_required,20,ONE PIECE アクリルスタンド (狂死郎),https://www.google.com/search?q=site%3Amugiwara-store.com%20ONE%20PIECE%20%E3%82%A2%E3%82%AF%E3%83%AA%E3%83%AB%E3%82%B9%E3%82%BF%E3%83%B3%E3%83%89%20%28%E7%8B%82%E6%AD%BB%E9%83%8E%29
2209,원피스 캔뱃지 (카이도),ONE PIECE 缶バッジ (カイドウ),,캔뱃지,원피스,무기와라스토어,,False,False,manual_official_search_review,search_only_manual,manual_confirmation_required,20,ONE PIECE 缶バッジ (カイドウ),https://www.google.com/search?q=site%3Amugiwara-store.com%20ONE%20PIECE%20%E7%BC%B6%E3%83%90%E3%83%83%E3%82%B8%20%28%E3%82%AB%E3%82%A4%E3%83%89%E3%82%A6%29
2210,원피스 캔뱃지 (야마토),ONE PIECE 缶バッジ (ヤマト),,캔뱃지,원피스,무기와라스토어,,False,False,manual_official_search_review,search_only_manual,manual_confirmation_required,20,ONE PIECE 缶バッジ (ヤマト),https://www.google.com/search?q=site%3Amugiwara-store.com%20ONE%20PIECE%20%E7%BC%B6%E3%83%90%E3%83%83%E3%82%B8%20%28%E3%83%A4%E3%83%9E%E3%83%88%29
2211,원피스 트레이딩 캔뱃지 (사황),ONE PIECE トレーディング缶バッジ (四皇),,캔뱃지,원피스,무기와라스토어,,False,False,manual_official_search_review,search_only_manual,manual_confirmation_required,20,ONE PIECE トレーディング缶バッジ (四皇),https://www.google.com/search?q=site%3Amugiwara-store.com%20ONE%20PIECE%20%E3%83%88%E3%83%AC%E3%83%BC%E3%83%87%E3%82%A3%E3%83%B3%E3%82%B0%E7%BC%B6%E3%83%90%E3%83%83%E3%82%B8%20%28%E5%9B%9B%E7%9A%87%29
2212,원피스 키링 (카이도),ONE PIECE キーホルダー (カイドウ),,키링,원피스,무기와라스토어,,False,False,manual_official_search_review,search_only_manual,manual_confirmation_required,20,ONE PIECE キーホルダー (カイドウ),https://www.google.com/search?q=site%3Amugiwara-store.com%20ONE%20PIECE%20%E3%82%AD%E3%83%BC%E3%83%9B%E3%83%AB%E3%83%80%E3%83%BC%20%28%E3%82%AB%E3%82%A4%E3%83%89%E3%82%A6%29
2213,원피스 키링 (야마토),ONE PIECE キーホルダー (ヤマト),,키링,원피스,무기와라스토어,,False,False,manual_official_search_review,search_only_manual,manual_confirmation_required,20,ONE PIECE キーホルダー (ヤマト),https://www.google.com/search?q=site%3Amugiwara-store.com%20ONE%20PIECE%20%E3%82%AD%E3%83%BC%E3%83%9B%E3%83%AB%E3%83%80%E3%83%BC%20%28%E3%83%A4%E3%83%9E%E3%83%88%29
2214,원피스 러버 스트랩 (카타쿠리),ONE PIECE ラバーストラップ (カタクリ),,키링,원피스,무기와라스토어,,False,False,manual_official_search_review,search_only_manual,manual_confirmation_required,20,ONE PIECE ラバーストラップ (カタクリ),https://www.google.com/search?q=site%3Amugiwara-store.com%20ONE%20PIECE%20%E3%83%A9%E3%83%90%E3%83%BC%E3%82%B9%E3%83%88%E3%83%A9%E3%83%83%E3%83%97%20%28%E3%82%AB%E3%82%BF%E3%82%AF%E3%83%AA%29
2215,원피스 봉제 인형 (야마토),ONE PIECE ぬいぐるみ (ヤマト),,인형,원피스,무기와라스토어,,False,False,manual_official_search_review,search_only_manual,manual_confirmation_required,20,ONE PIECE ぬいぐるみ (ヤマト),https://www.google.com/search?q=site%3Amugiwara-store.com%20ONE%20PIECE%20%E3%81%AC%E3%81%84%E3%81%90%E3%82%8B%E3%81%BF%20%28%E3%83%A4%E3%83%9E%E3%83%88%29
2216,원피스 봉제 인형 (카이도 용 형태),ONE PIECE ぬいぐるみ (カイドウ 龍形態),,인형,원피스,무기와라스토어,,False,False,manual_official_search_review,search_only_manual,manual_confirmation_required,20,ONE PIECE ぬいぐるみ (カイドウ 龍形態),https://www.google.com/search?q=site%3Amugiwara-store.com%20ONE%20PIECE%20%E3%81%AC%E3%81%84%E3%81%90%E3%82%8B%E3%81%BF%20%28%E3%82%AB%E3%82%A4%E3%83%89%E3%82%A6%20%E9%BE%8D%E5%BD%A2%E6%85%8B%29
2217,원피스 미니 피규어 (사황 컬렉션),ONE PIECE ミニフィギュア (四皇),,피규어,원피스,무기와라스토어,,False,False,manual_official_search_review,search_only_manual,manual_confirmation_required,20,ONE PIECE ミニフィギュア (四皇),https://www.google.com/search?q=site%3Amugiwara-store.com%20ONE%20PIECE%20%E3%83%9F%E3%83%8B%E3%83%95%E3%82%A3%E3%82%AE%E3%83%A5%E3%82%A2%20%28%E5%9B%9B%E7%9A%87%29
2218,원피스 클리어 파일 (와노쿠니),ONE PIECE クリアファイル (ワノ国),,문구,원피스,무기와라스토어,,False,False,manual_official_search_review,search_only_manual,manual_confirmation_required,20,ONE PIECE クリアファイル (ワノ国),https://www.google.com/search?q=site%3Amugiwara-store.com%20ONE%20PIECE%20%E3%82%AF%E3%83%AA%E3%82%A2%E3%83%95%E3%82%A1%E3%82%A4%E3%83%AB%20%28%E3%83%AF%E3%83%8E%E5%9B%BD%29
1183,쵸코노세 프리미엄 피규어 카가미네 린,ちょこのせプレミアムフィギュア 鏡音リン,,피규어,하츠네 미쿠,SEGA,,False,False,prize_detail_validation,search_only_requires_detail_validation,detail_page_validation_required,25,ちょこのせプレミアムフィギュア 鏡音リン,https://segaplaza.jp/search/?word=%E3%81%A1%E3%82%87%E3%81%93%E3%81%AE%E3%81%9B%E3%83%97%E3%83%AC%E3%83%9F%E3%82%A2%E3%83%A0%E3%83%95%E3%82%A3%E3%82%AE%E3%83%A5%E3%82%A2%20%E9%8F%A1%E9%9F%B3%E3%83%AA%E3%83%B3
972,치이카와 중국 팝업 한정 마스코트 (상하이),ちいかわ 中国限定マスコット (上海),,마스코트,치이카와,치이카와 중국 팝업스토어,,False,False,manual_review,manual_only,manual_research_required,30,ちいかわ 中国限定マスコット (上海),https://www.google.com/search?q=%EC%B9%98%EC%9D%B4%EC%B9%B4%EC%99%80%20%EC%A4%91%EA%B5%AD%20%ED%8C%9D%EC%97%85%20%ED%95%9C%EC%A0%95%20%EB%A7%88%EC%8A%A4%EC%BD%94%ED%8A%B8%20%28%EC%83%81%ED%95%98%EC%9D%B4%29
973,하치와레 중국 팝업 한정 마스코트 (상하이),ハチワレ 中国限定マスコット (上海),,마스코트,치이카와,치이카와 중국 팝업스토어,,False,False,manual_review,manual_only,manual_research_required,30,ハチワレ 中国限定マスコット (上海),https://www.google.com/search?q=%ED%95%98%EC%B9%98%EC%99%80%EB%A0%88%20%EC%A4%91%EA%B5%AD%20%ED%8C%9D%EC%97%85%20%ED%95%9C%EC%A0%95%20%EB%A7%88%EC%8A%A4%EC%BD%94%ED%8A%B8%20%28%EC%83%81%ED%95%98%EC%9D%B4%29
974,우사기 중국 팝업 한정 마스코트 (상하이),うさぎ 中国限定マスコット (上海),,마스코트,치이카와,치이카와 중국 팝업스토어,,False,False,manual_review,manual_only,manual_research_required,30,うさぎ 中国限定マスコット (上海),https://www.google.com/search?q=%EC%9A%B0%EC%82%AC%EA%B8%B0%20%EC%A4%91%EA%B5%AD%20%ED%8C%9D%EC%97%85%20%ED%95%9C%EC%A0%95%20%EB%A7%88%EC%8A%A4%EC%BD%94%ED%8A%B8%20%28%EC%83%81%ED%95%98%EC%9D%B4%29
975,치이카와 중국 팝업 한정 아크릴 스탠드 (상하이),ちいかわ 中国限定アクリルスタンド (上海),,아크릴 스탠드,치이카와,치이카와 중국 팝업스토어,,False,False,manual_review,manual_only,manual_research_required,30,ちいかわ 中国限定アクリルスタンド (上海),https://www.google.com/search?q=%EC%B9%98%EC%9D%B4%EC%B9%B4%EC%99%80%20%EC%A4%91%EA%B5%AD%20%ED%8C%9D%EC%97%85%20%ED%95%9C%EC%A0%95%20%EC%95%84%ED%81%AC%EB%A6%B4%20%EC%8A%A4%ED%83%A0%EB%93%9C%20%28%EC%83%81%ED%95%98%EC%9D%B4%29
976,치이카와 중국 팝업 한정 캔뱃지 세트 (상하이),ちいかわ 中国限定缶バッジセット (上海),,캔뱃지,치이카와,치이카와 중국 팝업스토어,,False,False,manual_review,manual_only,manual_research_required,30,ちいかわ 中国限定缶バッジセット (上海),https://www.google.com/search?q=%EC%B9%98%EC%9D%B4%EC%B9%B4%EC%99%80%20%EC%A4%91%EA%B5%AD%20%ED%8C%9D%EC%97%85%20%ED%95%9C%EC%A0%95%20%EC%BA%94%EB%B1%83%EC%A7%80%20%EC%84%B8%ED%8A%B8%20%28%EC%83%81%ED%95%98%EC%9D%B4%29
977,치이카와 중국 팝업 한정 마스코트 (항저우),ちいかわ 中国限定マスコット (杭州),,마스코트,치이카와,치이카와 중국 팝업스토어,,False,False,manual_review,manual_only,manual_research_required,30,ちいかわ 中国限定マスコット (杭州),https://www.google.com/search?q=%EC%B9%98%EC%9D%B4%EC%B9%B4%EC%99%80%20%EC%A4%91%EA%B5%AD%20%ED%8C%9D%EC%97%85%20%ED%95%9C%EC%A0%95%20%EB%A7%88%EC%8A%A4%EC%BD%94%ED%8A%B8%20%28%ED%95%AD%EC%A0%80%EC%9A%B0%29
978,하치와레 중국 팝업 한정 마스코트 (항저우),ハチワレ 中国限定マスコット (杭州),,마스코트,치이카와,치이카와 중국 팝업스토어,,False,False,manual_review,manual_only,manual_research_required,30,ハチワレ 中国限定マスコット (杭州),https://www.google.com/search?q=%ED%95%98%EC%B9%98%EC%99%80%EB%A0%88%20%EC%A4%91%EA%B5%AD%20%ED%8C%9D%EC%97%85%20%ED%95%9C%EC%A0%95%20%EB%A7%88%EC%8A%A4%EC%BD%94%ED%8A%B8%20%28%ED%95%AD%EC%A0%80%EC%9A%B0%29
979,치이카와 중국 팝업 한정 아크릴 키홀더 (항저우),ちいかわ 中国限定アクリルキーホルダー (杭州),,아크릴 키링,치이카와,치이카와 중국 팝업스토어,,False,False,manual_review,manual_only,manual_research_required,30,ちいかわ 中国限定アクリルキーホルダー (杭州),https://www.google.com/search?q=%EC%B9%98%EC%9D%B4%EC%B9%B4%EC%99%80%20%EC%A4%91%EA%B5%AD%20%ED%8C%9D%EC%97%85%20%ED%95%9C%EC%A0%95%20%EC%95%84%ED%81%AC%EB%A6%B4%20%ED%82%A4%ED%99%80%EB%8D%94%20%28%ED%95%AD%EC%A0%80%EC%9A%B0%29
980,치이카와 중국 팝업 한정 마스코트 (베이징),ちいかわ 中国限定マスコット (北京),,마스코트,치이카와,치이카와 중국 팝업스토어,,False,False,manual_review,manual_only,manual_research_required,30,ちいかわ 中国限定マスコット (北京),https://www.google.com/search?q=%EC%B9%98%EC%9D%B4%EC%B9%B4%EC%99%80%20%EC%A4%91%EA%B5%AD%20%ED%8C%9D%EC%97%85%20%ED%95%9C%EC%A0%95%20%EB%A7%88%EC%8A%A4%EC%BD%94%ED%8A%B8%20%28%EB%B2%A0%EC%9D%B4%EC%A7%95%29
981,하치와레 중국 팝업 한정 마스코트 (베이징),ハチワレ 中国限定マスコット (北京),,마스코트,치이카와,치이카와 중국 팝업스토어,,False,False,manual_review,manual_only,manual_research_required,30,ハチワレ 中国限定マスコット (北京),https://www.google.com/search?q=%ED%95%98%EC%B9%98%EC%99%80%EB%A0%88%20%EC%A4%91%EA%B5%AD%20%ED%8C%9D%EC%97%85%20%ED%95%9C%EC%A0%95%20%EB%A7%88%EC%8A%A4%EC%BD%94%ED%8A%B8%20%28%EB%B2%A0%EC%9D%B4%EC%A7%95%29
982,우사기 중국 팝업 한정 아크릴 스탠드 (베이징),うさぎ 中国限定アクリルスタンド (北京),,아크릴 스탠드,치이카와,치이카와 중국 팝업스토어,,False,False,manual_review,manual_only,manual_research_required,30,うさぎ 中国限定アクリルスタンド (北京),https://www.google.com/search?q=%EC%9A%B0%EC%82%AC%EA%B8%B0%20%EC%A4%91%EA%B5%AD%20%ED%8C%9D%EC%97%85%20%ED%95%9C%EC%A0%95%20%EC%95%84%ED%81%AC%EB%A6%B4%20%EC%8A%A4%ED%83%A0%EB%93%9C%20%28%EB%B2%A0%EC%9D%B4%EC%A7%95%29
983,치이카와 중국 팝업 한정 마스코트 (청두),ちいかわ 中国限定マスコット (成都),,마스코트,치이카와,치이카와 중국 팝업스토어,,False,False,manual_review,manual_only,manual_research_required,30,ちいかわ 中国限定マスコット (成都),https://www.google.com/search?q=%EC%B9%98%EC%9D%B4%EC%B9%B4%EC%99%80%20%EC%A4%91%EA%B5%AD%20%ED%8C%9D%EC%97%85%20%ED%95%9C%EC%A0%95%20%EB%A7%88%EC%8A%A4%EC%BD%94%ED%8A%B8%20%28%EC%B2%AD%EB%91%90%29
984,하치와레 중국 팝업 한정 캔뱃지 (청두),ハチワレ 中国限定缶バッジ (成都),,캔뱃지,치이카와,치이카와 중국 팝업스토어,,False,False,manual_review,manual_only,manual_research_required,30,ハチワレ 中国限定缶バッジ (成都),https://www.google.com/search?q=%ED%95%98%EC%B9%98%EC%99%80%EB%A0%88%20%EC%A4%91%EA%B5%AD%20%ED%8C%9D%EC%97%85%20%ED%95%9C%EC%A0%95%20%EC%BA%94%EB%B1%83%EC%A7%80%20%28%EC%B2%AD%EB%91%90%29
985,치이카와 중국 팝업 한정 마스코트 (광저우),ちいかわ 中国限定マスコット (広州),,마스코트,치이카와,치이카와 중국 팝업스토어,,False,False,manual_review,manual_only,manual_research_required,30,ちいかわ 中国限定マスコット (広州),https://www.google.com/search?q=%EC%B9%98%EC%9D%B4%EC%B9%B4%EC%99%80%20%EC%A4%91%EA%B5%AD%20%ED%8C%9D%EC%97%85%20%ED%95%9C%EC%A0%95%20%EB%A7%88%EC%8A%A4%EC%BD%94%ED%8A%B8%20%28%EA%B4%91%EC%A0%80%EC%9A%B0%29
986,우사기 중국 팝업 한정 마스코트 (광저우),うさぎ 中国限定マスコット (広州),,마스코트,치이카와,치이카와 중국 팝업스토어,,False,False,manual_review,manual_only,manual_research_required,30,うさぎ 中国限定マスコット (広州),https://www.google.com/search?q=%EC%9A%B0%EC%82%AC%EA%B8%B0%20%EC%A4%91%EA%B5%AD%20%ED%8C%9D%EC%97%85%20%ED%95%9C%EC%A0%95%20%EB%A7%88%EC%8A%A4%EC%BD%94%ED%8A%B8%20%28%EA%B4%91%EC%A0%80%EC%9A%B0%29
987,치이카와 x 미니소 봉제인형 (중국 콜라보),ちいかわ × MINISO ぬいぐるみ (中国コラボ),,인형,치이카와,MINISO 중국,,False,False,manual_review,manual_only,manual_research_required,30,ちいかわ × MINISO ぬいぐるみ (中国コラボ),https://www.google.com/search?q=%EC%B9%98%EC%9D%B4%EC%B9%B4%EC%99%80%20x%20%EB%AF%B8%EB%8B%88%EC%86%8C%20%EB%B4%89%EC%A0%9C%EC%9D%B8%ED%98%95%20%28%EC%A4%91%EA%B5%AD%20%EC%BD%9C%EB%9D%BC%EB%B3%B4%29
988,하치와레 x 미니소 봉제인형 (중국 콜라보),ハチワレ × MINISO ぬいぐるみ (中国コラボ),,인형,치이카와,MINISO 중국,,False,False,manual_review,manual_only,manual_research_required,30,ハチワレ × MINISO ぬいぐるみ (中国コラボ),https://www.google.com/search?q=%ED%95%98%EC%B9%98%EC%99%80%EB%A0%88%20x%20%EB%AF%B8%EB%8B%88%EC%86%8C%20%EB%B4%89%EC%A0%9C%EC%9D%B8%ED%98%95%20%28%EC%A4%91%EA%B5%AD%20%EC%BD%9C%EB%9D%BC%EB%B3%B4%29
989,우사기 x 미니소 봉제인형 (중국 콜라보),うさぎ × MINISO ぬいぐるみ (中国コラボ),,인형,치이카와,MINISO 중국,,False,False,manual_review,manual_only,manual_research_required,30,うさぎ × MINISO ぬいぐるみ (中国コラボ),https://www.google.com/search?q=%EC%9A%B0%EC%82%AC%EA%B8%B0%20x%20%EB%AF%B8%EB%8B%88%EC%86%8C%20%EB%B4%89%EC%A0%9C%EC%9D%B8%ED%98%95%20%28%EC%A4%91%EA%B5%AD%20%EC%BD%9C%EB%9D%BC%EB%B3%B4%29
990,치이카와 x 미니소 블라인드 박스 (중국 콜라보),ちいかわ × MINISO ブラインドボックス (中国コラボ),,피규어,치이카와,MINISO 중국,,False,False,manual_review,manual_only,manual_research_required,30,ちいかわ × MINISO ブラインドボックス (中国コラボ),https://www.google.com/search?q=%EC%B9%98%EC%9D%B4%EC%B9%B4%EC%99%80%20x%20%EB%AF%B8%EB%8B%88%EC%86%8C%20%EB%B8%94%EB%9D%BC%EC%9D%B8%EB%93%9C%20%EB%B0%95%EC%8A%A4%20%28%EC%A4%91%EA%B5%AD%20%EC%BD%9C%EB%9D%BC%EB%B3%B4%29
991,치이카와 x 미니소 아크릴 키링 (중국 콜라보),ちいかわ × MINISO アクリルキーホルダー (中国コラボ),,아크릴 키링,치이카와,MINISO 중국,,False,False,manual_review,manual_only,manual_research_required,30,ちいかわ × MINISO アクリルキーホルダー (中国コラボ),https://www.google.com/search?q=%EC%B9%98%EC%9D%B4%EC%B9%B4%EC%99%80%20x%20%EB%AF%B8%EB%8B%88%EC%86%8C%20%EC%95%84%ED%81%AC%EB%A6%B4%20%ED%82%A4%EB%A7%81%20%28%EC%A4%91%EA%B5%AD%20%EC%BD%9C%EB%9D%BC%EB%B3%B4%29
992,모몽가 x 미니소 봉제인형 (중국 콜라보),モモンガ × MINISO ぬいぐるみ (中国コラボ),,인형,치이카와,MINISO 중국,,False,False,manual_review,manual_only,manual_research_required,30,モモンガ × MINISO ぬいぐるみ (中国コラボ),https://www.google.com/search?q=%EB%AA%A8%EB%AA%BD%EA%B0%80%20x%20%EB%AF%B8%EB%8B%88%EC%86%8C%20%EB%B4%89%EC%A0%9C%EC%9D%B8%ED%98%95%20%28%EC%A4%91%EA%B5%AD%20%EC%BD%9C%EB%9D%BC%EB%B3%B4%29
993,쿠리만쥬 x 미니소 봉제인형 (중국 콜라보),くりまんじゅう × MINISO ぬいぐるみ (中国コラボ),,인형,치이카와,MINISO 중국,,False,False,manual_review,manual_only,manual_research_required,30,くりまんじゅう × MINISO ぬいぐるみ (中国コラボ),https://www.google.com/search?q=%EC%BF%A0%EB%A6%AC%EB%A7%8C%EC%A5%AC%20x%20%EB%AF%B8%EB%8B%88%EC%86%8C%20%EB%B4%89%EC%A0%9C%EC%9D%B8%ED%98%95%20%28%EC%A4%91%EA%B5%AD%20%EC%BD%9C%EB%9D%BC%EB%B3%B4%29
994,치이카와 용산샵 오픈 기념 한정 마스코트,ちいかわ 龍山ショップ オープン記念マスコット,,마스코트,치이카와,치이카와샵 용산,,False,False,manual_review,manual_only,manual_research_required,30,ちいかわ 龍山ショップ オープン記念マスコット,https://www.google.com/search?q=%EC%B9%98%EC%9D%B4%EC%B9%B4%EC%99%80%20%EC%9A%A9%EC%82%B0%EC%83%B5%20%EC%98%A4%ED%94%88%20%EA%B8%B0%EB%85%90%20%ED%95%9C%EC%A0%95%20%EB%A7%88%EC%8A%A4%EC%BD%94%ED%8A%B8
995,하치와레 용산샵 오픈 기념 한정 마스코트,ハチワレ 龍山ショップ オープン記念マスコット,,마스코트,치이카와,치이카와샵 용산,,False,False,manual_review,manual_only,manual_research_required,30,ハチワレ 龍山ショップ オープン記念マスコット,https://www.google.com/search?q=%ED%95%98%EC%B9%98%EC%99%80%EB%A0%88%20%EC%9A%A9%EC%82%B0%EC%83%B5%20%EC%98%A4%ED%94%88%20%EA%B8%B0%EB%85%90%20%ED%95%9C%EC%A0%95%20%EB%A7%88%EC%8A%A4%EC%BD%94%ED%8A%B8
996,우사기 용산샵 오픈 기념 한정 마스코트,うさぎ 龍山ショップ オープン記念マスコット,,마스코트,치이카와,치이카와샵 용산,,False,False,manual_review,manual_only,manual_research_required,30,うさぎ 龍山ショップ オープン記念マスコット,https://www.google.com/search?q=%EC%9A%B0%EC%82%AC%EA%B8%B0%20%EC%9A%A9%EC%82%B0%EC%83%B5%20%EC%98%A4%ED%94%88%20%EA%B8%B0%EB%85%90%20%ED%95%9C%EC%A0%95%20%EB%A7%88%EC%8A%A4%EC%BD%94%ED%8A%B8
997,치이카와 용산샵 한정 아크릴 키링,ちいかわ 龍山ショップ限定アクリルキーホルダー,,아크릴 키링,치이카와,치이카와샵 용산,,False,False,manual_review,manual_only,manual_research_required,30,ちいかわ 龍山ショップ限定アクリルキーホルダー,https://www.google.com/search?q=%EC%B9%98%EC%9D%B4%EC%B9%B4%EC%99%80%20%EC%9A%A9%EC%82%B0%EC%83%B5%20%ED%95%9C%EC%A0%95%20%EC%95%84%ED%81%AC%EB%A6%B4%20%ED%82%A4%EB%A7%81
998,치이카와 용산샵 한정 에코백,ちいかわ 龍山ショップ限定エコバッグ,,가방,치이카와,치이카와샵 용산,,False,False,manual_review,manual_only,manual_research_required,30,ちいかわ 龍山ショップ限定エコバッグ,https://www.google.com/search?q=%EC%B9%98%EC%9D%B4%EC%B9%B4%EC%99%80%20%EC%9A%A9%EC%82%B0%EC%83%B5%20%ED%95%9C%EC%A0%95%20%EC%97%90%EC%BD%94%EB%B0%B1
1016,귀멸의 칼날 디포르메 아크릴 마스코트 (네즈코),鬼滅の刃 デフォルメアクリルマスコット (禰豆子),,마스코트,귀멸의 칼날,귀멸의 칼날 공식,,False,False,manual_review,manual_only,manual_research_required,30,鬼滅の刃 デフォルメアクリルマスコット (禰豆子),https://www.google.com/search?q=%EA%B7%80%EB%A9%B8%EC%9D%98%20%EC%B9%BC%EB%82%A0%20%EB%94%94%ED%8F%AC%EB%A5%B4%EB%A9%94%20%EC%95%84%ED%81%AC%EB%A6%B4%20%EB%A7%88%EC%8A%A4%EC%BD%94%ED%8A%B8%20%28%EB%84%A4%EC%A6%88%EC%BD%94%29
1017,귀멸의 칼날 디포르메 아크릴 마스코트 (젠이츠),,,마스코트,귀멸의 칼날,귀멸의 칼날 공식,,False,False,manual_review,manual_only,manual_research_required,30,귀멸의 칼날 디포르메 아크릴 마스코트 (젠이츠),https://www.google.com/search?q=%EA%B7%80%EB%A9%B8%EC%9D%98%20%EC%B9%BC%EB%82%A0%20%EB%94%94%ED%8F%AC%EB%A5%B4%EB%A9%94%20%EC%95%84%ED%81%AC%EB%A6%B4%20%EB%A7%88%EC%8A%A4%EC%BD%94%ED%8A%B8%20%28%EC%A0%A0%EC%9D%B4%EC%B8%A0%29
1018,귀멸의 칼날 디포르메 아크릴 마스코트 (이노스케),,,마스코트,귀멸의 칼날,귀멸의 칼날 공식,,False,False,manual_review,manual_only,manual_research_required,30,귀멸의 칼날 디포르메 아크릴 마스코트 (이노스케),https://www.google.com/search?q=%EA%B7%80%EB%A9%B8%EC%9D%98%20%EC%B9%BC%EB%82%A0%20%EB%94%94%ED%8F%AC%EB%A5%B4%EB%A9%94%20%EC%95%84%ED%81%AC%EB%A6%B4%20%EB%A7%88%EC%8A%A4%EC%BD%94%ED%8A%B8%20%28%EC%9D%B4%EB%85%B8%EC%8A%A4%EC%BC%80%29
1019,귀멸의 칼날 디포르메 아크릴 마스코트 (카나오),,,마스코트,귀멸의 칼날,귀멸의 칼날 공식,,False,False,manual_review,manual_only,manual_research_required,30,귀멸의 칼날 디포르메 아크릴 마스코트 (카나오),https://www.google.com/search?q=%EA%B7%80%EB%A9%B8%EC%9D%98%20%EC%B9%BC%EB%82%A0%20%EB%94%94%ED%8F%AC%EB%A5%B4%EB%A9%94%20%EC%95%84%ED%81%AC%EB%A6%B4%20%EB%A7%88%EC%8A%A4%EC%BD%94%ED%8A%B8%20%28%EC%B9%B4%EB%82%98%EC%98%A4%29
1020,귀멸의 칼날 디포르메 아크릴 마스코트 (시노부),,,마스코트,귀멸의 칼날,귀멸의 칼날 공식,,False,False,manual_review,manual_only,manual_research_required,30,귀멸의 칼날 디포르메 아크릴 마스코트 (시노부),https://www.google.com/search?q=%EA%B7%80%EB%A9%B8%EC%9D%98%20%EC%B9%BC%EB%82%A0%20%EB%94%94%ED%8F%AC%EB%A5%B4%EB%A9%94%20%EC%95%84%ED%81%AC%EB%A6%B4%20%EB%A7%88%EC%8A%A4%EC%BD%94%ED%8A%B8%20%28%EC%8B%9C%EB%85%B8%EB%B6%80%29
1021,귀멸의 칼날 디포르메 아크릴 마스코트 (기유),,,마스코트,귀멸의 칼날,귀멸의 칼날 공식,,False,False,manual_review,manual_only,manual_research_required,30,귀멸의 칼날 디포르메 아크릴 마스코트 (기유),https://www.google.com/search?q=%EA%B7%80%EB%A9%B8%EC%9D%98%20%EC%B9%BC%EB%82%A0%20%EB%94%94%ED%8F%AC%EB%A5%B4%EB%A9%94%20%EC%95%84%ED%81%AC%EB%A6%B4%20%EB%A7%88%EC%8A%A4%EC%BD%94%ED%8A%B8%20%28%EA%B8%B0%EC%9C%A0%29
1022,귀멸의 칼날 랜덤 홀로그램 캔뱃지 (7종),,,캔뱃지,귀멸의 칼날,귀멸의 칼날 공식,,False,False,manual_review,manual_only,manual_research_required,30,귀멸의 칼날 랜덤 홀로그램 캔뱃지 (7종),https://www.google.com/search?q=%EA%B7%80%EB%A9%B8%EC%9D%98%20%EC%B9%BC%EB%82%A0%20%EB%9E%9C%EB%8D%A4%20%ED%99%80%EB%A1%9C%EA%B7%B8%EB%9E%A8%20%EC%BA%94%EB%B1%83%EC%A7%80%20%287%EC%A2%85%29
1023,귀멸의 칼날 메탈릭 클리어 파일,,,문구,귀멸의 칼날,귀멸의 칼날 공식,,False,False,manual_review,manual_only,manual_research_required,30,귀멸의 칼날 메탈릭 클리어 파일,https://www.google.com/search?q=%EA%B7%80%EB%A9%B8%EC%9D%98%20%EC%B9%BC%EB%82%A0%20%EB%A9%94%ED%83%88%EB%A6%AD%20%ED%81%B4%EB%A6%AC%EC%96%B4%20%ED%8C%8C%EC%9D%BC
1261,스윙 피규어 미도리야 이즈쿠,僕のヒーローアカデミア スイングフィギュア 緑谷出久,,캡슐토이,나의 히어로 아카데미아,가샤폰,,False,False,manual_review,manual_only,manual_research_required,30,僕のヒーローアカデミア スイングフィギュア 緑谷出久,https://www.google.com/search?q=%EC%8A%A4%EC%9C%99%20%ED%94%BC%EA%B7%9C%EC%96%B4%20%EB%AF%B8%EB%8F%84%EB%A6%AC%EC%95%BC%20%EC%9D%B4%EC%A6%88%EC%BF%A0
1262,캡슐 피규어 컬렉션 제2탄 호크스,TVアニメ「僕のヒーローアカデミア」 カプセルフィギュアコレクション～第二弾～ ホークス,,캡슐토이,나의 히어로 아카데미아,가샤폰,,False,False,manual_review,manual_only,manual_research_required,30,TVアニメ「僕のヒーローアカデミア」 カプセルフィギュアコレクション～第二弾～ ホークス,https://www.google.com/search?q=%EC%BA%A1%EC%8A%90%20%ED%94%BC%EA%B7%9C%EC%96%B4%20%EC%BB%AC%EB%A0%89%EC%85%98%20%EC%A0%9C2%ED%83%84%20%ED%98%B8%ED%81%AC%EC%8A%A4
1263,캡슐 피규어 컬렉션 제3탄 토가 히미코,TVアニメ「僕のヒーローアカデミア」 カプセルフィギュアコレクション～第３弾～ トガヒミコ,,캡슐토이,나의 히어로 아카데미아,가샤폰,,False,False,manual_review,manual_only,manual_research_required,30,TVアニメ「僕のヒーローアカデミア」 カプセルフィギュアコレクション～第３弾～ トガヒミコ,https://www.google.com/search?q=%EC%BA%A1%EC%8A%90%20%ED%94%BC%EA%B7%9C%EC%96%B4%20%EC%BB%AC%EB%A0%89%EC%85%98%20%EC%A0%9C3%ED%83%84%20%ED%86%A0%EA%B0%80%20%ED%9E%88%EB%AF%B8%EC%BD%94
1280,캡슐 누이 컬렉션 토가 히미코,僕のヒーローアカデミア カプセルぬいぐるみこれくしょん トガヒミコ,,인형,나의 히어로 아카데미아,가샤폰,,False,False,manual_review,manual_only,manual_research_required,30,僕のヒーローアカデミア カプセルぬいぐるみこれくしょん トガヒミコ,https://www.google.com/search?q=%EC%BA%A1%EC%8A%90%20%EB%88%84%EC%9D%B4%20%EC%BB%AC%EB%A0%89%EC%85%98%20%ED%86%A0%EA%B0%80%20%ED%9E%88%EB%AF%B8%EC%BD%94
1437,1/6 스케일 나나치 & 미티,1/6スケール ナナチ & ミーティ,,피규어,메이드 인 어비스,Hobby Max International,,False,False,manual_review,manual_only,manual_research_required,30,1/6スケール ナナチ & ミーティ,https://www.google.com/search?q=1/6%20%EC%8A%A4%EC%BC%80%EC%9D%BC%20%EB%82%98%EB%82%98%EC%B9%98%20%26%20%EB%AF%B8%ED%8B%B0
1441,1/7 스케일 보가만,1/7スケール ボンドルド,,피규어,메이드 인 어비스,Phat! Company,,False,False,manual_review,manual_only,manual_research_required,30,1/7スケール ボンドルド,https://www.google.com/search?q=1/7%20%EC%8A%A4%EC%BC%80%EC%9D%BC%20%EB%B3%B4%EA%B0%80%EB%A7%8C
1442,1/7 스케일 나나치,1/7スケール ナナチ,,피규어,메이드 인 어비스,Phat! Company,,False,False,manual_review,manual_only,manual_research_required,30,1/7スケール ナナチ,https://www.google.com/search?q=1/7%20%EC%8A%A4%EC%BC%80%EC%9D%BC%20%EB%82%98%EB%82%98%EC%B9%98
1443,1/7 스케일 리코,1/7スケール リコ,,피규어,메이드 인 어비스,ALTER,,False,False,manual_review,manual_only,manual_research_required,30,1/7スケール リコ,https://www.google.com/search?q=1/7%20%EC%8A%A4%EC%BC%80%EC%9D%BC%20%EB%A6%AC%EC%BD%94
1650,귀멸의 칼날 아크릴 스탠드 (카마도 탄지로),鬼滅の刃 アクリルスタンド (竈門炭治郎),,아크릴 스탠드,귀멸의 칼날,귀멸의 칼날 공식,,False,False,manual_review,manual_only,manual_research_required,30,鬼滅の刃 アクリルスタンド (竈門炭治郎),https://www.google.com/search?q=%EA%B7%80%EB%A9%B8%EC%9D%98%20%EC%B9%BC%EB%82%A0%20%EC%95%84%ED%81%AC%EB%A6%B4%20%EC%8A%A4%ED%83%A0%EB%93%9C%20%28%EC%B9%B4%EB%A7%88%EB%8F%84%20%ED%83%84%EC%A7%80%EB%A1%9C%29
1651,귀멸의 칼날 아크릴 스탠드 (카마도 네즈코),鬼滅の刃 アクリルスタンド (竈門禰豆子),,아크릴 스탠드,귀멸의 칼날,귀멸의 칼날 공식,,False,False,manual_review,manual_only,manual_research_required,30,鬼滅の刃 アクリルスタンド (竈門禰豆子),https://www.google.com/search?q=%EA%B7%80%EB%A9%B8%EC%9D%98%20%EC%B9%BC%EB%82%A0%20%EC%95%84%ED%81%AC%EB%A6%B4%20%EC%8A%A4%ED%83%A0%EB%93%9C%20%28%EC%B9%B4%EB%A7%88%EB%8F%84%20%EB%84%A4%EC%A6%88%EC%BD%94%29
1652,귀멸의 칼날 아크릴 스탠드 (아가츠마 젠이츠),鬼滅の刃 アクリルスタンド (我妻善逸),,아크릴 스탠드,귀멸의 칼날,귀멸의 칼날 공식,,False,False,manual_review,manual_only,manual_research_required,30,鬼滅の刃 アクリルスタンド (我妻善逸),https://www.google.com/search?q=%EA%B7%80%EB%A9%B8%EC%9D%98%20%EC%B9%BC%EB%82%A0%20%EC%95%84%ED%81%AC%EB%A6%B4%20%EC%8A%A4%ED%83%A0%EB%93%9C%20%28%EC%95%84%EA%B0%80%EC%B8%A0%EB%A7%88%20%EC%A0%A0%EC%9D%B4%EC%B8%A0%29
1653,귀멸의 칼날 아크릴 스탠드 (하시비라 이노스케),鬼滅の刃 アクリルスタンド (嘴平伊之助),,아크릴 스탠드,귀멸의 칼날,귀멸의 칼날 공식,,False,False,manual_review,manual_only,manual_research_required,30,鬼滅の刃 アクリルスタンド (嘴平伊之助),https://www.google.com/search?q=%EA%B7%80%EB%A9%B8%EC%9D%98%20%EC%B9%BC%EB%82%A0%20%EC%95%84%ED%81%AC%EB%A6%B4%20%EC%8A%A4%ED%83%A0%EB%93%9C%20%28%ED%95%98%EC%8B%9C%EB%B9%84%EB%9D%BC%20%EC%9D%B4%EB%85%B8%EC%8A%A4%EC%BC%80%29
1656,귀멸의 칼날 빅 아크릴 스탠드 (탄지로),鬼滅の刃 ビッグアクリルスタンド (炭治郎),,아크릴 스탠드,귀멸의 칼날,귀멸의 칼날 공식,,False,False,manual_review,manual_only,manual_research_required,30,鬼滅の刃 ビッグアクリルスタンド (炭治郎),https://www.google.com/search?q=%EA%B7%80%EB%A9%B8%EC%9D%98%20%EC%B9%BC%EB%82%A0%20%EB%B9%85%20%EC%95%84%ED%81%AC%EB%A6%B4%20%EC%8A%A4%ED%83%A0%EB%93%9C%20%28%ED%83%84%EC%A7%80%EB%A1%9C%29
1841,MINISO 원피스 쇼핑백,MINISO x ONE PIECE Shopping Bag,,쇼핑백,원피스,MINISO,,False,False,manual_review,manual_only,manual_research_required,30,MINISO x ONE PIECE Shopping Bag,https://www.google.com/search?q=MINISO%20%EC%9B%90%ED%94%BC%EC%8A%A4%20%EC%87%BC%ED%95%91%EB%B0%B1
1842,MINISO 원피스 빅헤드 큐트 플러시 펜던트,MINISO x ONE PIECE Big-head Cute Plush Pendant,,인형,원피스,MINISO,,False,False,manual_review,manual_only,manual_research_required,30,MINISO x ONE PIECE Big-head Cute Plush Pendant,https://www.google.com/search?q=MINISO%20%EC%9B%90%ED%94%BC%EC%8A%A4%20%EB%B9%85%ED%97%A4%EB%93%9C%20%ED%81%90%ED%8A%B8%20%ED%94%8C%EB%9F%AC%EC%8B%9C%20%ED%8E%9C%EB%8D%98%ED%8A%B8
1843,MINISO 원피스 아크릴 신 스탠디 서프라이즈 박스,MINISO x ONE PIECE Acrylic Scene Standee Surprise Box,,아크릴 스탠드,원피스,MINISO,,False,False,manual_review,manual_only,manual_research_required,30,MINISO x ONE PIECE Acrylic Scene Standee Surprise Box,https://www.google.com/search?q=MINISO%20%EC%9B%90%ED%94%BC%EC%8A%A4%20%EC%95%84%ED%81%AC%EB%A6%B4%20%EC%8B%A0%20%EC%8A%A4%ED%83%A0%EB%94%94%20%EC%84%9C%ED%94%84%EB%9D%BC%EC%9D%B4%EC%A6%88%20%EB%B0%95%EC%8A%A4
1844,MINISO 원피스 블라인드 박스,MINISO x ONE PIECE Blind Box,,블라인드 박스,원피스,MINISO,,False,False,manual_review,manual_only,manual_research_required,30,MINISO x ONE PIECE Blind Box,https://www.google.com/search?q=MINISO%20%EC%9B%90%ED%94%BC%EC%8A%A4%20%EB%B8%94%EB%9D%BC%EC%9D%B8%EB%93%9C%20%EB%B0%95%EC%8A%A4
2018,KDcolle 렘 메이드 ver.,KDcolle レム メイドver.,,피규어,리제로,카도카와,,False,False,manual_review,manual_only,manual_research_required,30,KDcolle レム メイドver.,https://www.google.com/search?q=KDcolle%20%EB%A0%98%20%EB%A9%94%EC%9D%B4%EB%93%9C%20ver.
2019,KDcolle 람 메이드 ver.,KDcolle ラム メイドver.,,피규어,리제로,카도카와,,False,False,manual_review,manual_only,manual_research_required,30,KDcolle ラム メイドver.,https://www.google.com/search?q=KDcolle%20%EB%9E%8C%20%EB%A9%94%EC%9D%B4%EB%93%9C%20ver.
2020,KDcolle 에밀리아,KDcolle エミリア,,피규어,리제로,카도카와,,False,False,manual_review,manual_only,manual_research_required,30,KDcolle エミリア,https://www.google.com/search?q=KDcolle%20%EC%97%90%EB%B0%80%EB%A6%AC%EC%95%84
2047,주술회전 클리어 파일 (마히토),呪術廻戦 クリアファイル (真人),,문구,주술회전,점프 숍,,False,False,manual_review,manual_only,manual_research_required,30,呪術廻戦 クリアファイル (真人),https://www.google.com/search?q=%EC%A3%BC%EC%88%A0%ED%9A%8C%EC%A0%84%20%ED%81%B4%EB%A6%AC%EC%96%B4%20%ED%8C%8C%EC%9D%BC%20%28%EB%A7%88%ED%9E%88%ED%86%A0%29
2280,TWICE 포토카드 (랜덤),,,포토카드,TWICE,JYP SHOP,,False,False,manual_review,manual_only,manual_research_required,30,TWICE 포토카드 (랜덤),https://www.google.com/search?q=TWICE%20%ED%8F%AC%ED%86%A0%EC%B9%B4%EB%93%9C%20%28%EB%9E%9C%EB%8D%A4%29
2282,TWICE 슬로건,,,슬로건,TWICE,JYP SHOP,,False,False,manual_review,manual_only,manual_research_required,30,TWICE 슬로건,https://www.google.com/search?q=TWICE%20%EC%8A%AC%EB%A1%9C%EA%B1%B4
2284,IVE 포토카드 (랜덤),,,포토카드,IVE,STARSHIP STORE,,False,False,manual_review,manual_only,manual_research_required,30,IVE 포토카드 (랜덤),https://www.google.com/search?q=IVE%20%ED%8F%AC%ED%86%A0%EC%B9%B4%EB%93%9C%20%28%EB%9E%9C%EB%8D%A4%29
2287,aespa 포토카드 (랜덤),,,포토카드,aespa,SM STORE,,False,False,manual_review,manual_only,manual_research_required,30,aespa 포토카드 (랜덤),https://www.google.com/search?q=aespa%20%ED%8F%AC%ED%86%A0%EC%B9%B4%EB%93%9C%20%28%EB%9E%9C%EB%8D%A4%29
2290,(여자)아이들 포토카드 (랜덤),,,포토카드,(여자)아이들,CUBE STORE,,False,False,manual_review,manual_only,manual_research_required,30,(여자)아이들 포토카드 (랜덤),https://www.google.com/search?q=%28%EC%97%AC%EC%9E%90%29%EC%95%84%EC%9D%B4%EB%93%A4%20%ED%8F%AC%ED%86%A0%EC%B9%B4%EB%93%9C%20%28%EB%9E%9C%EB%8D%A4%29
2293,ITZY 포토카드 (랜덤),,,포토카드,ITZY,JYP SHOP,,False,False,manual_review,manual_only,manual_research_required,30,ITZY 포토카드 (랜덤),https://www.google.com/search?q=ITZY%20%ED%8F%AC%ED%86%A0%EC%B9%B4%EB%93%9C%20%28%EB%9E%9C%EB%8D%A4%29
2296,Stray Kids 포토카드 (랜덤),,,포토카드,Stray Kids,JYP SHOP,,False,False,manual_review,manual_only,manual_research_required,30,Stray Kids 포토카드 (랜덤),https://www.google.com/search?q=Stray%20Kids%20%ED%8F%AC%ED%86%A0%EC%B9%B4%EB%93%9C%20%28%EB%9E%9C%EB%8D%A4%29
2300,NCT 포토카드 (랜덤),,,포토카드,NCT,SM STORE,,False,False,manual_review,manual_only,manual_research_required,30,NCT 포토카드 (랜덤),https://www.google.com/search?q=NCT%20%ED%8F%AC%ED%86%A0%EC%B9%B4%EB%93%9C%20%28%EB%9E%9C%EB%8D%A4%29
2303,ATEEZ 포토카드 (랜덤),,,포토카드,ATEEZ,KQ FELLAZ,,False,False,manual_review,manual_only,manual_research_required,30,ATEEZ 포토카드 (랜덤),https://www.google.com/search?q=ATEEZ%20%ED%8F%AC%ED%86%A0%EC%B9%B4%EB%93%9C%20%28%EB%9E%9C%EB%8D%A4%29
2305,THE BOYZ 포토카드 (랜덤),,,포토카드,THE BOYZ,IST STORE,,False,False,manual_review,manual_only,manual_research_required,30,THE BOYZ 포토카드 (랜덤),https://www.google.com/search?q=THE%20BOYZ%20%ED%8F%AC%ED%86%A0%EC%B9%B4%EB%93%9C%20%28%EB%9E%9C%EB%8D%A4%29
2306,BABYMONSTER 포토카드 (랜덤),,,포토카드,BABYMONSTER,YG SELECT,,False,False,manual_review,manual_only,manual_research_required,30,BABYMONSTER 포토카드 (랜덤),https://www.google.com/search?q=BABYMONSTER%20%ED%8F%AC%ED%86%A0%EC%B9%B4%EB%93%9C%20%28%EB%9E%9C%EB%8D%A4%29
2309,NMIXX 포토카드 (랜덤),,,포토카드,NMIXX,JYP SHOP,,False,False,manual_review,manual_only,manual_research_required,30,NMIXX 포토카드 (랜덤),https://www.google.com/search?q=NMIXX%20%ED%8F%AC%ED%86%A0%EC%B9%B4%EB%93%9C%20%28%EB%9E%9C%EB%8D%A4%29
2312,TREASURE 포토카드 (랜덤),,,포토카드,TREASURE,YG SELECT,,False,False,manual_review,manual_only,manual_research_required,30,TREASURE 포토카드 (랜덤),https://www.google.com/search?q=TREASURE%20%ED%8F%AC%ED%86%A0%EC%B9%B4%EB%93%9C%20%28%EB%9E%9C%EB%8D%A4%29
2314,Red Velvet 포토카드 (랜덤),,,포토카드,Red Velvet,SM STORE,,False,False,manual_review,manual_only,manual_research_required,30,Red Velvet 포토카드 (랜덤),https://www.google.com/search?q=Red%20Velvet%20%ED%8F%AC%ED%86%A0%EC%B9%B4%EB%93%9C%20%28%EB%9E%9C%EB%8D%A4%29
2316,포토북,,,포토북,K-POP,아이돌 공식,,False,False,manual_review,manual_only,manual_research_required,30,포토북,https://www.google.com/search?q=%ED%8F%AC%ED%86%A0%EB%B6%81
2317,시즌 그리팅 (Seasons Greetings),,,시즌 그리팅,K-POP,아이돌 공식,,False,False,manual_review,manual_only,manual_research_required,30,시즌 그리팅 (Seasons Greetings),https://www.google.com/search?q=%EC%8B%9C%EC%A6%8C%20%EA%B7%B8%EB%A6%AC%ED%8C%85%20%28Seasons%20Greetings%29
2318,컴백 트레이딩 카드,,,트레이딩 카드,K-POP,아이돌 공식,,False,False,manual_review,manual_only,manual_research_required,30,컴백 트레이딩 카드,https://www.google.com/search?q=%EC%BB%B4%EB%B0%B1%20%ED%8A%B8%EB%A0%88%EC%9D%B4%EB%94%A9%20%EC%B9%B4%EB%93%9C
2319,이세계아이돌 단체 응원봉,,,응원봉,이세계아이돌,이세계아이돌 공식 굿즈,,False,False,manual_review,manual_only,manual_research_required,30,이세계아이돌 단체 응원봉,https://www.google.com/search?q=%EC%9D%B4%EC%84%B8%EA%B3%84%EC%95%84%EC%9D%B4%EB%8F%8C%20%EB%8B%A8%EC%B2%B4%20%EC%9D%91%EC%9B%90%EB%B4%89
2320,이세계아이돌 단체 아크릴 스탠드,,,아크릴 스탠드,이세계아이돌,이세계아이돌 공식 굿즈,,False,False,manual_review,manual_only,manual_research_required,30,이세계아이돌 단체 아크릴 스탠드,https://www.google.com/search?q=%EC%9D%B4%EC%84%B8%EA%B3%84%EC%95%84%EC%9D%B4%EB%8F%8C%20%EB%8B%A8%EC%B2%B4%20%EC%95%84%ED%81%AC%EB%A6%B4%20%EC%8A%A4%ED%83%A0%EB%93%9C
2321,이세계아이돌 단체 포토카드 세트,,,포토카드,이세계아이돌,이세계아이돌 공식 굿즈,,False,False,manual_review,manual_only,manual_research_required,30,이세계아이돌 단체 포토카드 세트,https://www.google.com/search?q=%EC%9D%B4%EC%84%B8%EA%B3%84%EC%95%84%EC%9D%B4%EB%8F%8C%20%EB%8B%A8%EC%B2%B4%20%ED%8F%AC%ED%86%A0%EC%B9%B4%EB%93%9C%20%EC%84%B8%ED%8A%B8
2322,이세계아이돌 팝업스토어 아크릴 스탠드 디오라마,,,아크릴 스탠드,이세계아이돌,이세계아이돌 팝업스토어,,False,False,manual_review,manual_only,manual_research_required,30,이세계아이돌 팝업스토어 아크릴 스탠드 디오라마,https://www.google.com/search?q=%EC%9D%B4%EC%84%B8%EA%B3%84%EC%95%84%EC%9D%B4%EB%8F%8C%20%ED%8C%9D%EC%97%85%EC%8A%A4%ED%86%A0%EC%96%B4%20%EC%95%84%ED%81%AC%EB%A6%B4%20%EC%8A%A4%ED%83%A0%EB%93%9C%20%EB%94%94%EC%98%A4%EB%9D%BC%EB%A7%88
2323,이세계아이돌 빼빼로 스페셜 패키지,,,과자/콜라보,이세계아이돌,롯데웰푸드,,False,False,manual_review,manual_only,manual_research_required,30,이세계아이돌 빼빼로 스페셜 패키지,https://www.google.com/search?q=%EC%9D%B4%EC%84%B8%EA%B3%84%EC%95%84%EC%9D%B4%EB%8F%8C%20%EB%B9%BC%EB%B9%BC%EB%A1%9C%20%EC%8A%A4%ED%8E%98%EC%85%9C%20%ED%8C%A8%ED%82%A4%EC%A7%80
2334,홀로라이브 아크릴 스탠드 (코바야시 코토네),,,아크릴 스탠드,홀로라이브,Hololive Production Official Shop,,False,False,manual_review,manual_only,manual_research_required,30,홀로라이브 아크릴 스탠드 (코바야시 코토네),https://www.google.com/search?q=%ED%99%80%EB%A1%9C%EB%9D%BC%EC%9D%B4%EB%B8%8C%20%EC%95%84%ED%81%AC%EB%A6%B4%20%EC%8A%A4%ED%83%A0%EB%93%9C%20%28%EC%BD%94%EB%B0%94%EC%95%BC%EC%8B%9C%20%EC%BD%94%ED%86%A0%EB%84%A4%29
2415,쿠루미 노아 콘서트 티셔츠,,,의류,스텔라이브,SVC 공식,,False,False,manual_review,manual_only,manual_research_required,30,쿠루미 노아 콘서트 티셔츠,https://www.google.com/search?q=%EC%BF%A0%EB%A3%A8%EB%AF%B8%20%EB%85%B8%EC%95%84%20%EC%BD%98%EC%84%9C%ED%8A%B8%20%ED%8B%B0%EC%85%94%EC%B8%A0
2421,시라유키 히나 타올,,,타월,스텔라이브,SVC 공식,,False,False,manual_review,manual_only,manual_research_required,30,시라유키 히나 타올,https://www.google.com/search?q=%EC%8B%9C%EB%9D%BC%EC%9C%A0%ED%82%A4%20%ED%9E%88%EB%82%98%20%ED%83%80%EC%98%AC
2465,이세계아이돌 팝업스토어 아크릴 스탠드 디오라마,,,아크릴 스탠드,이세계아이돌,이세계아이돌 팝업스토어,,False,False,manual_review,manual_only,manual_research_required,30,이세계아이돌 팝업스토어 아크릴 스탠드 디오라마,https://www.google.com/search?q=%EC%9D%B4%EC%84%B8%EA%B3%84%EC%95%84%EC%9D%B4%EB%8F%8C%20%ED%8C%9D%EC%97%85%EC%8A%A4%ED%86%A0%EC%96%B4%20%EC%95%84%ED%81%AC%EB%A6%B4%20%EC%8A%A4%ED%83%A0%EB%93%9C%20%EB%94%94%EC%98%A4%EB%9D%BC%EB%A7%88
2466,이세계아이돌 X 롯데웰푸드 빼빼로 6입 스페셜 패키지,,,식품/콜라보,이세계아이돌,롯데웰푸드,,False,False,manual_review,manual_only,manual_research_required,30,이세계아이돌 X 롯데웰푸드 빼빼로 6입 스페셜 패키지,https://www.google.com/search?q=%EC%9D%B4%EC%84%B8%EA%B3%84%EC%95%84%EC%9D%B4%EB%8F%8C%20X%20%EB%A1%AF%EB%8D%B0%EC%9B%B0%ED%91%B8%EB%93%9C%20%EB%B9%BC%EB%B9%BC%EB%A1%9C%206%EC%9E%85%20%EC%8A%A4%ED%8E%98%EC%85%9C%20%ED%8C%A8%ED%82%A4%EC%A7%80
2473,이세계아이돌 응원봉,,,응원봉,이세계아이돌,이세계아이돌 공식 굿즈,,False,False,manual_review,manual_only,manual_research_required,30,이세계아이돌 응원봉,https://www.google.com/search?q=%EC%9D%B4%EC%84%B8%EA%B3%84%EC%95%84%EC%9D%B4%EB%8F%8C%20%EC%9D%91%EC%9B%90%EB%B4%89
1098,포켓몬 봉제 인형 (피카츄),ポケモン ぬいぐるみ (ピカチュウ),,인형,포켓몬,포켓몬 센터,,False,False,source_url_generic_storefront,generic_source,blocked_until_exact_product_url,60,ポケモン ぬいぐるみ (ピカチュウ),https://www.google.com/search?q=%ED%8F%AC%EC%BC%93%EB%AA%AC%20%EB%B4%89%EC%A0%9C%20%EC%9D%B8%ED%98%95%20%28%ED%94%BC%EC%B9%B4%EC%B8%84%29
2325,스텔라이브 1주년 뱃지 세트,,,캔뱃지,스텔라이브,Stellive Store,,False,False,source_url_generic_storefront,generic_source,blocked_until_exact_product_url,60,스텔라이브 1주년 뱃지 세트,https://www.google.com/search?q=%EC%8A%A4%ED%85%94%EB%9D%BC%EC%9D%B4%EB%B8%8C%201%EC%A3%BC%EB%85%84%20%EB%B1%83%EC%A7%80%20%EC%84%B8%ED%8A%B8
2352,강지 마스코트 인형,,,인형,스텔라이브,Stellive Store,,False,False,source_url_generic_storefront,generic_source,blocked_until_exact_product_url,60,강지 마스코트 인형,https://www.google.com/search?q=%EA%B0%95%EC%A7%80%20%EB%A7%88%EC%8A%A4%EC%BD%94%ED%8A%B8%20%EC%9D%B8%ED%98%95
2355,아이리 칸나 생일 기념 굿즈 박스,,,액세서리,(전) 스텔라이브,Stellive Store,,False,False,source_url_generic_storefront,generic_source,blocked_until_exact_product_url,60,아이리 칸나 생일 기념 굿즈 박스,https://www.google.com/search?q=%EC%95%84%EC%9D%B4%EB%A6%AC%20%EC%B9%B8%EB%82%98%20%EC%83%9D%EC%9D%BC%20%EA%B8%B0%EB%85%90%20%EA%B5%BF%EC%A6%88%20%EB%B0%95%EC%8A%A4
2356,아이리 칸나 마스코트 인형,,,인형,(전) 스텔라이브,Stellive Store,,False,False,source_url_generic_storefront,generic_source,blocked_until_exact_product_url,60,아이리 칸나 마스코트 인형,https://www.google.com/search?q=%EC%95%84%EC%9D%B4%EB%A6%AC%20%EC%B9%B8%EB%82%98%20%EB%A7%88%EC%8A%A4%EC%BD%94%ED%8A%B8%20%EC%9D%B8%ED%98%95
2357,아이리 칸나 키링 세트,,,액세서리,(전) 스텔라이브,Stellive Store,,False,False,source_url_generic_storefront,generic_source,blocked_until_exact_product_url,60,아이리 칸나 키링 세트,https://www.google.com/search?q=%EC%95%84%EC%9D%B4%EB%A6%AC%20%EC%B9%B8%EB%82%98%20%ED%82%A4%EB%A7%81%20%EC%84%B8%ED%8A%B8
2361,쿠루미 노아 데뷔 기념 아크릴 스탠드,,,아크릴 스탠드,스텔라이브,Stellive Store,,False,False,source_url_generic_storefront,generic_source,blocked_until_exact_product_url,60,쿠루미 노아 데뷔 기념 아크릴 스탠드,https://www.google.com/search?q=%EC%BF%A0%EB%A3%A8%EB%AF%B8%20%EB%85%B8%EC%95%84%20%EB%8D%B0%EB%B7%94%20%EA%B8%B0%EB%85%90%20%EC%95%84%ED%81%AC%EB%A6%B4%20%EC%8A%A4%ED%83%A0%EB%93%9C
2362,쿠루미 노아 생일 기념 굿즈,,,액세서리,스텔라이브,Stellive Store,,False,False,source_url_generic_storefront,generic_source,blocked_until_exact_product_url,60,쿠루미 노아 생일 기념 굿즈,https://www.google.com/search?q=%EC%BF%A0%EB%A3%A8%EB%AF%B8%20%EB%85%B8%EC%95%84%20%EC%83%9D%EC%9D%BC%20%EA%B8%B0%EB%85%90%20%EA%B5%BF%EC%A6%88
2363,쿠루미 노아 마스코트 인형,,,인형,스텔라이브,Stellive Store,,False,False,source_url_generic_storefront,generic_source,blocked_until_exact_product_url,60,쿠루미 노아 마스코트 인형,https://www.google.com/search?q=%EC%BF%A0%EB%A3%A8%EB%AF%B8%20%EB%85%B8%EC%95%84%20%EB%A7%88%EC%8A%A4%EC%BD%94%ED%8A%B8%20%EC%9D%B8%ED%98%95
2372,하나코 코코나 마스코트 인형,,,인형,스텔라이브,Stellive Store,,False,False,source_url_generic_storefront,generic_source,blocked_until_exact_product_url,60,하나코 코코나 마스코트 인형,https://www.google.com/search?q=%ED%95%98%EB%82%98%EC%BD%94%20%EC%BD%94%EC%BD%94%EB%82%98%20%EB%A7%88%EC%8A%A4%EC%BD%94%ED%8A%B8%20%EC%9D%B8%ED%98%95
2373,비비 데뷔 기념 아크릴 스탠드,,,아크릴 스탠드,스텔라이브,Stellive Store,,False,False,source_url_generic_storefront,generic_source,blocked_until_exact_product_url,60,비비 데뷔 기념 아크릴 스탠드,https://www.google.com/search?q=%EB%B9%84%EB%B9%84%20%EB%8D%B0%EB%B7%94%20%EA%B8%B0%EB%85%90%20%EC%95%84%ED%81%AC%EB%A6%B4%20%EC%8A%A4%ED%83%A0%EB%93%9C
2374,비비 마스코트 인형,,,인형,스텔라이브,Stellive Store,,False,False,source_url_generic_storefront,generic_source,blocked_until_exact_product_url,60,비비 마스코트 인형,https://www.google.com/search?q=%EB%B9%84%EB%B9%84%20%EB%A7%88%EC%8A%A4%EC%BD%94%ED%8A%B8%20%EC%9D%B8%ED%98%95
2375,린 데뷔 기념 아크릴 스탠드,,,아크릴 스탠드,스텔라이브,Stellive Store,,False,False,source_url_generic_storefront,generic_source,blocked_until_exact_product_url,60,린 데뷔 기념 아크릴 스탠드,https://www.google.com/search?q=%EB%A6%B0%20%EB%8D%B0%EB%B7%94%20%EA%B8%B0%EB%85%90%20%EC%95%84%ED%81%AC%EB%A6%B4%20%EC%8A%A4%ED%83%A0%EB%93%9C
2376,린 마스코트 인형,,,인형,스텔라이브,Stellive Store,,False,False,source_url_generic_storefront,generic_source,blocked_until_exact_product_url,60,린 마스코트 인형,https://www.google.com/search?q=%EB%A6%B0%20%EB%A7%88%EC%8A%A4%EC%BD%94%ED%8A%B8%20%EC%9D%B8%ED%98%95
2399,강지 마스코트 봉제 인형,,,인형,스텔라이브,Stellive Store,,False,False,source_url_generic_storefront,generic_source,blocked_until_exact_product_url,60,강지 마스코트 봉제 인형,https://www.google.com/search?q=%EA%B0%95%EC%A7%80%20%EB%A7%88%EC%8A%A4%EC%BD%94%ED%8A%B8%20%EB%B4%89%EC%A0%9C%20%EC%9D%B8%ED%98%95
2401,강지 클리어 파일 세트,,,액세서리,스텔라이브,Stellive Store,,False,False,source_url_generic_storefront,generic_source,blocked_until_exact_product_url,60,강지 클리어 파일 세트,https://www.google.com/search?q=%EA%B0%95%EC%A7%80%20%ED%81%B4%EB%A6%AC%EC%96%B4%20%ED%8C%8C%EC%9D%BC%20%EC%84%B8%ED%8A%B8
2404,아이리 칸나 봉제 인형 (천사 ver.),,,인형,(전) 스텔라이브,Stellive Store,,False,False,source_url_generic_storefront,generic_source,blocked_until_exact_product_url,60,아이리 칸나 봉제 인형 (천사 ver.),https://www.google.com/search?q=%EC%95%84%EC%9D%B4%EB%A6%AC%20%EC%B9%B8%EB%82%98%20%EB%B4%89%EC%A0%9C%20%EC%9D%B8%ED%98%95%20%28%EC%B2%9C%EC%82%AC%20ver.%29
2405,아이리 칸나 아크릴 키링,,,액세서리,(전) 스텔라이브,Stellive Store,,False,False,source_url_generic_storefront,generic_source,blocked_until_exact_product_url,60,아이리 칸나 아크릴 키링,https://www.google.com/search?q=%EC%95%84%EC%9D%B4%EB%A6%AC%20%EC%B9%B8%EB%82%98%20%EC%95%84%ED%81%AC%EB%A6%B4%20%ED%82%A4%EB%A7%81
2406,아이리 칸나 머그컵,,,머그컵,(전) 스텔라이브,Stellive Store,,False,False,source_url_generic_storefront,generic_source,blocked_until_exact_product_url,60,아이리 칸나 머그컵,https://www.google.com/search?q=%EC%95%84%EC%9D%B4%EB%A6%AC%20%EC%B9%B8%EB%82%98%20%EB%A8%B8%EA%B7%B8%EC%BB%B5
2407,아카네 리제 데뷔 2주년 아크릴 스탠드,,,아크릴 스탠드,스텔라이브,Stellive Store,,False,False,source_url_generic_storefront,generic_source,blocked_until_exact_product_url,60,아카네 리제 데뷔 2주년 아크릴 스탠드,https://www.google.com/search?q=%EC%95%84%EC%B9%B4%EB%84%A4%20%EB%A6%AC%EC%A0%9C%20%EB%8D%B0%EB%B7%94%202%EC%A3%BC%EB%85%84%20%EC%95%84%ED%81%AC%EB%A6%B4%20%EC%8A%A4%ED%83%A0%EB%93%9C
2412,쿠루미 노아 데뷔 1주년 아크릴 스탠드,,,아크릴 스탠드,스텔라이브,Stellive Store,,False,False,source_url_generic_storefront,generic_source,blocked_until_exact_product_url,60,쿠루미 노아 데뷔 1주년 아크릴 스탠드,https://www.google.com/search?q=%EC%BF%A0%EB%A3%A8%EB%AF%B8%20%EB%85%B8%EC%95%84%20%EB%8D%B0%EB%B7%94%201%EC%A3%BC%EB%85%84%20%EC%95%84%ED%81%AC%EB%A6%B4%20%EC%8A%A4%ED%83%A0%EB%93%9C
2413,쿠루미 노아 생일 아크릴 스탠드 (드레스 ver.),,,아크릴 스탠드,스텔라이브,Stellive Store,,False,False,source_url_generic_storefront,generic_source,blocked_until_exact_product_url,60,쿠루미 노아 생일 아크릴 스탠드 (드레스 ver.),https://www.google.com/search?q=%EC%BF%A0%EB%A3%A8%EB%AF%B8%20%EB%85%B8%EC%95%84%20%EC%83%9D%EC%9D%BC%20%EC%95%84%ED%81%AC%EB%A6%B4%20%EC%8A%A4%ED%83%A0%EB%93%9C%20%28%EB%93%9C%EB%A0%88%EC%8A%A4%20ver.%29
2414,쿠루미 노아 봉제 인형,,,인형,스텔라이브,Stellive Store,,False,False,source_url_generic_storefront,generic_source,blocked_until_exact_product_url,60,쿠루미 노아 봉제 인형,https://www.google.com/search?q=%EC%BF%A0%EB%A3%A8%EB%AF%B8%20%EB%85%B8%EC%95%84%20%EB%B4%89%EC%A0%9C%20%EC%9D%B8%ED%98%95
2416,쿠루미 노아 클리어 파일 세트,,,액세서리,스텔라이브,Stellive Store,,False,False,source_url_generic_storefront,generic_source,blocked_until_exact_product_url,60,쿠루미 노아 클리어 파일 세트,https://www.google.com/search?q=%EC%BF%A0%EB%A3%A8%EB%AF%B8%20%EB%85%B8%EC%95%84%20%ED%81%B4%EB%A6%AC%EC%96%B4%20%ED%8C%8C%EC%9D%BC%20%EC%84%B8%ED%8A%B8
2422,네네코 마시로 데뷔 1주년 아크릴 스탠드,,,아크릴 스탠드,스텔라이브,Stellive Store,,False,False,source_url_generic_storefront,generic_source,blocked_until_exact_product_url,60,네네코 마시로 데뷔 1주년 아크릴 스탠드,https://www.google.com/search?q=%EB%84%A4%EB%84%A4%EC%BD%94%20%EB%A7%88%EC%8B%9C%EB%A1%9C%20%EB%8D%B0%EB%B7%94%201%EC%A3%BC%EB%85%84%20%EC%95%84%ED%81%AC%EB%A6%B4%20%EC%8A%A4%ED%83%A0%EB%93%9C
2433,하나코 코코나 생일 굿즈 박스,,,액세서리,스텔라이브,Stellive Store,,False,False,source_url_generic_storefront,generic_source,blocked_until_exact_product_url,60,하나코 코코나 생일 굿즈 박스,https://www.google.com/search?q=%ED%95%98%EB%82%98%EC%BD%94%20%EC%BD%94%EC%BD%94%EB%82%98%20%EC%83%9D%EC%9D%BC%20%EA%B5%BF%EC%A6%88%20%EB%B0%95%EC%8A%A4
2434,하나코 코코나 마스코트 봉제 인형,,,인형,스텔라이브,Stellive Store,,False,False,source_url_generic_storefront,generic_source,blocked_until_exact_product_url,60,하나코 코코나 마스코트 봉제 인형,https://www.google.com/search?q=%ED%95%98%EB%82%98%EC%BD%94%20%EC%BD%94%EC%BD%94%EB%82%98%20%EB%A7%88%EC%8A%A4%EC%BD%94%ED%8A%B8%20%EB%B4%89%EC%A0%9C%20%EC%9D%B8%ED%98%95
2435,하나코 코코나 토트백,,,의류,스텔라이브,Stellive Store,,False,False,source_url_generic_storefront,generic_source,blocked_until_exact_product_url,60,하나코 코코나 토트백,https://www.google.com/search?q=%ED%95%98%EB%82%98%EC%BD%94%20%EC%BD%94%EC%BD%94%EB%82%98%20%ED%86%A0%ED%8A%B8%EB%B0%B1
2436,하나코 코코나 클리어 파일 세트,,,액세서리,스텔라이브,Stellive Store,,False,False,source_url_generic_storefront,generic_source,blocked_until_exact_product_url,60,하나코 코코나 클리어 파일 세트,https://www.google.com/search?q=%ED%95%98%EB%82%98%EC%BD%94%20%EC%BD%94%EC%BD%94%EB%82%98%20%ED%81%B4%EB%A6%AC%EC%96%B4%20%ED%8C%8C%EC%9D%BC%20%EC%84%B8%ED%8A%B8
2437,비비 데뷔 굿즈 박스,,,액세서리,스텔라이브,Stellive Store,,False,False,source_url_generic_storefront,generic_source,blocked_until_exact_product_url,60,비비 데뷔 굿즈 박스,https://www.google.com/search?q=%EB%B9%84%EB%B9%84%20%EB%8D%B0%EB%B7%94%20%EA%B5%BF%EC%A6%88%20%EB%B0%95%EC%8A%A4
2438,비비 생일 아크릴 스탠드,,,아크릴 스탠드,스텔라이브,Stellive Store,,False,False,source_url_generic_storefront,generic_source,blocked_until_exact_product_url,60,비비 생일 아크릴 스탠드,https://www.google.com/search?q=%EB%B9%84%EB%B9%84%20%EC%83%9D%EC%9D%BC%20%EC%95%84%ED%81%AC%EB%A6%B4%20%EC%8A%A4%ED%83%A0%EB%93%9C
2439,비비 봉제 인형,,,인형,스텔라이브,Stellive Store,,False,False,source_url_generic_storefront,generic_source,blocked_until_exact_product_url,60,비비 봉제 인형,https://www.google.com/search?q=%EB%B9%84%EB%B9%84%20%EB%B4%89%EC%A0%9C%20%EC%9D%B8%ED%98%95
2440,비비 아크릴 키링,,,액세서리,스텔라이브,Stellive Store,,False,False,source_url_generic_storefront,generic_source,blocked_until_exact_product_url,60,비비 아크릴 키링,https://www.google.com/search?q=%EB%B9%84%EB%B9%84%20%EC%95%84%ED%81%AC%EB%A6%B4%20%ED%82%A4%EB%A7%81
2443,린 봉제 인형,,,인형,스텔라이브,Stellive Store,,False,False,source_url_generic_storefront,generic_source,blocked_until_exact_product_url,60,린 봉제 인형,https://www.google.com/search?q=%EB%A6%B0%20%EB%B4%89%EC%A0%9C%20%EC%9D%B8%ED%98%95
2445,마유 데뷔 기념 아크릴 스탠드,,,아크릴 스탠드,스텔라이브,Stellive Store,,False,False,source_url_generic_storefront,generic_source,blocked_until_exact_product_url,60,마유 데뷔 기념 아크릴 스탠드,https://www.google.com/search?q=%EB%A7%88%EC%9C%A0%20%EB%8D%B0%EB%B7%94%20%EA%B8%B0%EB%85%90%20%EC%95%84%ED%81%AC%EB%A6%B4%20%EC%8A%A4%ED%83%A0%EB%93%9C
2446,마유 데뷔 굿즈 박스,,,액세서리,스텔라이브,Stellive Store,,False,False,source_url_generic_storefront,generic_source,blocked_until_exact_product_url,60,마유 데뷔 굿즈 박스,https://www.google.com/search?q=%EB%A7%88%EC%9C%A0%20%EB%8D%B0%EB%B7%94%20%EA%B5%BF%EC%A6%88%20%EB%B0%95%EC%8A%A4
2447,마유 봉제 인형,,,인형,스텔라이브,Stellive Store,,False,False,source_url_generic_storefront,generic_source,blocked_until_exact_product_url,60,마유 봉제 인형,https://www.google.com/search?q=%EB%A7%88%EC%9C%A0%20%EB%B4%89%EC%A0%9C%20%EC%9D%B8%ED%98%95
2448,마유 아크릴 키링,,,액세서리,스텔라이브,Stellive Store,,False,False,source_url_generic_storefront,generic_source,blocked_until_exact_product_url,60,마유 아크릴 키링,https://www.google.com/search?q=%EB%A7%88%EC%9C%A0%20%EC%95%84%ED%81%AC%EB%A6%B4%20%ED%82%A4%EB%A7%81
2453,스텔라이브 1주년 단체 클리어 파일 세트,,,액세서리,스텔라이브,Stellive Store,,False,False,source_url_generic_storefront,generic_source,blocked_until_exact_product_url,60,스텔라이브 1주년 단체 클리어 파일 세트,https://www.google.com/search?q=%EC%8A%A4%ED%85%94%EB%9D%BC%EC%9D%B4%EB%B8%8C%201%EC%A3%BC%EB%85%84%20%EB%8B%A8%EC%B2%B4%20%ED%81%B4%EB%A6%AC%EC%96%B4%20%ED%8C%8C%EC%9D%BC%20%EC%84%B8%ED%8A%B8
2454,스텔라이브 2주년 단체 굿즈 박스,,,액세서리,스텔라이브,Stellive Store,,False,False,source_url_generic_storefront,generic_source,blocked_until_exact_product_url,60,스텔라이브 2주년 단체 굿즈 박스,https://www.google.com/search?q=%EC%8A%A4%ED%85%94%EB%9D%BC%EC%9D%B4%EB%B8%8C%202%EC%A3%BC%EB%85%84%20%EB%8B%A8%EC%B2%B4%20%EA%B5%BF%EC%A6%88%20%EB%B0%95%EC%8A%A4
2458,후야 데뷔 기념 아크릴 스탠드,,,아크릴 스탠드,스텔라이브,Stellive Store,,False,False,source_url_generic_storefront,generic_source,blocked_until_exact_product_url,60,후야 데뷔 기념 아크릴 스탠드,https://www.google.com/search?q=%ED%9B%84%EC%95%BC%20%EB%8D%B0%EB%B7%94%20%EA%B8%B0%EB%85%90%20%EC%95%84%ED%81%AC%EB%A6%B4%20%EC%8A%A4%ED%83%A0%EB%93%9C
2459,후야 데뷔 굿즈 박스,,,액세서리,스텔라이브,Stellive Store,,False,False,source_url_generic_storefront,generic_source,blocked_until_exact_product_url,60,후야 데뷔 굿즈 박스,https://www.google.com/search?q=%ED%9B%84%EC%95%BC%20%EB%8D%B0%EB%B7%94%20%EA%B5%BF%EC%A6%88%20%EB%B0%95%EC%8A%A4
2460,후야 첫 생일 기념 아크릴 스탠드,,,아크릴 스탠드,스텔라이브,Stellive Store,,False,False,source_url_generic_storefront,generic_source,blocked_until_exact_product_url,60,후야 첫 생일 기념 아크릴 스탠드,https://www.google.com/search?q=%ED%9B%84%EC%95%BC%20%EC%B2%AB%20%EC%83%9D%EC%9D%BC%20%EA%B8%B0%EB%85%90%20%EC%95%84%ED%81%AC%EB%A6%B4%20%EC%8A%A4%ED%83%A0%EB%93%9C
2461,후야 마스코트 봉제 인형,,,인형,스텔라이브,Stellive Store,,False,False,source_url_generic_storefront,generic_source,blocked_until_exact_product_url,60,후야 마스코트 봉제 인형,https://www.google.com/search?q=%ED%9B%84%EC%95%BC%20%EB%A7%88%EC%8A%A4%EC%BD%94%ED%8A%B8%20%EB%B4%89%EC%A0%9C%20%EC%9D%B8%ED%98%95
2462,후야 아크릴 키링,,,액세서리,스텔라이브,Stellive Store,,False,False,source_url_generic_storefront,generic_source,blocked_until_exact_product_url,60,후야 아크릴 키링,https://www.google.com/search?q=%ED%9B%84%EC%95%BC%20%EC%95%84%ED%81%AC%EB%A6%B4%20%ED%82%A4%EB%A7%81
2464,후야 클리어 파일 세트,,,액세서리,스텔라이브,Stellive Store,,False,False,source_url_generic_storefront,generic_source,blocked_until_exact_product_url,60,후야 클리어 파일 세트,https://www.google.com/search?q=%ED%9B%84%EC%95%BC%20%ED%81%B4%EB%A6%AC%EC%96%B4%20%ED%8C%8C%EC%9D%BC%20%EC%84%B8%ED%8A%B8
17593,포켓몬 카드 게임 부스터 팩,,,트레이딩 카드,포켓몬,포켓몬 센터,,False,False,source_url_generic_storefront,generic_source,blocked_until_exact_product_url,60,포켓몬 카드 게임 부스터 팩,https://www.google.com/search?q=%ED%8F%AC%EC%BC%93%EB%AA%AC%20%EC%B9%B4%EB%93%9C%20%EA%B2%8C%EC%9E%84%20%EB%B6%80%EC%8A%A4%ED%84%B0%20%ED%8C%A9
17613,SEVENTEEN 포토카드 (랜덤),,,포토카드,SEVENTEEN,Weverse Shop,,False,False,source_url_generic_storefront,generic_source,blocked_until_exact_product_url,60,SEVENTEEN 포토카드 (랜덤),https://www.google.com/search?q=SEVENTEEN%20%ED%8F%AC%ED%86%A0%EC%B9%B4%EB%93%9C%20%28%EB%9E%9C%EB%8D%A4%29
17622,ZEROBASEONE 포토카드 (랜덤),,,포토카드,ZEROBASEONE,Weverse Shop,,False,False,source_url_generic_storefront,generic_source,blocked_until_exact_product_url,60,ZEROBASEONE 포토카드 (랜덤),https://www.google.com/search?q=ZEROBASEONE%20%ED%8F%AC%ED%86%A0%EC%B9%B4%EB%93%9C%20%28%EB%9E%9C%EB%8D%A4%29
17623,ILLIT 포토카드 (랜덤),,,포토카드,ILLIT,Weverse Shop,,False,False,source_url_generic_storefront,generic_source,blocked_until_exact_product_url,60,ILLIT 포토카드 (랜덤),https://www.google.com/search?q=ILLIT%20%ED%8F%AC%ED%86%A0%EC%B9%B4%EB%93%9C%20%28%EB%9E%9C%EB%8D%A4%29
936,치이카와 ご当地 아크릴 키홀더 (아사쿠사 카미나리몬),ちいかわ ご当地アクリルキーホルダー (浅草 雷門),,아크릴 키링,치이카와,ご当地ちいかわ 공식(API),https://www.jp-api.com/contents/NOD62/,False,False,source_url_manual_review,ambiguous_source,manual_confirmation_required,70,ちいかわ ご当地アクリルキーホルダー (浅草 雷門),https://www.google.com/search?q=%EC%B9%98%EC%9D%B4%EC%B9%B4%EC%99%80%20%E3%81%94%E5%BD%93%E5%9C%B0%20%EC%95%84%ED%81%AC%EB%A6%B4%20%ED%82%A4%ED%99%80%EB%8D%94%20%28%EC%95%84%EC%82%AC%EC%BF%A0%EC%82%AC%20%EC%B9%B4%EB%AF%B8%EB%82%98%EB%A6%AC%EB%AA%AC%29
937,우사기 ご当地 마스코트 (아사쿠사 깃발),うさぎ ご当地マスコット (浅草),,마스코트,치이카와,ご当地ちいかわ 공식(API),https://www.jp-api.com/contents/NOD62/,False,False,source_url_manual_review,ambiguous_source,manual_confirmation_required,70,うさぎ ご当地マスコット (浅草),https://www.google.com/search?q=%EC%9A%B0%EC%82%AC%EA%B8%B0%20%E3%81%94%E5%BD%93%E5%9C%B0%20%EB%A7%88%EC%8A%A4%EC%BD%94%ED%8A%B8%20%28%EC%95%84%EC%82%AC%EC%BF%A0%EC%82%AC%20%EA%B9%83%EB%B0%9C%29
938,치이카와 ご当地 미니 타올 (도쿄),ちいかわ ご当地ミニタオル (東京),,타월,치이카와,ご当地ちいかわ 공식(API),https://www.jp-api.com/contents/NOD62/,False,False,source_url_manual_review,ambiguous_source,manual_confirmation_required,70,ちいかわ ご当地ミニタオル (東京),https://www.google.com/search?q=%EC%B9%98%EC%9D%B4%EC%B9%B4%EC%99%80%20%E3%81%94%E5%BD%93%E5%9C%B0%20%EB%AF%B8%EB%8B%88%20%ED%83%80%EC%98%AC%20%28%EB%8F%84%EC%BF%84%29
941,우사기 ご当地 마스코트 (오사카 통천각),うさぎ ご当地マスコット (大阪 通天閣),,마스코트,치이카와,ご当地ちいかわ 공식(API),https://www.jp-api.com/contents/NOD62/,False,False,source_url_manual_review,ambiguous_source,manual_confirmation_required,70,うさぎ ご当地マスコット (大阪 通天閣),https://www.google.com/search?q=%EC%9A%B0%EC%82%AC%EA%B8%B0%20%E3%81%94%E5%BD%93%E5%9C%B0%20%EB%A7%88%EC%8A%A4%EC%BD%94%ED%8A%B8%20%28%EC%98%A4%EC%82%AC%EC%B9%B4%20%ED%86%B5%EC%B2%9C%EA%B0%81%29
942,치이카와 ご当地 아크릴 키홀더 (오사카 타코야키),ちいかわ ご当地アクリルキーホルダー (大阪 たこ焼き),,아크릴 키링,치이카와,ご当地ちいかわ 공식(API),https://www.jp-api.com/contents/NOD62/,False,False,source_url_manual_review,ambiguous_source,manual_confirmation_required,70,ちいかわ ご当地アクリルキーホルダー (大阪 たこ焼き),https://www.google.com/search?q=%EC%B9%98%EC%9D%B4%EC%B9%B4%EC%99%80%20%E3%81%94%E5%BD%93%E5%9C%B0%20%EC%95%84%ED%81%AC%EB%A6%B4%20%ED%82%A4%ED%99%80%EB%8D%94%20%28%EC%98%A4%EC%82%AC%EC%B9%B4%20%ED%83%80%EC%BD%94%EC%95%BC%ED%82%A4%29
943,치이카와 ご当地 미니 타올 (오사카),ちいかわ ご当地ミニタオル (大阪),,타월,치이카와,ご当地ちいかわ 공식(API),https://www.jp-api.com/contents/NOD62/,False,False,source_url_manual_review,ambiguous_source,manual_confirmation_required,70,ちいかわ ご当地ミニタオル (大阪),https://www.google.com/search?q=%EC%B9%98%EC%9D%B4%EC%B9%B4%EC%99%80%20%E3%81%94%E5%BD%93%E5%9C%B0%20%EB%AF%B8%EB%8B%88%20%ED%83%80%EC%98%AC%20%28%EC%98%A4%EC%82%AC%EC%B9%B4%29
944,치이카와 ご当地 마스코트 (교토 마이코),ちいかわ ご当地マスコット (京都 舞妓),,마스코트,치이카와,ご当地ちいかわ 공식(API),https://www.jp-api.com/contents/NOD62/,False,False,source_url_manual_review,ambiguous_source,manual_confirmation_required,70,ちいかわ ご当地マスコット (京都 舞妓),https://www.google.com/search?q=%EC%B9%98%EC%9D%B4%EC%B9%B4%EC%99%80%20%E3%81%94%E5%BD%93%E5%9C%B0%20%EB%A7%88%EC%8A%A4%EC%BD%94%ED%8A%B8%20%28%EA%B5%90%ED%86%A0%20%EB%A7%88%EC%9D%B4%EC%BD%94%29
945,하치와레 ご当地 마스코트 (교토 마이코),ハチワレ ご当地マスコット (京都 舞妓),,마스코트,치이카와,ご当地ちいかわ 공식(API),https://www.jp-api.com/contents/NOD62/,False,False,source_url_manual_review,ambiguous_source,manual_confirmation_required,70,ハチワレ ご当地マスコット (京都 舞妓),https://www.google.com/search?q=%ED%95%98%EC%B9%98%EC%99%80%EB%A0%88%20%E3%81%94%E5%BD%93%E5%9C%B0%20%EB%A7%88%EC%8A%A4%EC%BD%94%ED%8A%B8%20%28%EA%B5%90%ED%86%A0%20%EB%A7%88%EC%9D%B4%EC%BD%94%29
946,우사기 ご当地 아크릴 키홀더 (교토 키요미즈데라),うさぎ ご当地アクリルキーホルダー (京都 清水寺),,아크릴 키링,치이카와,ご当地ちいかわ 공식(API),https://www.jp-api.com/contents/NOD62/,False,False,source_url_manual_review,ambiguous_source,manual_confirmation_required,70,うさぎ ご当地アクリルキーホルダー (京都 清水寺),https://www.google.com/search?q=%EC%9A%B0%EC%82%AC%EA%B8%B0%20%E3%81%94%E5%BD%93%E5%9C%B0%20%EC%95%84%ED%81%AC%EB%A6%B4%20%ED%82%A4%ED%99%80%EB%8D%94%20%28%EA%B5%90%ED%86%A0%20%ED%82%A4%EC%9A%94%EB%AF%B8%EC%A6%88%EB%8D%B0%EB%9D%BC%29
950,치이카와 ご当地 미니 타올 (홋카이도),ちいかわ ご当地ミニタオル (北海道),,타월,치이카와,ご当地ちいかわ 공식(API),https://www.jp-api.com/contents/NOD62/,False,False,source_url_manual_review,ambiguous_source,manual_confirmation_required,70,ちいかわ ご当地ミニタオル (北海道),https://www.google.com/search?q=%EC%B9%98%EC%9D%B4%EC%B9%B4%EC%99%80%20%E3%81%94%E5%BD%93%E5%9C%B0%20%EB%AF%B8%EB%8B%88%20%ED%83%80%EC%98%AC%20%28%ED%99%8B%EC%B9%B4%EC%9D%B4%EB%8F%84%29
953,하치와레 ご当地 마스코트 (후쿠오카 라멘),ハチワレ ご当地マスコット (福岡 ラーメン),,마스코트,치이카와,ご当地ちいかわ 공식(API),https://www.jp-api.com/contents/NOD62/,False,False,source_url_manual_review,ambiguous_source,manual_confirmation_required,70,ハチワレ ご当地マスコット (福岡 ラーメン),https://www.google.com/search?q=%ED%95%98%EC%B9%98%EC%99%80%EB%A0%88%20%E3%81%94%E5%BD%93%E5%9C%B0%20%EB%A7%88%EC%8A%A4%EC%BD%94%ED%8A%B8%20%28%ED%9B%84%EC%BF%A0%EC%98%A4%EC%B9%B4%20%EB%9D%BC%EB%A9%98%29
954,치이카와 ご当地 마스코트 (나고야 샤치호코),ちいかわ ご当地マスコット (名古屋 金鯱),,마스코트,치이카와,ご当地ちいかわ 공식(API),https://www.jp-api.com/contents/NOD62/,False,False,source_url_manual_review,ambiguous_source,manual_confirmation_required,70,ちいかわ ご当地マスコット (名古屋 金鯱),https://www.google.com/search?q=%EC%B9%98%EC%9D%B4%EC%B9%B4%EC%99%80%20%E3%81%94%E5%BD%93%E5%9C%B0%20%EB%A7%88%EC%8A%A4%EC%BD%94%ED%8A%B8%20%28%EB%82%98%EA%B3%A0%EC%95%BC%20%EC%83%A4%EC%B9%98%ED%98%B8%EC%BD%94%29
955,우사기 ご当地 마스코트 (나고야 테바사키),うさぎ ご当地マスコット (名古屋 手羽先),,마스코트,치이카와,ご当地ちいかわ 공식(API),https://www.jp-api.com/contents/NOD62/,False,False,source_url_manual_review,ambiguous_source,manual_confirmation_required,70,うさぎ ご当地マスコット (名古屋 手羽先),https://www.google.com/search?q=%EC%9A%B0%EC%82%AC%EA%B8%B0%20%E3%81%94%E5%BD%93%E5%9C%B0%20%EB%A7%88%EC%8A%A4%EC%BD%94%ED%8A%B8%20%28%EB%82%98%EA%B3%A0%EC%95%BC%20%ED%85%8C%EB%B0%94%EC%82%AC%ED%82%A4%29
956,치이카와 ご当地 마스코트 (고베 포트타워),ちいかわ ご当地マスコット (神戸 ポートタワー),,마스코트,치이카와,ご当地ちいかわ 공식(API),https://www.jp-api.com/contents/NOD62/,False,False,source_url_manual_review,ambiguous_source,manual_confirmation_required,70,ちいかわ ご当地マスコット (神戸 ポートタワー),https://www.google.com/search?q=%EC%B9%98%EC%9D%B4%EC%B9%B4%EC%99%80%20%E3%81%94%E5%BD%93%E5%9C%B0%20%EB%A7%88%EC%8A%A4%EC%BD%94%ED%8A%B8%20%28%EA%B3%A0%EB%B2%A0%20%ED%8F%AC%ED%8A%B8%ED%83%80%EC%9B%8C%29
957,하치와레 ご当地 아크릴 키홀더 (고베),ハチワレ ご当地アクリルキーホルダー (神戸),,아크릴 키링,치이카와,ご当地ちいかわ 공식(API),https://www.jp-api.com/contents/NOD62/,False,False,source_url_manual_review,ambiguous_source,manual_confirmation_required,70,ハチワレ ご当地アクリルキーホルダー (神戸),https://www.google.com/search?q=%ED%95%98%EC%B9%98%EC%99%80%EB%A0%88%20%E3%81%94%E5%BD%93%E5%9C%B0%20%EC%95%84%ED%81%AC%EB%A6%B4%20%ED%82%A4%ED%99%80%EB%8D%94%20%28%EA%B3%A0%EB%B2%A0%29
958,치이카와 ご当地 마스코트 (요코하마 차이나타운),ちいかわ ご当地マスコット (横浜 中華街),,마스코트,치이카와,ご当地ちいかわ 공식(API),https://www.jp-api.com/contents/NOD62/,False,False,source_url_manual_review,ambiguous_source,manual_confirmation_required,70,ちいかわ ご当地マスコット (横浜 中華街),https://www.google.com/search?q=%EC%B9%98%EC%9D%B4%EC%B9%B4%EC%99%80%20%E3%81%94%E5%BD%93%E5%9C%B0%20%EB%A7%88%EC%8A%A4%EC%BD%94%ED%8A%B8%20%28%EC%9A%94%EC%BD%94%ED%95%98%EB%A7%88%20%EC%B0%A8%EC%9D%B4%EB%82%98%ED%83%80%EC%9A%B4%29
959,하치와레 ご当地 마스코트 (요코하마 마린타워),ハチワレ ご当地マスコット (横浜 マリンタワー),,마스코트,치이카와,ご当地ちいかわ 공식(API),https://www.jp-api.com/contents/NOD62/,False,False,source_url_manual_review,ambiguous_source,manual_confirmation_required,70,ハチワレ ご当地マスコット (横浜 マリンタワー),https://www.google.com/search?q=%ED%95%98%EC%B9%98%EC%99%80%EB%A0%88%20%E3%81%94%E5%BD%93%E5%9C%B0%20%EB%A7%88%EC%8A%A4%EC%BD%94%ED%8A%B8%20%28%EC%9A%94%EC%BD%94%ED%95%98%EB%A7%88%20%EB%A7%88%EB%A6%B0%ED%83%80%EC%9B%8C%29
960,치이카와 ご当地 마스코트 (카와고에 토키노카네),ちいかわ ご当地マスコット (川越 時の鐘),,마스코트,치이카와,ご当地ちいかわ 공식(API),https://www.jp-api.com/contents/NOD62/,False,False,source_url_manual_review,ambiguous_source,manual_confirmation_required,70,ちいかわ ご当地マスコット (川越 時の鐘),https://www.google.com/search?q=%EC%B9%98%EC%9D%B4%EC%B9%B4%EC%99%80%20%E3%81%94%E5%BD%93%E5%9C%B0%20%EB%A7%88%EC%8A%A4%EC%BD%94%ED%8A%B8%20%28%EC%B9%B4%EC%99%80%EA%B3%A0%EC%97%90%20%ED%86%A0%ED%82%A4%EB%85%B8%EC%B9%B4%EB%84%A4%29
967,랏코 ご当地 마스코트 (홋카이도),ラッコ ご当地マスコット (北海道),,마스코트,치이카와,ご当地ちいかわ 공식(API),https://www.jp-api.com/contents/NOD62/,False,False,source_url_manual_review,ambiguous_source,manual_confirmation_required,70,ラッコ ご当地マスコット (北海道),https://www.google.com/search?q=%EB%9E%8F%EC%BD%94%20%E3%81%94%E5%BD%93%E5%9C%B0%20%EB%A7%88%EC%8A%A4%EC%BD%94%ED%8A%B8%20%28%ED%99%8B%EC%B9%B4%EC%9D%B4%EB%8F%84%29
968,치이카와 ご当地 러버 마그넷 (도쿄),ちいかわ ご当地ラバーマグネット (東京),,마그넷,치이카와,ご当地ちいかわ 공식(API),https://www.jp-api.com/contents/NOD62/,False,False,source_url_manual_review,ambiguous_source,manual_confirmation_required,70,ちいかわ ご当地ラバーマグネット (東京),https://www.google.com/search?q=%EC%B9%98%EC%9D%B4%EC%B9%B4%EC%99%80%20%E3%81%94%E5%BD%93%E5%9C%B0%20%EB%9F%AC%EB%B2%84%20%EB%A7%88%EA%B7%B8%EB%84%B7%20%28%EB%8F%84%EC%BF%84%29
969,치이카와 ご当地 러버 마그넷 (오사카),ちいかわ ご当地ラバーマグネット (大阪),,마그넷,치이카와,ご当地ちいかわ 공식(API),https://www.jp-api.com/contents/NOD62/,False,False,source_url_manual_review,ambiguous_source,manual_confirmation_required,70,ちいかわ ご当地ラバーマグネット (大阪),https://www.google.com/search?q=%EC%B9%98%EC%9D%B4%EC%B9%B4%EC%99%80%20%E3%81%94%E5%BD%93%E5%9C%B0%20%EB%9F%AC%EB%B2%84%20%EB%A7%88%EA%B7%B8%EB%84%B7%20%28%EC%98%A4%EC%82%AC%EC%B9%B4%29
970,치이카와 ご当地 캔뱃지 (교토),ちいかわ ご当地缶バッジ (京都),,캔뱃지,치이카와,ご当地ちいかわ 공식(API),https://www.jp-api.com/contents/NOD62/,False,False,source_url_manual_review,ambiguous_source,manual_confirmation_required,70,ちいかわ ご当地缶バッジ (京都),https://www.google.com/search?q=%EC%B9%98%EC%9D%B4%EC%B9%B4%EC%99%80%20%E3%81%94%E5%BD%93%E5%9C%B0%20%EC%BA%94%EB%B1%83%EC%A7%80%20%28%EA%B5%90%ED%86%A0%29
971,하치와레 ご当地 캔뱃지 (홋카이도),ハチワレ ご当地缶バッジ (北海道),,캔뱃지,치이카와,ご当地ちいかわ 공식(API),https://www.jp-api.com/contents/NOD62/,False,False,source_url_manual_review,ambiguous_source,manual_confirmation_required,70,ハチワレ ご当地缶バッジ (北海道),https://www.google.com/search?q=%ED%95%98%EC%B9%98%EC%99%80%EB%A0%88%20%E3%81%94%E5%BD%93%E5%9C%B0%20%EC%BA%94%EB%B1%83%EC%A7%80%20%28%ED%99%8B%EC%B9%B4%EC%9D%B4%EB%8F%84%29
